timestamp,pm10,pm25,no2,o3,co,temperature,humidity,wind_speed,pressure
2026-01-08 00:00:00,224.4,221.2,64.1,14.0,2708.0,6.9,96,1.3,995.2
2026-01-08 01:00:00,210.9,208.2,62.2,13.0,2728.0,7.0,98,1.6,995.6
2026-01-08 02:00:00,209.5,205.4,59.4,13.0,2832.0,6.8,99,2.6,996.5
2026-01-08 03:00:00,209.1,204.9,55.6,21.0,2837.0,7.0,98,3.8,997.4
2026-01-08 04:00:00,205.8,201.2,50.7,43.0,2640.0,7.9,97,3.8,998.0
2026-01-08 05:00:00,190.9,185.8,44.7,73.0,2345.0,9.1,97,4.0,998.5
2026-01-08 06:00:00,181.1,176.5,38.4,104.0,2075.0,9.7,90,4.2,999.0
2026-01-08 07:00:00,155.5,150.4,28.1,141.0,1780.0,11.2,84,2.8,998.5
2026-01-08 08:00:00,137.4,132.2,17.5,179.0,1511.0,12.8,77,2.3,997.5
2026-01-08 09:00:00,123.9,118.5,17.3,197.0,1546.0,13.5,75,2.2,996.6
2026-01-08 10:00:00,115.5,110.1,35.0,183.0,1977.0,13.7,73,1.6,995.7
2026-01-08 11:00:00,116.4,111.5,63.1,149.0,2713.0,13.6,73,1.6,995.1
2026-01-08 12:00:00,137.8,131.3,80.3,74.0,3758.0,10.9,84,1.4,995.1
2026-01-08 13:00:00,172.8,166.2,87.8,60.0,5561.0,9.8,86,0.2,995.0
2026-01-08 14:00:00,207.2,200.2,98.2,40.0,7673.0,8.7,91,2.1,995.1
2026-01-08 15:00:00,237.5,230.5,106.5,23.0,8756.0,7.6,94,3.5,995.2
2026-01-08 16:00:00,259.8,253.3,111.2,12.0,7947.0,6.7,96,3.3,995.2
2026-01-08 17:00:00,272.9,266.4,113.9,5.0,6109.0,6.0,99,3.8,995.1
2026-01-08 18:00:00,257.0,250.5,114.2,0.0,4495.0,6.6,100,3.1,995.5
2026-01-08 19:00:00,232.4,225.8,111.6,0.0,3518.0,6.9,100,2.8,995.1
2026-01-08 20:00:00,219.8,212.8,106.8,0.0,2765.0,6.9,99,2.8,995.3
2026-01-08 21:00:00,215.6,208.6,101.2,0.0,2254.0,7.3,100,4.2,995.4
2026-01-08 22:00:00,210.5,203.5,95.6,1.0,2066.0,7.7,99,4.0,995.5
2026-01-08 23:00:00,206.8,199.8,89.3,2.0,2120.0,7.6,99,3.1,995.1
2026-01-09 00:00:00,208.2,203.0,45.3,19.0,2192.0,5.8,100,3.1,995.3
2026-01-09 01:00:00,203.0,199.8,44.2,12.0,2240.0,5.7,97,2.4,995.6
2026-01-09 02:00:00,203.0,200.7,42.7,4.0,2307.0,5.8,98,2.9,996.5
2026-01-09 03:00:00,202.1,200.7,41.3,6.0,2295.0,6.1,99,3.5,997.0
2026-01-09 04:00:00,170.0,169.0,41.0,24.0,2132.0,6.9,98,3.3,997.7
2026-01-09 05:00:00,139.7,137.8,40.9,53.0,1890.0,8.0,96,3.5,998.3
2026-01-09 06:00:00,143.0,138.8,38.2,84.0,1692.0,8.4,92,3.3,998.8
2026-01-09 07:00:00,122.0,116.9,28.4,122.0,1550.0,9.6,86,2.4,998.2
2026-01-09 08:00:00,105.0,99.7,16.1,163.0,1450.0,11.3,77,0.8,997.7
2026-01-09 09:00:00,91.5,86.4,12.5,183.0,1477.0,12.1,74,1.5,996.9
2026-01-09 10:00:00,84.5,79.6,24.9,168.0,1715.0,12.5,74,2.2,996.2
2026-01-09 11:00:00,84.8,80.1,46.0,132.0,2079.0,12.3,74,2.4,995.9
2026-01-09 12:00:00,108.3,103.4,55.5,97.0,2394.0,11.3,80,1.1,995.5
2026-01-09 13:00:00,128.1,123.4,64.6,81.0,2630.0,9.8,84,3.4,995.3
2026-01-09 14:00:00,137.4,133.6,77.0,58.0,2817.0,8.9,86,4.7,995.2
2026-01-09 15:00:00,144.4,140.6,85.3,41.0,2875.0,8.2,86,5.2,995.4
2026-01-09 16:00:00,151.8,148.1,85.5,34.0,2709.0,7.6,87,5.3,995.4
2026-01-09 17:00:00,163.9,160.7,81.6,32.0,2413.0,7.1,89,5.3,995.2
2026-01-09 18:00:00,177.0,173.7,77.9,30.0,2186.0,6.5,95,5.4,995.0
2026-01-09 19:00:00,184.4,181.1,77.1,24.0,2129.0,6.4,95,5.0,994.6
2026-01-09 20:00:00,189.1,185.8,76.5,18.0,2140.0,5.9,96,4.6,994.3
2026-01-09 21:00:00,192.8,189.5,73.1,16.0,2116.0,5.4,97,4.4,994.3
2026-01-09 22:00:00,195.6,192.3,62.6,23.0,1922.0,4.9,98,4.1,994.1
2026-01-09 23:00:00,191.4,188.6,49.1,34.0,1692.0,4.5,100,5.2,993.4
2026-01-10 00:00:00,167.6,164.8,44.0,48.0,1725.0,4.6,99,5.1,993.9
2026-01-10 01:00:00,157.4,154.6,48.6,39.0,2340.0,4.2,99,5.2,994.2
2026-01-10 02:00:00,169.5,166.7,54.6,29.0,3219.0,4.1,98,4.2,994.6
2026-01-10 03:00:00,188.1,185.8,56.0,35.0,3705.0,4.6,95,3.9,994.8
2026-01-10 04:00:00,187.7,185.8,48.9,72.0,3428.0,5.0,95,1.7,995.5
2026-01-10 05:00:00,179.3,177.9,37.1,126.0,2758.0,6.6,97,2.2,996.0
2026-01-10 06:00:00,150.4,148.5,26.8,168.0,2149.0,7.8,90,5.7,996.5
2026-01-10 07:00:00,113.2,111.3,16.8,190.0,1700.0,10.3,82,4.2,995.9
2026-01-10 08:00:00,94.1,91.7,8.3,199.0,1313.0,11.7,76,4.4,995.0
2026-01-10 09:00:00,84.8,82.2,9.9,194.0,1146.0,12.5,71,3.8,994.4
2026-01-10 10:00:00,79.4,76.6,29.6,166.0,1323.0,12.8,69,4.0,994.0
2026-01-10 11:00:00,82.4,80.1,59.6,123.0,1721.0,12.5,70,4.7,993.9
2026-01-10 12:00:00,109.9,107.3,71.8,84.0,2129.0,10.1,84,3.5,993.9
2026-01-10 13:00:00,131.8,129.5,80.5,67.0,2536.0,8.9,86,4.0,994.2
2026-01-10 14:00:00,143.9,141.6,92.3,44.0,2953.0,8.3,87,4.8,994.7
2026-01-10 15:00:00,154.6,152.3,99.9,27.0,3204.0,7.7,88,5.5,994.7
2026-01-10 16:00:00,163.9,161.6,101.1,20.0,3200.0,7.1,90,5.5,995.3
2026-01-10 17:00:00,171.8,169.5,98.2,18.0,3031.0,6.6,92,5.7,995.5
2026-01-10 18:00:00,181.6,179.3,90.6,21.0,2787.0,6.1,96,5.2,995.7
2026-01-10 19:00:00,183.5,182.1,75.1,31.0,2428.0,5.5,96,5.4,995.8
2026-01-10 20:00:00,170.9,169.0,54.9,45.0,1994.0,5.6,95,6.1,996.0
2026-01-10 21:00:00,156.9,155.5,38.9,56.0,1701.0,4.7,96,6.2,995.9
2026-01-10 22:00:00,148.5,147.1,29.3,60.0,1617.0,4.1,97,5.9,995.9
2026-01-10 23:00:00,145.8,144.4,24.0,60.0,1674.0,3.8,97,3.8,995.3
2026-01-11 00:00:00,165.3,163.4,34.7,51.0,1878.0,3.7,100,4.4,995.4
2026-01-11 01:00:00,174.6,173.2,47.9,37.0,2381.0,3.5,100,1.3,995.7
2026-01-11 02:00:00,200.2,198.8,65.4,19.0,3032.0,3.4,99,2.4,996.1
2026-01-11 03:00:00,216.5,214.7,73.1,20.0,3382.0,4.3,95,4.5,997.0
2026-01-11 04:00:00,172.3,171.4,61.6,55.0,3166.0,5.4,97,4.9,998.5
2026-01-11 05:00:00,146.7,145.8,40.3,109.0,2649.0,7.3,95,2.2,999.4
2026-01-11 06:00:00,119.0,117.8,23.3,154.0,2186.0,9.1,84,4.0,999.4
2026-01-11 07:00:00,102.2,100.8,14.2,183.0,1851.0,10.8,78,4.5,998.9
2026-01-11 08:00:00,94.5,93.1,9.3,203.0,1569.0,12.0,74,4.7,997.7
2026-01-11 09:00:00,88.9,87.8,11.8,206.0,1465.0,12.7,72,6.3,997.1
2026-01-11 10:00:00,85.4,84.1,26.3,182.0,1657.0,13.0,71,5.5,996.4
2026-01-11 11:00:00,89.2,88.2,48.3,141.0,2026.0,12.6,74,5.4,995.9
2026-01-11 12:00:00,105.7,104.8,67.2,104.0,2344.0,10.7,83,3.9,995.4
2026-01-11 13:00:00,123.9,122.9,81.0,78.0,2548.0,9.4,85,4.7,995.7
2026-01-11 14:00:00,135.5,134.6,91.7,56.0,2699.0,8.9,86,3.6,995.6
2026-01-11 15:00:00,143.0,141.6,94.7,43.0,2755.0,8.1,88,3.8,995.6
2026-01-11 16:00:00,147.1,146.2,85.4,44.0,2661.0,7.5,90,3.6,995.5
2026-01-11 17:00:00,150.9,149.9,68.5,53.0,2471.0,6.7,93,3.6,995.3
2026-01-11 18:00:00,152.3,151.3,53.3,61.0,2305.0,6.2,92,6.0,995.7
2026-01-11 19:00:00,148.5,147.6,42.5,64.0,2195.0,5.5,93,4.9,995.0
2026-01-11 20:00:00,145.8,144.8,33.3,66.0,2109.0,5.1,94,5.4,994.6
2026-01-11 21:00:00,143.4,142.5,26.9,66.0,2068.0,4.9,94,4.3,994.4
2026-01-11 22:00:00,141.1,140.2,23.3,63.0,1984.0,4.9,94,3.7,994.3
2026-01-11 23:00:00,140.6,139.7,22.4,59.0,1945.0,4.9,94,3.2,993.8
2026-01-12 00:00:00,145.3,144.4,19.8,71.0,2231.0,4.6,97,1.9,993.6
2026-01-12 01:00:00,154.6,153.2,35.5,52.0,3252.0,4.1,100,2.3,994.1
2026-01-12 02:00:00,173.7,172.3,56.6,28.0,4599.0,3.7,100,3.2,994.3
2026-01-12 03:00:00,195.1,193.7,68.3,22.0,5328.0,4.6,99,4.0,994.7
2026-01-12 04:00:00,179.3,178.3,61.9,48.0,4871.0,6.1,98,1.8,995.9
2026-01-12 05:00:00,162.5,161.1,46.0,92.0,3795.0,8.5,90,1.2,996.6
2026-01-12 06:00:00,143.4,142.0,32.2,131.0,2860.0,9.7,82,2.2,997.8
2026-01-12 07:00:00,122.0,120.6,20.9,162.0,2208.0,11.4,77,1.9,997.1
2026-01-12 08:00:00,105.7,104.5,11.6,188.0,1697.0,12.8,72,2.2,996.5
2026-01-12 09:00:00,96.4,95.2,14.3,194.0,1656.0,13.7,68,1.4,995.7
2026-01-12 10:00:00,93.4,92.4,38.1,167.0,2287.0,14.0,67,0.4,995.2
2026-01-12 11:00:00,102.0,101.0,73.8,121.0,3388.0,13.7,69,1.7,994.7
2026-01-12 12:00:00,136.0,135.0,78.2,98.0,4683.0,11.4,79,3.9,994.9
2026-01-12 13:00:00,167.6,166.2,98.1,69.0,6307.0,9.8,84,4.2,995.1
2026-01-12 14:00:00,200.7,199.3,125.2,29.0,8126.0,8.6,88,4.3,995.6
2026-01-12 15:00:00,229.1,227.7,142.7,0.0,9460.0,7.9,91,3.8,996.0
2026-01-12 16:00:00,240.3,238.0,141.4,0.0,10034.0,7.2,94,2.3,996.5
2026-01-12 17:00:00,245.9,243.1,130.5,0.0,10125.0,6.7,96,1.0,996.9
2026-01-12 18:00:00,251.5,246.8,120.3,0.0,9881.0,6.5,97,2.2,997.3
2026-01-12 19:00:00,246.8,241.2,114.4,0.0,9184.0,6.1,98,1.5,997.0
2026-01-12 20:00:00,239.3,234.7,109.2,0.0,8152.0,5.5,100,2.2,996.8
2026-01-12 21:00:00,233.8,229.1,104.0,1.0,7294.0,5.0,100,2.9,996.6
2026-01-12 22:00:00,228.6,224.4,98.3,2.0,6826.0,4.7,100,2.7,996.3
2026-01-12 23:00:00,224.9,221.2,92.8,3.0,6533.0,4.7,99,1.8,995.7
2026-01-13 00:00:00,219.8,218.4,84.5,0.0,6269.0,4.3,99,1.1,995.6
2026-01-13 01:00:00,228.2,226.3,81.7,0.0,6027.0,3.9,99,1.3,995.6
2026-01-13 02:00:00,257.0,253.3,77.5,0.0,5816.0,4.2,99,1.1,996.2
2026-01-13 03:00:00,308.3,307.3,71.2,4.0,5518.0,4.7,97,0.6,996.7
2026-01-13 04:00:00,316.6,315.7,61.8,46.0,5080.0,5.7,97,1.5,997.2
2026-01-13 05:00:00,245.9,244.9,50.3,105.0,4556.0,6.9,98,2.1,997.8
2026-01-13 06:00:00,161.6,160.2,39.6,153.0,3983.0,8.2,93,1.9,997.9
2026-01-13 07:00:00,132.7,131.3,27.6,185.0,3227.0,10.9,84,1.4,997.0
2026-01-13 08:00:00,118.7,117.8,16.3,207.0,2424.0,12.5,77,2.7,995.6
2026-01-13 09:00:00,110.4,109.4,14.8,210.0,2016.0,13.5,72,3.4,994.7
2026-01-13 10:00:00,104.3,103.6,30.2,184.0,2179.0,13.8,71,3.5,993.9
2026-01-13 11:00:00,106.9,106.4,55.4,138.0,2738.0,13.5,73,3.5,993.2
2026-01-13 12:00:00,165.3,163.9,77.7,103.0,3612.0,11.5,81,0.4,992.8
2026-01-13 13:00:00,190.9,189.5,91.9,80.0,5184.0,10.3,84,0.4,992.7
2026-01-13 14:00:00,222.6,221.7,111.4,48.0,7071.0,9.7,87,0.4,992.8
2026-01-13 15:00:00,257.0,255.2,125.9,22.0,8047.0,9.1,90,0.9,992.5
2026-01-13 16:00:00,284.1,283.1,132.6,8.0,7325.0,8.4,92,1.9,992.5
2026-01-13 17:00:00,301.7,300.8,134.3,0.0,5691.0,7.8,94,3.4,992.2
2026-01-13 18:00:00,299.0,297.1,128.8,0.0,4276.0,7.3,95,4.6,992.3
2026-01-13 19:00:00,268.2,266.4,111.9,10.0,3459.0,7.0,96,5.1,992.0
2026-01-13 20:00:00,239.3,238.4,87.9,28.0,2861.0,6.8,97,4.3,991.4
2026-01-13 21:00:00,224.4,223.5,66.9,42.0,2479.0,6.4,97,2.9,991.4
2026-01-13 22:00:00,217.5,216.5,50.8,50.0,2329.0,5.8,100,1.5,990.9
2026-01-13 23:00:00,214.2,213.3,37.7,55.0,2396.0,5.4,100,1.4,990.4
2026-01-14 00:00:00,232.8,231.9,49.1,47.0,2624.0,5.0,100,1.7,990.5
2026-01-14 01:00:00,233.8,232.8,60.6,34.0,3143.0,4.8,98,0.8,990.7
2026-01-14 02:00:00,250.5,249.6,75.7,18.0,3824.0,4.9,96,0.3,991.0
2026-01-14 03:00:00,266.4,265.4,82.0,24.0,4228.0,4.8,96,0.2,991.4
2026-01-14 04:00:00,251.5,250.5,71.3,70.0,4134.0,5.7,99,1.6,992.2
2026-01-14 05:00:00,231.0,230.5,51.7,137.0,3763.0,7.5,95,1.8,993.0
2026-01-14 06:00:00,206.3,205.8,35.0,192.0,3339.0,7.9,93,1.0,993.0
2026-01-14 07:00:00,173.7,173.2,22.4,225.0,2797.0,10.8,85,1.5,992.6
2026-01-14 08:00:00,146.7,146.2,12.6,245.0,2203.0,12.5,78,1.6,991.5
2026-01-14 09:00:00,129.9,129.5,13.5,245.0,1979.0,13.6,74,1.8,990.8
2026-01-14 10:00:00,118.3,118.0,32.6,213.0,2373.0,14.1,72,2.1,990.3
2026-01-14 11:00:00,118.3,117.8,62.3,160.0,3138.0,13.8,73,2.5,989.9
2026-01-14 12:00:00,185.3,184.4,100.9,100.0,3955.0,12.0,77,1.7,989.7
2026-01-14 13:00:00,206.8,205.8,108.8,76.0,4896.0,10.8,78,1.5,990.1
2026-01-14 14:00:00,218.9,217.5,119.6,44.0,5890.0,9.5,83,2.7,990.4
2026-01-14 15:00:00,225.8,224.4,126.7,18.0,6402.0,8.0,90,3.8,990.8
2026-01-14 16:00:00,240.3,239.3,127.3,7.0,6060.0,7.1,94,4.0,991.1
2026-01-14 17:00:00,258.9,258.0,124.3,2.0,5237.0,6.5,96,3.4,991.3
2026-01-14 18:00:00,265.4,264.5,119.5,0.0,4517.0,6.3,100,3.9,991.6
2026-01-14 19:00:00,252.4,251.5,112.8,0.0,4093.0,5.9,100,3.9,991.7
2026-01-14 20:00:00,242.1,241.2,104.3,0.0,3773.0,5.5,100,2.7,991.4
2026-01-14 21:00:00,235.6,234.2,96.6,1.0,3564.0,5.1,99,2.0,991.1
2026-01-14 22:00:00,230.5,229.6,90.7,2.0,3450.0,4.9,98,1.3,990.9
2026-01-14 23:00:00,229.1,228.2,85.6,4.0,3446.0,4.8,98,0.9,990.9
2026-01-15 00:00:00,256.1,255.2,52.9,20.0,3607.0,4.8,98,1.6,991.0
2026-01-15 01:00:00,257.0,256.1,53.4,12.0,4049.0,5.1,99,0.6,991.4
2026-01-15 02:00:00,262.6,261.7,54.1,3.0,4656.0,5.2,96,1.0,991.6
2026-01-15 03:00:00,272.9,271.9,55.0,9.0,5135.0,5.8,90,1.5,992.0
2026-01-15 04:00:00,278.5,278.5,58.0,41.0,5456.0,6.7,97,1.5,992.7
2026-01-15 05:00:00,271.9,271.9,61.4,88.0,5649.0,7.6,92,0.9,993.3
2026-01-15 06:00:00,252.4,251.5,59.4,136.0,5515.0,7.8,99,1.5,993.9
2026-01-15 07:00:00,220.3,219.8,44.6,189.0,4742.0,10.1,93,1.0,993.8
2026-01-15 08:00:00,164.8,163.9,24.6,242.0,3642.0,12.6,84,1.4,992.7
2026-01-15 09:00:00,125.3,124.3,16.5,265.0,2955.0,14.1,76,1.2,991.4
2026-01-15 10:00:00,104.8,104.1,30.4,238.0,2923.0,14.7,73,2.2,990.8
2026-01-15 11:00:00,101.5,101.0,56.2,182.0,3303.0,14.5,73,2.9,990.5
2026-01-15 12:00:00,189.5,187.7,103.8,115.0,4104.0,11.9,83,2.6,990.2
2026-01-15 13:00:00,217.9,216.1,124.3,83.0,5693.0,10.6,86,1.9,990.2
2026-01-15 14:00:00,246.8,244.9,152.1,38.0,7704.0,10.2,86,0.4,990.6
2026-01-15 15:00:00,273.8,271.9,169.7,5.0,9046.0,9.0,91,1.3,990.7
2026-01-15 16:00:00,296.2,294.3,168.4,0.0,9117.0,7.6,96,2.7,990.9
2026-01-15 17:00:00,313.9,312.0,156.8,0.0,8520.0,6.8,99,2.6,991.1
2026-01-15 18:00:00,323.2,321.3,143.5,0.0,7971.0,5.6,100,1.8,991.2
2026-01-15 19:00:00,312.9,311.1,129.8,2.0,7790.0,4.2,100,1.3,990.8
2026-01-15 20:00:00,293.4,290.6,114.3,5.0,7657.0,3.8,99,1.5,990.3
2026-01-15 21:00:00,274.7,272.9,101.4,8.0,7335.0,3.9,99,1.8,990.1
2026-01-15 22:00:00,263.6,261.7,92.4,9.0,6576.0,4.4,100,1.3,989.6
2026-01-15 23:00:00,259.8,258.0,86.0,10.0,5628.0,4.2,99,1.3,989.1
2026-01-16 00:00:00,311.1,308.3,116.4,0.0,4995.0,4.5,98,1.6,989.5
2026-01-16 01:00:00,309.2,305.5,114.6,0.0,4970.0,4.9,99,1.7,989.6
2026-01-16 02:00:00,325.0,322.2,111.6,0.0,5259.0,4.7,99,2.8,989.8
2026-01-16 03:00:00,357.6,353.9,105.1,6.0,5491.0,5.2,97,3.8,990.4
2026-01-16 04:00:00,346.5,345.5,92.6,35.0,5593.0,6.7,96,4.5,991.3
2026-01-16 05:00:00,271.9,270.1,76.6,75.0,5636.0,7.3,96,3.1,991.6
2026-01-16 06:00:00,204.9,202.1,62.4,109.0,5464.0,8.6,99,2.2,992.5
2026-01-16 07:00:00,176.0,173.2,48.4,137.0,4850.0,10.9,92,2.6,991.9
2026-01-16 08:00:00,159.3,155.5,36.3,159.0,4020.0,12.6,87,2.6,991.4
2026-01-16 09:00:00,146.2,143.0,35.8,165.0,3498.0,13.6,83,3.3,990.3
2026-01-16 10:00:00,135.5,132.2,55.8,144.0,3526.0,13.9,82,4.2,989.7
2026-01-16 11:00:00,143.0,140.2,87.4,107.0,3861.0,13.7,83,4.3,989.4
2026-01-16 12:00:00,172.3,170.0,104.0,51.0,4306.0,12.6,89,0.5,989.0
2026-01-16 13:00:00,206.8,204.0,108.3,41.0,4882.0,11.5,91,1.6,989.0
2026-01-16 14:00:00,242.1,239.3,114.0,27.0,5568.0,10.2,95,2.9,989.2
2026-01-16 15:00:00,274.7,271.9,117.3,16.0,6094.0,8.9,98,4.6,988.9
2026-01-16 16:00:00,301.7,298.0,116.0,10.0,6423.0,7.9,100,4.7,989.0
2026-01-16 17:00:00,324.1,321.3,112.3,7.0,6593.0,7.1,100,4.8,988.9
2026-01-16 18:00:00,340.9,337.1,108.2,6.0,6450.0,7.3,100,4.8,989.2
2026-01-16 19:00:00,346.5,343.7,105.0,6.0,5809.0,7.4,100,5.9,989.3
2026-01-16 20:00:00,347.4,343.7,101.4,7.0,4855.0,6.9,99,4.6,989.0
2026-01-16 21:00:00,340.9,337.1,95.9,9.0,3987.0,6.7,100,4.9,988.7
2026-01-16 22:00:00,329.7,326.0,86.8,11.0,3282.0,5.7,100,2.7,988.5
2026-01-16 23:00:00,312.9,309.2,75.8,12.0,2662.0,5.7,100,4.0,988.4
2026-01-17 00:00:00,266.4,263.6,62.0,8.0,2295.0,5.7,99,5.1,988.7
2026-01-17 01:00:00,236.6,233.8,58.1,8.0,2345.0,5.3,99,3.9,989.2
2026-01-17 02:00:00,233.8,231.4,52.8,9.0,2648.0,5.3,100,3.3,989.7
2026-01-17 03:00:00,230.5,228.6,49.4,16.0,2879.0,5.4,100,4.0,989.9
2026-01-17 04:00:00,231.0,229.1,51.2,28.0,2930.0,6.5,97,4.3,990.8
2026-01-17 05:00:00,229.6,228.6,55.0,46.0,2909.0,8.2,95,4.4,991.5
2026-01-17 06:00:00,210.0,208.2,54.4,72.0,2813.0,10.2,93,2.9,992.0
2026-01-17 07:00:00,172.8,169.5,41.6,120.0,2497.0,12.9,85,2.7,991.3
2026-01-17 08:00:00,132.2,129.0,24.3,177.0,2106.0,14.9,77,2.2,990.2
2026-01-17 09:00:00,113.6,109.7,19.4,207.0,2075.0,16.2,72,2.7,989.3
2026-01-17 10:00:00,102.4,98.3,38.2,187.0,2718.0,16.7,69,3.1,988.6
2026-01-17 11:00:00,110.1,106.6,69.4,139.0,3720.0,16.4,72,3.2,987.8
2026-01-17 12:00:00,143.9,138.8,86.3,79.0,4572.0,14.9,80,2.0,987.4
2026-01-17 13:00:00,170.4,164.8,93.9,64.0,5118.0,13.0,86,4.1,987.3
2026-01-17 14:00:00,194.2,188.1,104.0,42.0,5514.0,11.7,89,5.2,987.4
2026-01-17 15:00:00,213.3,207.7,109.6,26.0,5718.0,10.7,91,4.2,987.2
2026-01-17 16:00:00,227.7,221.7,107.0,20.0,5703.0,9.6,95,5.0,987.3
2026-01-17 17:00:00,240.3,234.7,99.8,20.0,5496.0,8.9,98,5.3,987.1
2026-01-17 18:00:00,247.7,242.1,91.8,20.0,5134.0,8.3,99,4.0,987.0
2026-01-17 19:00:00,242.1,236.6,84.5,19.0,4537.0,8.0,99,2.9,986.7
2026-01-17 20:00:00,224.9,219.8,76.4,20.0,3785.0,7.2,100,1.9,986.3
2026-01-17 21:00:00,200.7,195.6,66.7,23.0,3161.0,6.2,100,2.4,985.9
2026-01-17 22:00:00,186.7,181.6,52.0,32.0,2748.0,4.6,100,5.8,985.7
2026-01-17 23:00:00,177.9,173.2,35.7,44.0,2461.0,5.4,100,5.8,985.4
2026-01-18 00:00:00,167.6,163.0,39.4,39.0,2332.0,6.2,98,3.5,985.3
2026-01-18 01:00:00,167.6,163.4,44.8,32.0,2446.0,6.2,96,2.7,985.5
2026-01-18 02:00:00,174.6,170.0,51.9,24.0,2718.0,5.8,96,2.6,986.3
2026-01-18 03:00:00,188.1,183.9,55.0,31.0,2918.0,6.0,100,2.7,987.3
2026-01-18 04:00:00,177.4,174.6,50.8,64.0,2963.0,7.0,98,2.1,988.3
2026-01-18 05:00:00,170.9,168.6,42.6,111.0,2937.0,8.6,98,2.3,989.2
2026-01-18 06:00:00,155.5,152.3,34.3,151.0,2859.0,10.6,93,1.1,989.0
2026-01-18 07:00:00,136.4,133.2,22.7,181.0,2578.0,13.9,85,1.1,988.4
2026-01-18 08:00:00,114.1,110.8,11.0,203.0,2245.0,16.2,76,1.1,987.5
2026-01-18 09:00:00,99.0,95.7,13.3,204.0,2336.0,17.5,69,1.4,986.9
2026-01-18 10:00:00,92.0,88.5,40.2,171.0,3058.0,18.0,66,1.0,986.4
2026-01-18 11:00:00,108.5,105.7,81.0,117.0,4203.0,17.8,67,0.9,986.3
2026-01-18 12:00:00,148.5,145.8,119.2,82.0,5633.0,16.4,74,1.4,985.9
2026-01-18 13:00:00,182.5,179.7,139.6,58.0,7698.0,14.4,82,3.9,986.2
2026-01-18 14:00:00,215.6,213.3,167.3,24.0,10046.0,13.0,89,3.9,986.8
2026-01-18 15:00:00,243.1,241.2,185.1,0.0,11482.0,12.0,92,2.0,987.3
2026-01-18 16:00:00,268.2,266.4,184.0,0.0,11318.0,11.0,95,1.8,987.8
2026-01-18 17:00:00,291.5,289.6,173.0,0.0,10242.0,9.8,100,3.1,987.9
2026-01-18 18:00:00,307.3,304.5,162.2,0.0,9118.0,9.7,99,3.1,988.2
2026-01-18 19:00:00,310.1,307.3,155.0,0.0,8243.0,9.3,100,4.0,988.4
2026-01-18 20:00:00,309.2,307.3,147.8,0.0,7321.0,8.9,100,4.7,988.3
2026-01-18 21:00:00,306.4,304.5,140.4,0.0,6331.0,8.3,100,4.0,988.3
2026-01-18 22:00:00,290.6,287.8,132.7,0.0,5060.0,7.8,99,4.3,988.2
2026-01-18 23:00:00,255.2,253.3,124.8,0.0,3721.0,7.0,99,3.2,988.1
2026-01-19 00:00:00,229.6,227.7,108.9,0.0,2930.0,6.8,100,2.7,988.3
2026-01-19 01:00:00,236.6,234.7,102.7,0.0,3133.0,6.5,99,3.8,988.9
2026-01-19 02:00:00,255.2,253.3,93.9,0.0,3883.0,6.3,95,3.8,989.4
2026-01-19 03:00:00,285.9,284.1,85.5,9.0,4457.0,7.2,95,5.7,990.0
2026-01-19 04:00:00,271.9,271.0,79.7,50.0,4604.0,7.9,94,4.0,990.8
2026-01-19 05:00:00,269.2,267.3,74.2,106.0,4575.0,9.3,96,2.7,991.4
2026-01-19 06:00:00,225.8,224.0,65.3,157.0,4396.0,11.6,99,2.7,991.7
2026-01-19 07:00:00,183.9,181.1,45.3,203.0,3921.0,14.5,88,2.1,991.5
2026-01-19 08:00:00,154.1,150.4,21.9,244.0,3295.0,16.9,78,1.5,990.7
2026-01-19 09:00:00,132.2,128.1,13.7,260.0,2986.0,18.3,70,0.3,990.0
2026-01-19 10:00:00,122.0,117.8,33.5,235.0,3269.0,18.8,66,1.1,989.6
2026-01-19 11:00:00,128.5,125.3,68.5,184.0,3868.0,18.7,66,1.9,989.4
2026-01-19 12:00:00,134.6,131.8,92.4,105.0,4418.0,17.4,72,1.6,988.7
2026-01-19 13:00:00,155.5,153.2,98.7,85.0,4860.0,15.3,80,3.4,988.6
2026-01-19 14:00:00,175.6,172.8,107.2,58.0,5253.0,13.8,85,4.9,988.9
2026-01-19 15:00:00,192.3,190.0,111.8,36.0,5406.0,12.7,88,5.0,989.3
2026-01-19 16:00:00,206.3,204.0,108.9,25.0,5151.0,11.9,90,4.9,989.3
2026-01-19 17:00:00,219.8,217.5,102.1,19.0,4656.0,11.2,92,3.6,989.4
2026-01-19 18:00:00,232.4,230.0,96.7,15.0,4234.0,11.3,93,1.5,989.4
2026-01-19 19:00:00,238.4,236.1,95.5,11.0,4045.0,10.7,96,1.8,989.2
2026-01-19 20:00:00,241.2,238.4,95.6,9.0,3929.0,10.0,98,2.5,989.2
2026-01-19 21:00:00,240.3,237.5,93.8,8.0,3717.0,9.5,98,4.0,988.9
2026-01-19 22:00:00,235.6,233.3,88.0,9.0,3221.0,9.1,96,5.9,988.8
2026-01-19 23:00:00,226.8,224.4,80.3,11.0,2629.0,9.1,96,6.7,988.4
2026-01-20 00:00:00,268.2,267.3,83.9,1.0,2331.0,7.3,100,4.0,988.6
2026-01-20 01:00:00,231.4,230.0,79.3,1.0,2595.0,7.1,100,5.4,989.0
2026-01-20 02:00:00,213.7,212.3,72.9,3.0,3154.0,7.7,100,5.6,989.8
2026-01-20 03:00:00,212.3,210.9,68.4,14.0,3600.0,8.8,99,7.0,990.6
2026-01-20 04:00:00,210.9,210.0,69.6,41.0,3838.0,10.3,98,5.8,991.4
2026-01-20 05:00:00,214.7,214.2,72.7,78.0,3962.0,11.8,96,3.2,992.3
2026-01-20 06:00:00,210.5,209.1,69.6,117.0,3848.0,14.1,90,1.9,992.6
2026-01-20 07:00:00,184.4,182.1,50.5,165.0,3277.0,17.7,73,1.9,992.2
2026-01-20 08:00:00,155.5,151.8,25.2,215.0,2467.0,19.6,57,2.3,991.6
2026-01-20 09:00:00,122.5,116.9,14.7,237.0,1953.0,20.4,49,3.0,990.9
2026-01-20 10:00:00,105.0,98.3,32.3,209.0,1974.0,20.5,48,4.8,990.5
2026-01-20 11:00:00,111.1,105.2,64.7,153.0,2290.0,19.9,53,4.7,990.4
2026-01-20 12:00:00,104.3,103.1,67.6,124.0,2712.0,17.9,66,4.1,990.0
2026-01-20 13:00:00,129.5,128.1,81.2,99.0,3283.0,16.2,73,4.6,990.5
2026-01-20 14:00:00,152.3,150.9,99.8,65.0,3960.0,14.9,79,4.4,990.7
2026-01-20 15:00:00,174.2,172.3,112.5,38.0,4428.0,13.9,82,4.6,991.0
2026-01-20 16:00:00,193.2,191.4,114.0,28.0,4564.0,13.0,85,4.8,991.3
2026-01-20 17:00:00,212.3,210.5,109.5,26.0,4491.0,12.2,87,4.6,991.3
2026-01-20 18:00:00,227.7,225.4,104.1,24.0,4261.0,11.6,88,4.7,991.2
2026-01-20 19:00:00,233.3,231.0,99.3,20.0,3794.0,10.9,90,3.6,991.3
2026-01-20 20:00:00,231.4,229.1,93.5,16.0,3169.0,10.0,93,4.5,991.3
2026-01-20 21:00:00,222.1,220.3,87.4,14.0,2681.0,9.6,93,5.2,991.2
2026-01-20 22:00:00,201.6,199.8,80.4,13.0,2380.0,9.3,92,4.3,990.9
2026-01-20 23:00:00,185.3,183.5,73.1,13.0,2216.0,8.8,92,4.9,990.6
2026-01-21 00:00:00,240.3,239.3,95.0,1.0,2327.0,8.0,92,5.1,990.7
2026-01-21 01:00:00,211.9,210.9,87.5,0.0,3006.0,7.2,94,4.4,991.0
2026-01-21 02:00:00,210.0,209.5,77.0,0.0,3961.0,6.9,95,3.3,991.7
2026-01-21 03:00:00,220.3,219.8,67.6,14.0,4454.0,8.0,94,3.5,992.5
2026-01-21 04:00:00,217.9,217.9,61.9,60.0,4063.0,10.4,87,3.0,993.3
2026-01-21 05:00:00,217.0,216.1,57.3,121.0,3212.0,13.4,77,1.5,993.8
2026-01-21 06:00:00,189.5,188.1,50.4,170.0,2431.0,16.4,62,2.3,993.9
2026-01-21 07:00:00,150.4,147.6,35.1,198.0,1827.0,18.8,51,2.9,993.3
2026-01-21 08:00:00,116.2,112.2,17.6,213.0,1294.0,20.0,46,4.2,992.6
2026-01-21 09:00:00,93.4,88.2,12.2,210.0,1047.0,20.6,44,5.4,992.0
2026-01-21 10:00:00,85.0,79.4,28.0,182.0,1113.0,20.6,41,6.3,991.3
2026-01-21 11:00:00,89.4,85.0,56.0,136.0,1465.0,20.0,43,5.3,991.0
2026-01-21 12:00:00,81.5,79.2,76.1,96.0,2236.0,18.0,59,2.4,990.6
2026-01-21 13:00:00,111.3,108.7,97.5,72.0,3913.0,16.4,63,2.2,991.0
2026-01-21 14:00:00,143.9,141.1,126.8,38.0,6011.0,15.2,68,1.3,991.3
2026-01-21 15:00:00,177.9,175.1,148.1,12.0,7202.0,13.6,76,1.1,991.6
2026-01-21 16:00:00,208.6,205.8,153.8,2.0,6657.0,12.0,84,2.1,991.8
2026-01-21 17:00:00,232.8,229.6,151.4,0.0,5205.0,10.8,90,3.2,991.6
2026-01-21 18:00:00,243.1,239.3,147.0,0.0,4017.0,10.2,94,3.2,991.8
2026-01-21 19:00:00,240.3,236.6,142.1,0.0,3575.0,9.7,96,3.7,991.6
2026-01-21 20:00:00,227.2,224.0,135.2,0.0,3396.0,9.1,97,3.6,991.2
2026-01-21 21:00:00,217.9,215.1,128.3,0.0,3197.0,8.6,98,3.1,991.2
2026-01-21 22:00:00,214.2,211.4,122.9,0.0,2812.0,8.0,99,2.6,990.7
2026-01-21 23:00:00,211.4,209.1,117.5,0.0,2407.0,7.3,100,4.0,989.7
2026-01-22 00:00:00,208.2,204.0,98.9,1.0,2202.0,7.0,100,6.5,989.2
2026-01-22 01:00:00,166.2,164.8,89.1,5.0,2377.0,6.5,100,5.5,989.0
2026-01-22 02:00:00,162.5,161.1,75.2,12.0,2751.0,6.2,100,5.4,988.9
2026-01-22 03:00:00,165.3,164.4,61.8,28.0,2999.0,6.8,100,7.9,989.7
2026-01-22 04:00:00,154.1,152.7,50.0,60.0,3017.0,9.1,92,7.8,990.2
2026-01-22 05:00:00,146.2,145.3,38.7,100.0,2908.0,10.4,90,7.2,990.4
2026-01-22 06:00:00,119.7,118.5,29.1,131.0,2660.0,12.3,84,5.2,990.6
2026-01-22 07:00:00,84.3,82.4,21.2,144.0,2155.0,16.6,65,7.0,990.1
2026-01-22 08:00:00,67.1,65.4,15.1,148.0,1510.0,19.0,51,10.7,988.7
2026-01-22 09:00:00,61.0,59.1,12.3,145.0,1069.0,19.8,46,12.9,987.7
2026-01-22 10:00:00,58.9,57.3,15.1,133.0,1027.0,19.6,47,14.1,986.5
2026-01-22 11:00:00,58.9,57.4,21.1,115.0,1189.0,18.7,55,13.8,985.4
2026-01-22 12:00:00,51.2,50.1,24.8,93.0,1306.0,17.7,62,13.7,985.2
2026-01-22 13:00:00,51.3,50.2,22.6,97.0,1292.0,17.3,61,17.9,985.2
2026-01-22 14:00:00,52.7,51.7,19.6,102.0,1233.0,17.0,59,18.2,984.7
2026-01-22 15:00:00,53.1,52.2,17.2,105.0,1144.0,17.3,55,20.6,984.0
2026-01-22 16:00:00,54.7,53.8,16.3,105.0,1007.0,15.7,67,12.2,984.3
2026-01-22 17:00:00,55.8,54.8,16.2,104.0,839.0,14.1,81,13.2,984.8
2026-01-22 18:00:00,59.6,58.8,15.6,103.0,707.0,14.2,82,15.1,984.1
2026-01-22 19:00:00,73.1,71.7,14.2,104.0,647.0,14.4,82,20.2,984.5
2026-01-22 20:00:00,73.3,72.4,12.4,105.0,622.0,13.8,91,12.1,984.7
2026-01-22 21:00:00,68.9,68.0,10.7,105.0,590.0,13.3,93,9.1,984.3
2026-01-22 22:00:00,65.9,64.7,9.0,103.0,519.0,13.2,94,11.4,983.6
2026-01-22 23:00:00,65.2,62.9,7.5,100.0,440.0,13.4,89,14.3,982.9
2026-01-23 00:00:00,68.5,63.3,8.8,83.0,407.0,12.6,88,19.7,983.3
2026-01-23 01:00:00,66.1,57.4,12.0,79.0,471.0,12.6,82,20.4,983.1
2026-01-23 02:00:00,61.5,50.4,16.2,74.0,582.0,12.4,83,16.0,983.7
2026-01-23 03:00:00,56.9,45.5,18.1,72.0,639.0,12.6,84,14.3,985.0
2026-01-23 04:00:00,48.3,37.6,15.6,74.0,583.0,13.1,83,13.4,986.2
2026-01-23 05:00:00,34.1,27.8,10.8,78.0,474.0,13.5,73,12.7,986.5
2026-01-23 06:00:00,27.0,24.4,7.1,83.0,391.0,14.0,60,15.9,987.4
2026-01-23 07:00:00,25.7,23.5,5.4,90.0,357.0,14.5,50,16.0,986.6
2026-01-23 08:00:00,24.5,22.2,4.7,98.0,349.0,14.8,49,16.3,986.2
2026-01-23 09:00:00,24.2,21.2,5.7,101.0,374.0,14.6,49,15.3,985.8
2026-01-23 10:00:00,25.8,20.6,8.1,95.0,440.0,14.3,45,16.8,985.7
2026-01-23 11:00:00,29.2,20.9,12.1,84.0,539.0,13.8,46,13.8,986.2
2026-01-23 12:00:00,43.1,31.8,23.6,67.0,658.0,12.4,54,11.8,987.3
2026-01-23 13:00:00,50.1,43.4,35.0,50.0,817.0,11.1,58,12.6,988.6
2026-01-23 14:00:00,64.0,57.9,50.5,28.0,997.0,10.1,60,9.8,989.7
2026-01-23 15:00:00,68.7,58.9,61.1,11.0,1120.0,9.0,62,7.8,990.6
2026-01-23 16:00:00,68.2,53.4,62.2,6.0,1128.0,8.1,65,7.4,991.8
2026-01-23 17:00:00,72.9,53.7,58.3,7.0,1079.0,6.9,72,5.2,992.7
2026-01-23 18:00:00,81.0,58.9,54.1,9.0,1079.0,7.0,71,6.8,993.5
2026-01-23 19:00:00,85.9,61.9,50.3,10.0,1190.0,6.9,70,6.1,994.5
2026-01-23 20:00:00,87.3,62.6,46.1,12.0,1349.0,6.1,74,1.9,995.1
2026-01-23 21:00:00,90.3,65.2,43.6,13.0,1470.0,5.8,74,0.5,995.6
2026-01-23 22:00:00,96.4,69.8,44.5,10.0,1419.0,5.4,77,3.4,996.0
2026-01-23 23:00:00,103.4,75.9,47.2,6.0,1331.0,4.4,82,3.7,996.1
2026-01-24 00:00:00,87.8,65.4,30.0,22.0,1517.0,3.9,86,2.1,996.1
2026-01-24 01:00:00,99.4,76.1,35.5,16.0,2379.0,3.7,89,4.5,997.3
2026-01-24 02:00:00,119.2,96.9,42.7,9.0,3516.0,3.3,90,1.2,998.5
2026-01-24 03:00:00,130.9,110.6,45.3,13.0,4039.0,4.3,90,2.8,999.7
2026-01-24 04:00:00,109.4,93.8,39.1,37.0,3356.0,6.7,82,2.2,1000.7
2026-01-24 05:00:00,98.5,77.3,28.2,71.0,2060.0,9.2,70,3.6,1001.3
2026-01-24 06:00:00,89.9,62.6,18.9,98.0,1041.0,11.1,55,5.4,1001.5
2026-01-24 07:00:00,72.4,40.7,11.9,112.0,640.0,12.2,49,7.3,1000.8
2026-01-24 08:00:00,64.3,36.4,6.4,118.0,515.0,12.9,44,10.6,999.3
2026-01-24 09:00:00,58.7,34.7,6.4,116.0,537.0,13.2,45,10.0,998.8
2026-01-24 10:00:00,54.4,33.6,15.7,102.0,714.0,13.2,45,8.6,998.1
2026-01-24 11:00:00,51.3,33.5,30.6,79.0,1038.0,12.7,48,8.1,997.2
2026-01-24 12:00:00,39.7,33.1,27.6,60.0,1348.0,11.7,61,6.1,996.8
2026-01-24 13:00:00,52.9,46.3,35.5,49.0,1644.0,10.3,68,6.2,996.7
2026-01-24 14:00:00,54.5,49.4,46.1,34.0,1927.0,9.5,73,5.9,996.9
2026-01-24 15:00:00,52.5,48.5,52.1,25.0,2041.0,8.8,75,5.5,997.1
2026-01-24 16:00:00,51.0,47.8,49.5,26.0,1856.0,8.1,78,5.0,997.0
2026-01-24 17:00:00,50.5,48.2,42.3,32.0,1503.0,8.8,77,6.7,996.7
2026-01-24 18:00:00,49.9,48.3,35.6,37.0,1217.0,9.1,75,7.9,996.4
2026-01-24 19:00:00,48.9,47.6,30.8,39.0,1092.0,8.8,78,5.2,995.9
2026-01-24 20:00:00,49.2,48.3,26.5,40.0,1034.0,8.4,80,4.6,995.3
2026-01-24 21:00:00,50.6,49.8,23.0,40.0,1004.0,8.2,79,6.2,994.6
2026-01-24 22:00:00,51.7,50.9,20.0,40.0,967.0,8.4,77,6.3,993.9
2026-01-24 23:00:00,52.2,51.3,17.8,40.0,958.0,7.9,78,6.2,993.7
2026-01-25 00:00:00,58.9,57.9,26.7,32.0,1039.0,6.6,83,5.9,993.3
2026-01-25 01:00:00,58.6,57.4,29.6,27.0,1317.0,6.6,83,6.3,993.6
2026-01-25 02:00:00,64.7,63.6,33.3,20.0,1686.0,6.2,85,6.4,994.1
2026-01-25 03:00:00,71.0,69.6,34.7,24.0,1882.0,7.1,83,8.5,994.7
2026-01-25 04:00:00,72.2,71.0,31.7,46.0,1747.0,9.0,80,8.0,995.3
2026-01-25 05:00:00,69.6,68.0,26.3,77.0,1441.0,11.2,73,7.1,995.5
2026-01-25 06:00:00,68.5,66.6,21.4,106.0,1179.0,13.5,66,5.3,995.4
2026-01-25 07:00:00,66.4,64.5,16.1,132.0,1000.0,15.3,60,4.9,994.6
2026-01-25 08:00:00,63.8,61.7,11.3,155.0,867.0,16.5,54,4.7,993.6
2026-01-25 09:00:00,59.6,57.5,12.0,163.0,878.0,17.1,51,4.5,992.8
2026-01-25 10:00:00,57.3,54.9,22.3,145.0,1084.0,17.2,50,4.5,992.4
2026-01-25 11:00:00,60.1,58.1,38.1,112.0,1434.0,16.8,54,4.2,992.2
2026-01-25 12:00:00,66.4,65.2,51.9,91.0,1885.0,15.3,68,2.3,992.2
2026-01-25 13:00:00,80.6,79.4,60.9,73.0,2597.0,13.7,73,2.6,992.4
2026-01-25 14:00:00,90.6,89.9,73.2,48.0,3409.0,12.5,78,3.3,992.6
2026-01-25 15:00:00,93.1,92.4,81.3,29.0,3790.0,11.6,81,4.0,992.9
2026-01-25 16:00:00,95.5,94.5,81.5,22.0,3353.0,10.8,83,4.0,993.0
2026-01-25 17:00:00,105.5,104.5,77.5,20.0,2485.0,10.2,84,3.2,992.4
2026-01-25 18:00:00,112.5,110.6,72.7,19.0,1815.0,9.6,87,4.6,992.6
2026-01-25 19:00:00,107.8,105.5,68.2,17.0,1618.0,9.7,85,5.8,992.7
2026-01-25 20:00:00,103.1,100.8,62.9,15.0,1619.0,9.4,85,4.2,992.2
2026-01-25 21:00:00,99.4,96.9,57.0,15.0,1620.0,8.8,86,3.1,991.7
2026-01-25 22:00:00,96.2,93.4,48.6,18.0,1489.0,8.6,88,2.8,990.9
2026-01-25 23:00:00,93.8,90.6,39.6,22.0,1358.0,8.2,89,3.4,991.2
2026-01-26 00:00:00,110.8,105.7,49.8,14.0,1432.0,7.8,90,4.9,991.9
2026-01-26 01:00:00,115.7,110.4,53.5,9.0,1920.0,7.8,90,4.1,992.2
2026-01-26 02:00:00,135.5,129.9,58.4,2.0,2613.0,7.8,89,4.1,992.7
2026-01-26 03:00:00,157.9,153.2,60.8,4.0,3087.0,8.6,85,3.6,993.8
2026-01-26 04:00:00,135.5,131.8,59.0,21.0,3181.0,9.7,86,7.7,993.8
2026-01-26 05:00:00,117.3,112.9,54.8,46.0,3057.0,10.5,86,6.8,994.1
2026-01-26 06:00:00,108.0,104.8,49.4,71.0,2776.0,11.9,82,2.7,994.7
2026-01-26 07:00:00,97.3,95.9,39.4,98.0,2155.0,15.2,68,3.5,994.3
2026-01-26 08:00:00,88.2,86.8,28.2,125.0,1377.0,16.8,60,3.7,993.3
2026-01-26 09:00:00,80.6,78.7,28.1,134.0,1058.0,17.5,57,2.3,992.7
2026-01-26 10:00:00,82.4,79.9,49.5,111.0,1639.0,17.1,58,1.2,992.4
2026-01-26 11:00:00,93.4,90.8,81.8,70.0,2679.0,16.7,65,2.3,992.1
2026-01-26 12:00:00,112.9,111.3,90.2,44.0,3462.0,15.0,75,3.5,992.4
2026-01-26 13:00:00,113.9,112.5,89.2,39.0,3731.0,14.5,76,1.2,993.2
2026-01-26 14:00:00,124.3,122.5,87.3,33.0,3744.0,14.0,78,1.7,994.4
2026-01-26 15:00:00,128.5,126.2,81.6,31.0,3559.0,13.6,80,1.3,994.1
2026-01-26 16:00:00,132.2,128.5,69.5,36.0,3078.0,12.9,83,8.2,993.0
2026-01-26 17:00:00,128.5,125.3,53.7,44.0,2400.0,12.2,87,5.4,993.3
2026-01-26 18:00:00,111.8,109.4,39.6,53.0,1882.0,12.5,86,5.8,993.4
2026-01-26 19:00:00,93.8,90.8,28.5,63.0,1720.0,12.8,85,5.9,993.6
2026-01-26 20:00:00,81.3,77.5,19.0,72.0,1719.0,12.7,85,6.2,993.2
2026-01-26 21:00:00,70.3,66.4,12.3,79.0,1642.0,12.0,87,6.6,992.7
2026-01-26 22:00:00,61.5,57.4,8.8,80.0,1326.0,11.2,90,7.3,992.8
2026-01-26 23:00:00,56.1,52.0,8.1,78.0,935.0,11.0,89,8.4,992.0
2026-01-27 00:00:00,62.6,56.0,11.7,65.0,730.0,11.4,94,6.2,991.9
2026-01-27 01:00:00,60.5,53.6,17.8,57.0,906.0,10.7,95,4.5,992.2
2026-01-27 02:00:00,62.4,55.6,26.0,45.0,1268.0,10.9,94,8.3,992.1
2026-01-27 03:00:00,62.6,56.5,30.5,41.0,1486.0,11.3,93,8.3,992.6
2026-01-27 04:00:00,60.5,55.2,27.8,49.0,1398.0,12.4,92,5.6,993.4
2026-01-27 05:00:00,57.3,51.5,21.4,64.0,1167.0,13.8,85,6.5,993.7
2026-01-27 06:00:00,51.6,45.1,15.9,78.0,952.0,14.9,76,8.7,993.9
2026-01-27 07:00:00,48.7,42.0,11.8,92.0,745.0,14.9,70,8.5,992.8
2026-01-27 08:00:00,44.5,39.3,8.6,106.0,555.0,15.3,69,4.2,992.1
2026-01-27 09:00:00,48.1,42.4,9.4,111.0,564.0,15.0,71,3.4,991.6
2026-01-27 10:00:00,52.5,46.1,16.3,102.0,979.0,14.5,75,4.8,991.1
2026-01-27 11:00:00,55.1,48.5,27.1,84.0,1593.0,14.9,74,4.6,991.1
2026-01-27 12:00:00,77.1,73.6,56.6,50.0,1975.0,14.3,80,6.0,991.4
2026-01-27 13:00:00,92.0,88.7,59.1,43.0,1864.0,12.6,89,5.1,991.9
2026-01-27 14:00:00,103.1,100.6,62.5,32.0,1521.0,12.0,92,5.2,992.6
2026-01-27 15:00:00,110.1,108.0,64.2,24.0,1294.0,11.6,93,5.6,992.8
2026-01-27 16:00:00,115.3,113.4,63.5,20.0,1381.0,11.0,94,4.3,992.9
2026-01-27 17:00:00,120.6,119.0,61.1,18.0,1585.0,10.4,94,5.5,993.2
2026-01-27 18:00:00,111.3,109.7,57.0,18.0,1661.0,9.6,98,4.8,993.6
2026-01-27 19:00:00,98.3,96.6,50.1,21.0,1460.0,9.5,100,3.3,993.7
2026-01-27 20:00:00,93.1,91.3,41.4,25.0,1131.0,9.6,99,4.8,993.7
2026-01-27 21:00:00,93.4,91.3,33.9,28.0,875.0,9.5,98,5.9,993.7
2026-01-27 22:00:00,94.8,92.2,28.0,29.0,717.0,9.2,97,4.6,993.7
2026-01-27 23:00:00,95.2,92.2,23.2,30.0,631.0,9.3,96,5.1,993.5
2026-01-28 00:00:00,80.8,78.0,15.0,44.0,745.0,7.7,100,5.2,993.0
2026-01-28 01:00:00,81.3,78.0,22.6,34.0,1255.0,7.6,100,4.3,993.7
2026-01-28 02:00:00,95.0,91.3,32.6,22.0,1964.0,7.5,100,2.6,994.3
2026-01-28 03:00:00,107.6,104.3,37.8,21.0,2408.0,8.3,97,1.7,994.9
2026-01-28 04:00:00,93.8,91.0,33.4,43.0,2355.0,9.6,95,2.3,995.9
2026-01-28 05:00:00,83.8,80.1,24.1,77.0,2036.0,11.2,92,2.2,996.5
2026-01-28 06:00:00,71.0,66.6,16.2,106.0,1683.0,13.8,83,2.1,996.5
2026-01-28 07:00:00,62.4,57.5,10.6,127.0,1284.0,15.9,70,3.3,996.2
2026-01-28 08:00:00,58.7,53.4,6.4,142.0,850.0,16.9,64,4.1,995.5
2026-01-28 09:00:00,55.5,50.3,7.6,146.0,645.0,17.5,60,4.6,995.2
2026-01-28 10:00:00,53.4,48.4,16.8,133.0,785.0,17.6,59,3.6,994.8
2026-01-28 11:00:00,53.0,48.2,31.4,108.0,1154.0,17.4,59,2.7,994.2
2026-01-28 12:00:00,54.5,52.7,45.6,78.0,1666.0,16.3,73,3.1,994.4
2026-01-28 13:00:00,82.7,80.8,63.6,58.0,2441.0,14.6,75,2.7,994.4
2026-01-28 14:00:00,110.4,108.5,88.1,31.0,3360.0,13.4,80,2.8,994.9
2026-01-28 15:00:00,133.2,130.9,103.6,12.0,3978.0,12.4,83,4.1,994.9
2026-01-28 16:00:00,144.8,140.6,102.0,7.0,4085.0,11.6,85,5.4,995.1
2026-01-28 17:00:00,147.1,141.6,91.5,10.0,3892.0,11.2,85,5.5,995.1
2026-01-28 18:00:00,133.6,129.0,81.3,14.0,3586.0,10.9,86,5.8,995.1
2026-01-28 19:00:00,114.6,110.8,75.0,16.0,3168.0,10.5,87,5.1,994.7
2026-01-28 20:00:00,100.4,97.6,69.1,18.0,2636.0,9.8,88,5.0,994.6
2026-01-28 21:00:00,89.2,87.1,61.9,21.0,2174.0,9.3,89,4.8,994.2
2026-01-28 22:00:00,82.7,81.0,51.0,27.0,1787.0,8.9,88,4.7,994.1
2026-01-28 23:00:00,78.7,77.3,38.8,35.0,1471.0,8.3,88,5.3,993.4
2026-01-29 00:00:00,74.0,72.9,27.7,41.0,1392.0,8.0,88,5.5,993.2
2026-01-29 01:00:00,74.5,73.1,33.6,35.0,1789.0,8.0,88,5.4,993.3
2026-01-29 02:00:00,79.6,77.8,41.3,27.0,2423.0,8.0,88,6.1,994.0
2026-01-29 03:00:00,84.5,82.0,44.1,31.0,2749.0,9.1,86,7.3,994.6
2026-01-29 04:00:00,75.9,74.0,37.3,57.0,2454.0,11.1,81,6.3,995.7
2026-01-29 05:00:00,60.8,60.1,25.5,94.0,1850.0,13.5,72,4.3,996.3
2026-01-29 06:00:00,49.4,48.8,15.9,123.0,1326.0,15.6,62,5.1,996.4
2026-01-29 07:00:00,40.5,39.5,9.8,138.0,978.0,17.1,55,5.7,995.5
2026-01-29 08:00:00,34.6,33.5,5.9,145.0,710.0,17.9,50,6.2,994.7
2026-01-29 09:00:00,31.0,29.9,7.0,142.0,627.0,18.3,49,6.1,994.0
2026-01-29 10:00:00,29.7,28.6,15.9,125.0,778.0,18.3,49,6.6,993.6
2026-01-29 11:00:00,30.7,29.7,29.9,98.0,1113.0,17.8,51,5.5,993.3
2026-01-29 12:00:00,40.3,39.7,42.9,73.0,1591.0,16.4,66,2.8,993.0
2026-01-29 13:00:00,61.9,61.2,55.8,56.0,2371.0,14.7,67,3.1,993.1
2026-01-29 14:00:00,82.2,81.7,73.5,32.0,3294.0,13.7,71,2.7,993.6
2026-01-29 15:00:00,93.8,92.7,85.2,15.0,3841.0,13.1,72,1.1,993.4
2026-01-29 16:00:00,95.9,94.1,85.5,10.0,3695.0,12.6,75,2.5,993.9
2026-01-29 17:00:00,99.0,96.6,80.0,11.0,3173.0,12.5,76,2.0,994.0
2026-01-29 18:00:00,98.0,95.5,74.6,12.0,2704.0,11.8,77,3.1,994.1
2026-01-29 19:00:00,88.9,86.1,71.4,12.0,2429.0,11.5,77,3.5,993.8
2026-01-29 20:00:00,84.3,81.0,68.4,11.0,2207.0,11.5,76,2.4,993.5
2026-01-29 21:00:00,82.7,79.4,65.3,11.0,2045.0,10.8,78,3.0,992.8
2026-01-29 22:00:00,82.9,79.6,61.8,10.0,1903.0,10.7,80,1.9,992.5
2026-01-29 23:00:00,85.0,81.7,58.2,9.0,1821.0,9.6,83,2.3,992.4
2026-01-30 00:00:00,73.3,71.9,46.2,17.0,1929.0,10.5,87,2.6,992.6
2026-01-30 01:00:00,75.9,73.8,46.7,14.0,2475.0,10.1,86,3.0,993.0
2026-01-30 02:00:00,79.9,77.3,47.0,12.0,3212.0,9.8,85,3.3,993.3
2026-01-30 03:00:00,82.7,79.6,44.9,22.0,3522.0,10.7,82,5.5,993.9
2026-01-30 04:00:00,81.3,78.2,38.2,55.0,2998.0,12.9,75,3.8,994.4
2026-01-30 05:00:00,75.0,72.4,29.1,101.0,2048.0,15.5,65,2.3,994.8
2026-01-30 06:00:00,61.2,60.5,21.2,137.0,1283.0,17.7,54,2.6,994.8
2026-01-30 07:00:00,49.0,48.8,13.6,159.0,903.0,19.2,46,3.2,994.3
2026-01-30 08:00:00,42.8,42.1,7.3,173.0,707.0,20.0,43,2.8,993.2
2026-01-30 09:00:00,41.1,39.9,8.7,172.0,710.0,20.3,42,2.4,992.1
2026-01-30 10:00:00,40.9,39.5,22.5,150.0,873.0,20.3,42,2.3,991.2
2026-01-30 11:00:00,41.7,40.2,44.1,114.0,1233.0,19.8,44,1.7,991.1
2026-01-30 12:00:00,60.1,58.9,59.7,92.0,1917.0,18.2,66,0.9,990.8
2026-01-30 13:00:00,87.5,86.6,79.1,68.0,3216.0,16.0,72,1.3,990.9
2026-01-30 14:00:00,110.6,109.7,105.8,35.0,4839.0,14.6,78,1.9,991.1
2026-01-30 15:00:00,131.3,129.5,125.0,10.0,6038.0,13.7,82,1.5,991.2
2026-01-30 16:00:00,152.3,148.5,129.7,1.0,6495.0,13.0,84,2.0,991.5
2026-01-30 17:00:00,168.1,163.0,127.0,0.0,6530.0,12.2,85,2.7,991.7
2026-01-30 18:00:00,176.0,170.0,122.7,0.0,6350.0,11.6,84,4.3,991.8
2026-01-30 19:00:00,171.4,166.2,118.4,0.0,5922.0,11.8,82,2.5,991.9
2026-01-30 20:00:00,160.7,156.0,112.7,0.0,5280.0,11.3,83,1.4,991.6
2026-01-30 21:00:00,156.0,151.8,106.9,0.0,4739.0,10.4,87,2.3,991.4
2026-01-30 22:00:00,155.5,151.3,101.9,0.0,4317.0,9.6,91,3.2,991.2
2026-01-30 23:00:00,156.5,152.3,96.8,0.0,3996.0,8.9,93,2.3,991.1
2026-01-31 00:00:00,140.6,139.2,90.5,4.0,4034.0,9.2,88,2.0,991.1
2026-01-31 01:00:00,157.9,156.9,81.3,3.0,4900.0,8.4,90,1.4,991.4
2026-01-31 02:00:00,172.8,171.8,68.6,2.0,6124.0,7.5,94,2.0,992.0
2026-01-31 03:00:00,190.0,189.5,58.2,10.0,6556.0,8.4,93,3.6,992.9
2026-01-31 04:00:00,197.4,197.0,53.9,33.0,5409.0,11.6,82,2.3,993.7
2026-01-31 05:00:00,187.2,186.7,51.9,66.0,3470.0,15.0,70,2.3,994.4
2026-01-31 06:00:00,162.5,161.6,47.5,98.0,1942.0,17.0,60,2.7,994.7
2026-01-31 07:00:00,128.5,127.6,34.9,132.0,1319.0,18.4,54,2.9,994.1
2026-01-31 08:00:00,95.7,94.1,19.8,166.0,1107.0,18.9,51,4.1,993.0
2026-01-31 09:00:00,80.3,78.2,14.4,181.0,1030.0,19.2,48,4.8,992.2
2026-01-31 10:00:00,76.6,74.5,26.3,164.0,1036.0,19.0,48,5.6,991.8
2026-01-31 11:00:00,76.6,74.7,47.9,128.0,1176.0,18.5,50,6.9,991.5
2026-01-31 12:00:00,103.8,102.0,66.7,92.0,1329.0,16.9,60,8.3,991.4
2026-01-31 13:00:00,126.2,124.3,77.4,73.0,1472.0,15.1,68,6.4,991.6
2026-01-31 14:00:00,139.2,137.8,92.1,46.0,1627.0,13.5,77,5.1,992.4
2026-01-31 15:00:00,152.7,151.3,102.9,25.0,1738.0,12.7,81,4.9,992.8
2026-01-31 16:00:00,173.7,171.8,106.8,13.0,1783.0,12.3,84,4.9,992.9
2026-01-31 17:00:00,191.4,189.5,106.9,7.0,1785.0,11.6,88,4.5,992.9
2026-01-31 18:00:00,202.1,200.2,104.5,3.0,1756.0,11.5,90,4.1,993.2
2026-01-31 19:00:00,205.8,204.4,99.5,1.0,1693.0,11.6,92,4.6,993.0
2026-01-31 20:00:00,207.7,206.3,92.1,2.0,1600.0,11.4,92,5.2,992.7
2026-01-31 21:00:00,198.8,197.4,84.2,4.0,1501.0,10.7,94,5.5,992.3
2026-01-31 22:00:00,190.5,189.1,75.6,8.0,1260.0,10.0,95,5.2,992.1
2026-01-31 23:00:00,184.9,183.9,66.6,14.0,1012.0,9.6,95,3.5,991.8
2026-02-01 00:00:00,176.5,175.1,31.5,32.0,1188.0,9.5,97,1.0,992.3
2026-02-01 01:00:00,188.1,187.2,32.0,24.0,2311.0,9.5,96,0.5,992.5
2026-02-01 02:00:00,190.0,189.1,32.7,13.0,3858.0,9.3,96,0.7,992.7
2026-02-01 03:00:00,190.9,190.0,33.6,13.0,4686.0,10.1,97,8.3,993.7
2026-02-01 04:00:00,190.9,190.5,35.6,30.0,4096.0,12.0,92,3.2,994.5
2026-02-01 05:00:00,185.3,183.9,37.7,58.0,2787.0,14.6,81,3.5,995.1
2026-02-01 06:00:00,168.6,166.7,36.9,87.0,1720.0,16.7,72,0.8,995.4
2026-02-01 07:00:00,145.3,142.5,29.2,121.0,1266.0,18.5,61,2.2,995.1
2026-02-01 08:00:00,120.6,116.4,18.6,156.0,1053.0,19.3,53,3.3,994.2
2026-02-01 09:00:00,104.3,100.1,13.3,174.0,924.0,19.9,49,3.6,993.4
2026-02-01 10:00:00,95.7,91.5,17.6,162.0,821.0,20.0,48,2.8,993.2
2026-02-01 11:00:00,88.9,85.2,27.3,132.0,803.0,19.7,47,5.2,993.3
2026-02-01 12:00:00,110.6,106.2,56.0,83.0,886.0,18.5,56,6.3,992.8
2026-02-01 13:00:00,122.0,117.8,65.7,66.0,1108.0,16.5,63,6.9,993.2
2026-02-01 14:00:00,133.6,129.5,78.8,43.0,1432.0,15.8,67,7.2,993.6
2026-02-01 15:00:00,142.5,138.8,86.5,25.0,1763.0,14.4,74,7.0,994.0
2026-02-01 16:00:00,149.0,145.3,83.8,18.0,2123.0,12.8,86,5.4,994.8
2026-02-01 17:00:00,156.9,153.2,75.6,17.0,2489.0,11.5,92,3.0,995.3
2026-02-01 18:00:00,163.4,159.7,68.7,16.0,2703.0,11.3,96,3.2,995.3
2026-02-01 19:00:00,162.1,158.3,65.7,13.0,2668.0,11.3,97,1.2,995.5
2026-02-01 20:00:00,162.1,158.3,63.9,11.0,2480.0,10.8,99,0.6,995.0
2026-02-01 21:00:00,162.5,158.8,61.4,9.0,2270.0,10.3,100,0.7,994.6
2026-02-01 22:00:00,174.6,170.9,57.5,8.0,2038.0,9.7,100,1.0,994.7
2026-02-01 23:00:00,177.9,174.6,53.0,7.0,1783.0,9.7,99,5.5,994.8
2026-02-02 00:00:00,136.4,133.6,36.4,9.0,1631.0,9.8,98,3.8,994.6
2026-02-02 01:00:00,136.0,133.6,34.1,6.0,1680.0,9.6,97,3.9,994.8
2026-02-02 02:00:00,141.6,139.2,31.0,3.0,1831.0,9.5,97,3.6,995.4
2026-02-02 03:00:00,152.3,150.9,29.2,9.0,1914.0,9.9,97,2.3,995.9
2026-02-02 04:00:00,156.9,155.5,30.7,30.0,1868.0,10.9,97,3.5,996.5
2026-02-02 05:00:00,146.7,144.8,33.5,59.0,1753.0,13.1,89,1.9,996.8
2026-02-02 06:00:00,117.6,114.6,33.4,84.0,1577.0,15.7,79,3.8,996.8
2026-02-02 07:00:00,97.6,93.8,25.8,104.0,1285.0,17.5,69,4.0,995.9
2026-02-02 08:00:00,81.7,77.5,15.4,121.0,932.0,18.5,62,4.0,994.7
2026-02-02 09:00:00,73.8,69.2,12.3,126.0,692.0,19.1,58,3.8,993.9
2026-02-02 10:00:00,69.8,64.7,22.8,111.0,626.0,19.3,55,3.7,993.3
2026-02-02 11:00:00,68.9,63.8,40.6,84.0,673.0,19.1,55,4.0,993.1
2026-02-02 12:00:00,70.8,67.1,53.0,53.0,830.0,18.2,60,4.2,992.7
2026-02-02 13:00:00,89.4,85.4,60.7,42.0,1178.0,16.4,68,5.1,992.4
2026-02-02 14:00:00,102.7,98.7,71.0,27.0,1636.0,15.7,72,5.1,992.7
2026-02-02 15:00:00,106.9,102.9,76.5,17.0,1951.0,15.1,75,5.2,992.7
2026-02-02 16:00:00,101.7,97.8,73.3,16.0,2013.0,14.2,79,5.6,992.8
2026-02-02 17:00:00,97.3,93.6,65.3,21.0,1932.0,13.9,79,3.9,992.6
2026-02-02 18:00:00,96.2,92.4,56.7,26.0,1792.0,13.3,80,4.0,992.6
2026-02-02 19:00:00,96.4,92.7,48.0,32.0,1562.0,12.9,80,4.5,992.3
2026-02-02 20:00:00,98.3,94.3,38.8,39.0,1272.0,12.5,81,5.1,992.3
2026-02-02 21:00:00,100.6,96.4,31.4,44.0,1097.0,11.6,83,5.8,992.1
2026-02-02 22:00:00,102.7,98.5,25.9,48.0,1005.0,11.1,84,5.6,991.8
2026-02-02 23:00:00,105.2,101.0,22.4,50.0,1028.0,10.5,84,5.8,991.7
2026-02-03 00:00:00,122.9,118.7,32.9,33.0,1437.0,10.1,83,4.9,992.0
2026-02-03 01:00:00,125.7,121.5,38.3,28.0,2708.0,9.8,82,2.5,992.5
2026-02-03 02:00:00,133.2,129.5,45.4,22.0,4364.0,9.4,84,0.0,993.2
2026-02-03 03:00:00,142.5,139.2,48.5,29.0,5247.0,10.2,85,1.3,994.1
2026-02-03 04:00:00,144.8,142.0,44.4,58.0,4644.0,12.6,75,2.2,995.2
2026-02-03 05:00:00,136.4,133.2,36.3,100.0,3268.0,15.2,64,2.9,996.1
2026-02-03 06:00:00,121.5,117.8,28.5,137.0,2100.0,17.4,54,2.9,996.4
2026-02-03 07:00:00,106.6,102.4,19.4,168.0,1479.0,19.6,46,2.4,996.0
2026-02-03 08:00:00,93.6,88.9,10.6,193.0,1067.0,20.8,38,2.6,995.1
2026-02-03 09:00:00,85.7,80.1,11.1,201.0,831.0,21.1,35,3.3,994.3
2026-02-03 10:00:00,79.6,73.6,27.3,179.0,809.0,21.2,35,4.6,993.9
2026-02-03 11:00:00,78.9,73.1,52.7,140.0,962.0,20.7,37,6.6,994.1
2026-02-03 12:00:00,83.6,80.1,77.6,83.0,1145.0,19.1,51,5.3,993.9
2026-02-03 13:00:00,112.2,108.5,89.4,64.0,1326.0,16.8,61,4.9,994.2
2026-02-03 14:00:00,140.6,136.9,105.4,39.0,1535.0,15.4,68,4.9,995.0
2026-02-03 15:00:00,159.7,156.0,115.5,19.0,1720.0,14.1,74,4.9,995.2
2026-02-03 16:00:00,154.1,150.9,114.0,11.0,1859.0,12.9,81,5.4,995.7
2026-02-03 17:00:00,149.9,146.2,106.6,9.0,1974.0,12.2,83,3.2,995.9
2026-02-03 18:00:00,149.0,145.3,99.7,7.0,2074.0,11.8,86,3.6,996.2
2026-02-03 19:00:00,150.9,146.7,95.9,5.0,2206.0,11.5,86,3.9,996.3
2026-02-03 20:00:00,155.5,150.9,92.6,3.0,2323.0,11.0,87,2.9,996.2
2026-02-03 21:00:00,164.4,159.7,88.8,2.0,2300.0,10.4,90,1.9,996.2
2026-02-03 22:00:00,177.0,172.3,84.3,1.0,1921.0,9.8,93,0.7,995.9
2026-02-03 23:00:00,186.7,182.1,79.2,0.0,1402.0,9.0,96,3.1,995.9
2026-02-04 00:00:00,184.4,180.2,46.5,5.0,1262.0,8.8,95,3.0,995.8
2026-02-04 01:00:00,187.7,183.5,44.0,3.0,1984.0,8.1,99,3.7,996.2
2026-02-04 02:00:00,181.6,177.9,40.4,2.0,3085.0,7.9,100,3.3,996.6
2026-02-04 03:00:00,179.3,176.5,37.2,13.0,3640.0,9.3,97,4.4,997.0
2026-02-04 04:00:00,178.8,176.5,35.7,48.0,3090.0,12.1,87,2.4,997.9
2026-02-04 05:00:00,175.6,173.7,34.5,96.0,1994.0,16.3,67,1.3,998.6
2026-02-04 06:00:00,132.7,129.0,31.2,132.0,1107.0,19.1,51,4.5,998.7
2026-02-04 07:00:00,91.5,85.7,21.9,149.0,719.0,21.1,40,8.8,998.1
2026-02-04 08:00:00,62.4,54.0,10.3,154.0,541.0,21.9,36,10.8,997.0
2026-02-04 09:00:00,51.6,42.6,5.7,149.0,459.0,22.2,34,10.9,996.1
2026-02-04 10:00:00,46.8,37.8,13.5,130.0,428.0,22.2,32,10.2,995.7
2026-02-04 11:00:00,45.5,38.1,28.2,101.0,492.0,21.7,32,9.9,995.3
2026-02-04 12:00:00,45.4,41.3,40.9,74.0,677.0,20.7,37,8.2,995.0
2026-02-04 13:00:00,61.9,57.7,51.0,59.0,1105.0,18.9,46,5.2,994.5
2026-02-04 14:00:00,70.8,67.1,64.5,39.0,1652.0,17.9,50,5.6,994.5
2026-02-04 15:00:00,69.4,66.1,71.0,26.0,1974.0,17.1,52,6.0,994.7
2026-02-04 16:00:00,65.4,62.9,64.4,29.0,1863.0,15.9,56,6.3,994.6
2026-02-04 17:00:00,63.1,61.2,50.9,40.0,1527.0,15.5,57,7.7,994.6
2026-02-04 18:00:00,60.3,58.8,38.7,49.0,1240.0,14.8,64,7.7,994.7
2026-02-04 19:00:00,56.5,55.2,30.3,54.0,1105.0,14.1,63,7.5,994.5
2026-02-04 20:00:00,54.2,52.7,23.2,59.0,1021.0,13.3,62,6.7,994.1
2026-02-04 21:00:00,53.2,51.3,18.0,61.0,955.0,12.7,61,6.7,993.7
2026-02-04 22:00:00,52.7,50.3,14.7,62.0,849.0,12.0,61,6.8,993.2
2026-02-04 23:00:00,52.3,49.2,13.3,61.0,762.0,11.0,64,6.1,992.9
2026-02-05 00:00:00,63.1,60.5,19.1,45.0,840.0,10.3,73,5.9,992.8
2026-02-05 01:00:00,66.1,63.1,25.2,37.0,1279.0,9.8,75,5.4,992.9
2026-02-05 02:00:00,71.0,67.8,33.3,27.0,1884.0,9.4,76,3.9,993.3
2026-02-05 03:00:00,76.1,72.4,37.5,29.0,2216.0,11.0,69,3.9,994.0
2026-02-05 04:00:00,75.9,72.9,34.4,54.0,2017.0,13.4,59,2.3,994.8
2026-02-05 05:00:00,71.0,67.1,27.4,92.0,1544.0,16.3,49,2.1,995.5
2026-02-05 06:00:00,63.8,58.9,20.8,123.0,1130.0,19.1,39,3.6,995.7
2026-02-05 07:00:00,56.0,50.8,14.3,143.0,875.0,21.4,31,4.6,995.3
2026-02-05 08:00:00,47.5,42.4,8.2,157.0,678.0,22.6,27,6.2,994.2
2026-02-05 09:00:00,41.0,36.1,8.3,158.0,571.0,23.1,24,7.2,993.4
2026-02-05 10:00:00,37.4,32.7,18.7,140.0,447.0,23.2,23,7.2,992.8
2026-02-05 11:00:00,38.6,34.7,35.2,109.0,413.0,22.7,25,8.2,992.9
2026-02-05 12:00:00,61.7,58.8,58.9,93.0,814.0,21.5,28,6.6,993.1
2026-02-05 13:00:00,76.6,73.6,73.2,71.0,2043.0,19.3,34,4.5,993.2
2026-02-05 14:00:00,92.7,89.9,92.8,39.0,3708.0,18.5,38,2.2,993.7
2026-02-05 15:00:00,108.3,105.7,105.7,16.0,4978.0,17.0,45,2.0,993.5
2026-02-05 16:00:00,119.7,116.4,106.2,7.0,5512.0,15.1,55,1.4,993.7
2026-02-05 17:00:00,125.3,120.6,100.2,6.0,5652.0,13.4,67,1.5,993.6
2026-02-05 18:00:00,122.9,116.9,93.1,7.0,5591.0,13.0,75,0.8,993.8
2026-02-05 19:00:00,111.1,105.2,86.2,9.0,5333.0,12.4,80,0.2,993.6
2026-02-05 20:00:00,99.4,94.1,78.4,12.0,4875.0,11.4,84,0.3,993.5
2026-02-05 21:00:00,92.4,87.5,71.5,15.0,4404.0,10.9,87,0.6,993.1
2026-02-05 22:00:00,90.6,85.7,66.1,15.0,3932.0,10.5,87,1.1,992.5
2026-02-05 23:00:00,90.8,85.7,61.7,14.0,3447.0,10.1,87,3.3,992.0
2026-02-06 00:00:00,122.5,117.8,81.0,0.0,3101.0,10.5,80,5.8,992.4
2026-02-06 01:00:00,116.6,112.2,78.5,0.0,3053.0,10.7,74,5.7,992.7
2026-02-06 02:00:00,118.0,113.6,74.6,3.0,3145.0,10.4,74,5.5,993.1
2026-02-06 03:00:00,130.4,126.2,67.8,18.0,3049.0,12.4,65,5.7,993.9
2026-02-06 04:00:00,100.1,96.4,56.1,58.0,2553.0,15.1,55,4.7,994.7
2026-02-06 05:00:00,78.2,75.0,41.7,112.0,1870.0,18.0,47,1.3,995.3
2026-02-06 06:00:00,61.5,60.1,29.2,154.0,1311.0,20.4,40,1.4,995.1
2026-02-06 07:00:00,55.3,54.0,18.6,178.0,990.0,22.6,34,2.8,994.4
2026-02-06 08:00:00,49.6,47.7,10.0,190.0,794.0,23.7,33,5.4,993.5
2026-02-06 09:00:00,47.7,45.1,8.8,188.0,697.0,24.1,34,7.2,992.6
2026-02-06 10:00:00,49.1,45.6,18.8,166.0,639.0,24.2,35,7.5,991.9
2026-02-06 11:00:00,54.2,50.8,36.2,130.0,679.0,23.9,35,6.6,991.2
2026-02-06 12:00:00,69.2,67.1,66.4,84.0,976.0,22.9,38,4.8,991.3
2026-02-06 13:00:00,95.2,92.9,83.3,65.0,1796.0,20.3,47,2.4,991.4
2026-02-06 14:00:00,118.7,116.4,106.5,39.0,2872.0,18.5,57,4.1,991.8
2026-02-06 15:00:00,139.7,136.9,122.3,19.0,3559.0,16.9,66,3.6,992.2
2026-02-06 16:00:00,154.6,151.8,125.1,12.0,3472.0,15.5,74,3.9,992.5
2026-02-06 17:00:00,165.8,162.1,120.6,13.0,2997.0,14.4,80,4.0,992.5
2026-02-06 18:00:00,170.9,166.2,112.4,15.0,2643.0,14.6,83,2.3,992.7
2026-02-06 19:00:00,164.4,159.7,100.7,18.0,2689.0,14.5,83,2.0,992.5
2026-02-06 20:00:00,144.4,140.2,85.3,23.0,2855.0,14.6,81,0.2,992.4
2026-02-06 21:00:00,115.0,111.3,69.9,29.0,2818.0,14.3,81,7.1,992.3
2026-02-06 22:00:00,89.6,82.9,53.9,36.0,2309.0,13.7,77,5.5,991.9
2026-02-06 23:00:00,77.5,63.3,37.9,44.0,1596.0,13.5,77,5.6,991.4
2026-02-07 00:00:00,71.0,43.5,21.3,57.0,1156.0,13.9,78,5.6,991.4
2026-02-07 01:00:00,70.1,34.9,23.6,53.0,1317.0,13.4,80,6.6,991.7
2026-02-07 02:00:00,71.2,34.2,26.7,48.0,1751.0,12.3,84,5.9,992.1
2026-02-07 03:00:00,71.9,37.1,27.8,50.0,1954.0,13.1,75,7.9,992.8
2026-02-07 04:00:00,65.9,39.0,25.4,64.0,1642.0,15.1,57,6.5,993.3
2026-02-07 05:00:00,71.9,38.3,20.9,84.0,1097.0,18.1,44,6.9,993.2
2026-02-07 06:00:00,76.1,37.1,16.6,102.0,667.0,20.4,35,10.4,993.4
2026-02-07 07:00:00,64.5,31.7,11.9,116.0,487.0,22.1,28,11.8,992.9
2026-02-07 08:00:00,49.0,24.5,7.4,129.0,421.0,22.9,25,11.7,991.9
2026-02-07 09:00:00,39.7,20.4,6.1,132.0,403.0,23.3,24,11.6,990.9
2026-02-07 10:00:00,34.7,18.3,10.0,122.0,415.0,23.3,21,12.2,990.4
2026-02-07 11:00:00,32.6,18.1,17.2,104.0,477.0,22.4,24,11.3,990.1
2026-02-07 12:00:00,26.1,21.6,27.8,85.0,579.0,21.3,29,11.3,989.5
2026-02-07 13:00:00,37.1,31.4,35.4,71.0,759.0,20.0,33,8.5,989.8
2026-02-07 14:00:00,43.0,36.3,45.9,52.0,980.0,19.2,36,7.6,990.1
2026-02-07 15:00:00,48.2,40.3,53.2,37.0,1126.0,18.4,37,7.4,990.5
2026-02-07 16:00:00,54.5,44.8,54.9,31.0,1131.0,17.4,38,7.0,990.9
2026-02-07 17:00:00,61.5,50.6,53.4,30.0,1062.0,16.4,39,6.6,991.2
2026-02-07 18:00:00,65.0,53.2,50.0,31.0,1000.0,15.3,48,6.4,991.0
2026-02-07 19:00:00,64.3,52.2,43.7,35.0,965.0,15.3,48,6.3,990.9
2026-02-07 20:00:00,63.1,51.3,35.5,41.0,938.0,14.4,52,6.2,990.6
2026-02-07 21:00:00,63.3,51.6,29.1,45.0,943.0,13.2,58,5.6,989.9
2026-02-07 22:00:00,63.8,52.6,25.6,45.0,953.0,12.3,63,5.7,989.4
2026-02-07 23:00:00,64.3,53.7,23.8,42.0,995.0,11.4,66,5.6,988.9
2026-02-08 00:00:00,65.2,55.9,23.3,40.0,1181.0,10.5,75,4.8,989.0
2026-02-08 01:00:00,64.3,56.1,28.1,34.0,1709.0,10.0,76,4.0,989.0
2026-02-08 02:00:00,68.2,60.5,34.5,27.0,2381.0,9.4,78,4.8,989.5
2026-02-08 03:00:00,67.8,61.7,37.3,31.0,2711.0,11.4,68,6.4,990.2
2026-02-08 04:00:00,62.4,58.2,33.4,56.0,2388.0,14.0,57,4.0,991.0
2026-02-08 05:00:00,54.4,50.5,26.0,93.0,1723.0,17.2,43,3.7,991.7
2026-02-08 06:00:00,44.7,41.9,19.3,124.0,1163.0,20.0,34,4.6,991.9
2026-02-08 07:00:00,35.5,32.5,12.9,145.0,859.0,22.4,26,5.4,991.6
2026-02-08 08:00:00,28.8,25.0,7.3,160.0,659.0,23.7,21,6.2,990.3
2026-02-08 09:00:00,25.9,21.7,7.7,162.0,558.0,24.4,18,6.5,989.1
2026-02-08 10:00:00,25.0,20.5,18.0,145.0,551.0,24.5,18,6.1,988.4
2026-02-08 11:00:00,25.4,21.1,34.3,116.0,642.0,24.0,19,6.0,988.1
2026-02-08 12:00:00,39.1,35.7,45.0,99.0,842.0,22.9,22,5.2,987.8
2026-02-08 13:00:00,60.3,56.9,58.6,78.0,1246.0,20.4,26,4.1,987.7
2026-02-08 14:00:00,76.1,72.6,77.3,48.0,1758.0,19.5,29,4.1,987.9
2026-02-08 15:00:00,82.4,78.2,90.0,26.0,2097.0,19.2,32,3.1,988.2
2026-02-08 16:00:00,80.6,76.1,91.0,20.0,2095.0,18.7,35,3.2,988.4
2026-02-08 17:00:00,83.1,78.0,86.2,21.0,1919.0,18.2,37,3.3,988.3
2026-02-08 18:00:00,90.1,84.3,81.9,22.0,1793.0,17.3,45,3.3,988.4
2026-02-08 19:00:00,94.1,88.0,80.2,21.0,1807.0,16.9,47,1.2,988.4
2026-02-08 20:00:00,95.9,89.4,79.1,19.0,1870.0,16.4,52,0.7,988.1
2026-02-08 21:00:00,97.3,90.3,79.2,17.0,1938.0,15.5,54,0.6,988.1
2026-02-08 22:00:00,101.7,94.3,81.6,13.0,1915.0,14.3,55,0.3,987.9
2026-02-08 23:00:00,108.0,100.4,85.3,8.0,1897.0,13.2,60,1.5,987.0
2026-02-09 00:00:00,125.3,118.0,91.2,0.0,2123.0,12.0,72,2.3,987.1
2026-02-09 01:00:00,134.1,127.1,87.9,0.0,2943.0,11.5,74,2.6,987.5
2026-02-09 02:00:00,151.8,144.8,83.0,0.0,4007.0,11.4,73,2.9,988.0
2026-02-09 03:00:00,169.5,163.4,76.6,4.0,4504.0,12.9,65,5.7,988.7
2026-02-09 04:00:00,128.5,122.9,68.3,30.0,3913.0,15.8,54,3.5,989.6
2026-02-09 05:00:00,101.7,95.9,58.5,66.0,2755.0,19.0,45,3.2,990.2
2026-02-09 06:00:00,77.8,73.1,48.2,100.0,1786.0,21.4,39,3.8,990.7
2026-02-09 07:00:00,67.5,64.0,34.9,132.0,1270.0,23.3,33,3.6,990.6
2026-02-09 08:00:00,56.7,52.6,21.2,162.0,944.0,24.3,29,1.9,989.7
2026-02-09 09:00:00,50.8,45.9,15.1,176.0,768.0,24.8,27,2.7,988.9
2026-02-09 10:00:00,47.3,42.1,22.6,164.0,790.0,24.4,29,6.2,988.4
2026-02-09 11:00:00,48.0,43.1,37.7,136.0,962.0,23.0,41,11.0,988.4
2026-02-09 12:00:00,66.4,61.9,43.7,94.0,1108.0,20.8,53,11.7,988.1
2026-02-09 13:00:00,78.7,75.0,54.2,74.0,1160.0,19.6,57,8.7,988.5
2026-02-09 14:00:00,88.9,85.2,68.6,47.0,1185.0,19.1,62,7.9,989.3
2026-02-09 15:00:00,98.7,95.5,78.9,26.0,1209.0,18.7,64,7.1,989.5
2026-02-09 16:00:00,106.4,103.4,82.3,15.0,1258.0,17.6,69,7.4,990.0
2026-02-09 17:00:00,114.3,110.4,81.5,11.0,1306.0,16.0,76,4.7,990.0
2026-02-09 18:00:00,121.5,116.6,76.5,11.0,1304.0,15.4,78,5.2,990.0
2026-02-09 19:00:00,120.6,115.3,64.4,19.0,1201.0,15.3,78,6.5,989.9
2026-02-09 20:00:00,110.1,105.5,48.0,33.0,1047.0,14.9,79,7.4,989.6
2026-02-09 21:00:00,103.6,99.2,35.9,42.0,953.0,13.8,85,7.6,988.8
2026-02-09 22:00:00,102.7,97.8,31.9,42.0,919.0,13.4,86,7.7,988.4
2026-02-09 23:00:00,106.6,100.4,32.2,37.0,944.0,12.6,89,5.6,988.3
2026-02-10 00:00:00,117.3,110.4,46.0,19.0,1129.0,12.0,92,4.1,989.0
2026-02-10 01:00:00,121.1,113.6,49.2,13.0,1674.0,11.9,93,4.2,989.3
2026-02-10 02:00:00,133.6,126.2,53.1,6.0,2379.0,11.6,94,2.2,990.4
2026-02-10 03:00:00,147.1,140.6,53.5,15.0,2745.0,12.7,88,4.4,991.0
2026-02-10 04:00:00,136.9,131.3,47.3,54.0,2461.0,15.0,76,3.1,991.7
2026-02-10 05:00:00,120.1,112.7,37.5,109.0,1839.0,17.8,65,3.7,992.1
2026-02-10 06:00:00,100.6,95.7,28.4,153.0,1315.0,19.8,58,7.3,992.8
2026-02-10 07:00:00,84.8,79.6,20.5,178.0,1053.0,21.3,50,7.9,992.4
2026-02-10 08:00:00,70.3,64.5,13.2,191.0,888.0,22.3,43,7.8,991.8
2026-02-10 09:00:00,57.9,51.5,9.2,192.0,764.0,22.9,40,7.3,990.9
2026-02-10 10:00:00,49.6,43.2,10.8,174.0,667.0,22.9,38,8.5,990.9
2026-02-10 11:00:00,41.4,34.5,15.5,143.0,612.0,22.3,39,12.3,990.9
2026-02-10 12:00:00,36.0,28.9,18.4,98.0,582.0,21.9,43,8.5,990.6
2026-02-10 13:00:00,36.0,28.5,17.9,92.0,579.0,20.0,53,6.4,991.4
2026-02-10 14:00:00,37.0,28.2,17.2,84.0,603.0,18.5,60,9.3,992.5
2026-02-10 15:00:00,36.9,27.6,16.7,78.0,636.0,17.2,68,9.6,993.2
2026-02-10 16:00:00,35.4,26.8,16.5,76.0,689.0,16.3,73,7.1,993.9
2026-02-10 17:00:00,35.6,27.5,16.6,75.0,752.0,15.8,74,8.2,994.0
2026-02-10 18:00:00,37.3,29.0,16.7,73.0,781.0,15.8,77,5.7,993.7
2026-02-10 19:00:00,38.5,29.6,17.2,68.0,747.0,15.6,75,6.2,993.6
2026-02-10 20:00:00,42.7,32.4,17.8,62.0,678.0,14.8,75,5.0,993.6
2026-02-10 21:00:00,46.4,36.1,17.7,58.0,617.0,14.0,77,7.4,993.6
2026-02-10 22:00:00,44.8,36.3,15.6,56.0,550.0,13.4,76,9.5,993.6
2026-02-10 23:00:00,41.7,34.6,12.8,56.0,491.0,12.9,75,10.1,993.2
2026-02-11 00:00:00,40.3,34.7,16.1,48.0,525.0,12.8,65,11.2,993.7
2026-02-11 01:00:00,38.0,32.7,19.6,44.0,753.0,12.7,69,11.7,994.0
2026-02-11 02:00:00,39.7,34.6,24.3,39.0,1074.0,12.4,73,11.2,994.6
2026-02-11 03:00:00,41.9,37.1,26.6,42.0,1267.0,13.4,68,10.7,995.1
2026-02-11 04:00:00,42.7,38.3,24.5,58.0,1219.0,15.6,59,7.6,995.8
2026-02-11 05:00:00,41.3,36.3,19.9,81.0,1044.0,18.4,49,7.1,996.2
2026-02-11 06:00:00,39.1,34.1,15.5,102.0,863.0,21.3,42,9.3,996.5
2026-02-11 07:00:00,34.0,28.2,11.4,118.0,694.0,23.4,34,12.1,995.9
2026-02-11 08:00:00,35.7,27.0,7.4,130.0,519.0,24.4,30,12.8,995.0
2026-02-11 09:00:00,39.8,28.0,5.7,136.0,409.0,24.8,29,12.4,994.1
2026-02-11 10:00:00,38.9,27.3,6.7,133.0,382.0,24.6,29,11.2,993.7
2026-02-11 11:00:00,35.2,25.4,9.9,122.0,421.0,24.1,30,10.3,993.4
2026-02-11 12:00:00,29.6,23.6,17.2,109.0,543.0,23.0,34,8.8,993.3
2026-02-11 13:00:00,36.3,31.8,30.8,86.0,830.0,21.3,39,4.8,993.5
2026-02-11 14:00:00,44.7,41.0,49.2,55.0,1199.0,20.3,42,5.2,993.8
2026-02-11 15:00:00,49.0,46.0,59.9,34.0,1423.0,19.2,47,5.6,993.6
2026-02-11 16:00:00,49.0,46.7,55.9,33.0,1365.0,18.2,52,5.9,993.8
2026-02-11 17:00:00,46.6,44.9,44.3,43.0,1161.0,17.7,54,6.9,993.6
2026-02-11 18:00:00,43.3,42.1,33.9,52.0,988.0,17.3,60,8.0,993.9
2026-02-11 19:00:00,39.7,38.8,27.3,56.0,903.0,16.5,59,8.1,993.4
2026-02-11 20:00:00,37.6,36.8,22.0,59.0,849.0,15.1,63,6.0,993.2
2026-02-11 21:00:00,37.3,36.6,18.5,60.0,827.0,13.8,67,5.1,992.7
2026-02-11 22:00:00,38.8,38.1,17.4,57.0,816.0,13.0,71,4.6,992.1
2026-02-11 23:00:00,41.0,39.9,18.2,52.0,837.0,12.2,74,4.4,991.6
2026-02-12 00:00:00,46.7,45.4,20.8,45.0,959.0,11.6,80,4.7,991.6
2026-02-12 01:00:00,47.4,45.5,26.3,38.0,1313.0,11.5,81,5.2,991.7
2026-02-12 02:00:00,51.8,49.6,33.5,29.0,1768.0,11.0,83,5.5,991.8
2026-02-12 03:00:00,54.7,52.4,36.6,33.0,2001.0,13.0,71,7.3,992.4
2026-02-12 04:00:00,52.6,50.4,31.7,60.0,1817.0,15.5,60,3.9,993.3
2026-02-12 05:00:00,43.9,42.3,22.7,99.0,1411.0,18.4,49,3.0,993.6
2026-02-12 06:00:00,32.9,32.0,15.0,130.0,1048.0,21.1,40,2.6,994.0
2026-02-12 07:00:00,22.2,20.4,9.9,146.0,801.0,23.5,32,3.2,993.4
2026-02-12 08:00:00,21.1,17.9,6.2,154.0,597.0,24.7,28,5.2,992.5
2026-02-12 09:00:00,21.5,17.1,5.9,155.0,479.0,25.4,25,5.6,991.7
2026-02-12 10:00:00,21.7,16.9,9.6,148.0,459.0,25.7,23,4.6,991.0
2026-02-12 11:00:00,21.8,17.1,16.7,133.0,525.0,25.5,23,4.3,990.6
2026-02-12 12:00:00,27.0,23.4,23.3,128.0,680.0,24.2,26,5.8,990.3
2026-02-12 13:00:00,44.1,41.0,41.8,99.0,984.0,22.4,30,5.4,990.3
2026-02-12 14:00:00,58.7,55.9,67.3,60.0,1378.0,21.4,34,5.4,990.6
2026-02-12 15:00:00,70.3,67.8,85.4,30.0,1681.0,20.2,38,5.0,990.7
2026-02-12 16:00:00,78.9,76.4,88.7,20.0,1838.0,19.5,39,3.3,990.9
2026-02-12 17:00:00,88.2,85.0,84.6,20.0,1905.0,18.8,41,1.5,990.8
2026-02-12 18:00:00,96.2,91.7,81.4,20.0,1871.0,18.3,47,1.7,990.7
2026-02-12 19:00:00,100.1,95.2,82.3,16.0,1672.0,17.2,50,2.0,990.7
2026-02-12 20:00:00,103.4,98.3,84.0,11.0,1373.0,16.3,54,1.5,990.4
2026-02-12 21:00:00,105.2,100.1,84.8,7.0,1158.0,15.3,57,2.0,990.0
2026-02-12 22:00:00,103.1,98.0,84.0,4.0,1053.0,14.3,61,3.2,989.4
2026-02-12 23:00:00,101.3,96.4,82.3,1.0,1032.0,13.5,65,3.6,988.6
2026-02-13 00:00:00,71.9,69.6,40.1,33.0,1204.0,12.8,71,4.2,988.5
2026-02-13 01:00:00,75.9,72.9,45.1,26.0,1807.0,12.5,72,3.5,988.5
2026-02-13 02:00:00,85.7,82.0,51.5,17.0,2604.0,12.1,74,3.8,989.1
2026-02-13 03:00:00,98.7,94.1,53.1,23.0,2985.0,13.9,66,6.2,989.9
2026-02-13 04:00:00,88.9,85.4,45.8,57.0,2561.0,17.0,55,3.8,990.8
2026-02-13 05:00:00,76.4,74.0,33.8,106.0,1722.0,19.9,47,3.4,991.3
2026-02-13 06:00:00,59.0,58.3,23.2,144.0,1033.0,22.5,40,5.8,991.5
2026-02-13 07:00:00,37.3,36.8,15.4,162.0,705.0,24.7,31,7.0,991.1
2026-02-13 08:00:00,24.2,23.7,9.0,169.0,528.0,25.8,26,7.5,990.1
2026-02-13 09:00:00,20.5,20.0,5.9,170.0,434.0,26.4,22,7.4,989.1
2026-02-13 10:00:00,19.4,19.0,5.8,165.0,391.0,26.5,21,7.9,988.8
2026-02-13 11:00:00,19.2,18.7,8.9,153.0,431.0,26.0,22,7.5,988.3
2026-02-13 12:00:00,30.5,29.2,20.6,125.0,587.0,24.7,24,6.3,988.0
2026-02-13 13:00:00,50.6,49.4,39.8,96.0,925.0,22.7,30,5.4,988.3
2026-02-13 14:00:00,68.2,67.1,66.0,56.0,1378.0,22.2,35,6.6,988.8
2026-02-13 15:00:00,77.5,76.4,84.6,27.0,1780.0,20.8,40,5.2,989.4
2026-02-13 16:00:00,82.0,80.6,88.1,18.0,2106.0,19.3,45,2.3,989.7
2026-02-13 17:00:00,89.6,88.0,83.8,19.0,2380.0,17.3,52,5.3,989.9
2026-02-13 18:00:00,97.3,95.7,79.2,21.0,2512.0,16.2,62,4.5,989.9
2026-02-13 19:00:00,103.1,101.5,76.5,20.0,2412.0,16.0,66,3.3,990.1
2026-02-13 20:00:00,109.4,107.3,73.5,19.0,2169.0,15.1,74,3.3,989.7
2026-02-13 21:00:00,115.7,112.0,70.8,18.0,1956.0,14.0,82,3.5,989.4
2026-02-13 22:00:00,120.1,115.3,68.1,16.0,1716.0,13.0,91,3.6,989.0
2026-02-13 23:00:00,122.0,116.4,65.7,14.0,1506.0,12.4,95,3.2,988.6
2026-02-14 00:00:00,123.4,118.7,79.2,0.0,1670.0,12.2,94,0.5,988.5
2026-02-14 01:00:00,126.2,121.1,82.5,0.0,2684.0,11.9,95,0.2,988.8
2026-02-14 02:00:00,136.0,130.4,86.3,0.0,4071.0,11.4,97,0.2,989.1
2026-02-14 03:00:00,150.4,144.4,83.2,16.0,4744.0,13.1,89,1.1,989.9
2026-02-14 04:00:00,125.7,122.0,67.2,61.0,4007.0,17.5,68,1.6,990.8
2026-02-14 05:00:00,90.8,89.4,44.3,120.0,2555.0,21.4,49,2.2,991.0
2026-02-14 06:00:00,68.7,66.6,25.6,164.0,1391.0,23.8,40,5.2,991.4
2026-02-14 07:00:00,42.0,39.7,14.9,180.0,912.0,25.5,34,6.7,990.4
2026-02-14 08:00:00,28.9,26.5,8.3,181.0,721.0,26.4,30,7.4,989.6
2026-02-14 09:00:00,25.7,23.3,5.2,176.0,623.0,26.9,28,7.6,988.7
2026-02-14 10:00:00,24.2,21.6,5.2,168.0,544.0,27.1,27,6.8,988.1
2026-02-14 11:00:00,23.5,20.6,8.7,155.0,557.0,26.7,28,7.2,987.5
2026-02-14 12:00:00,38.5,32.4,21.3,121.0,694.0,25.2,33,5.9,987.4
2026-02-14 13:00:00,47.7,42.7,34.9,98.0,1033.0,23.4,38,5.3,987.8
2026-02-14 14:00:00,57.7,53.4,53.3,67.0,1494.0,22.7,41,7.1,988.0
2026-02-14 15:00:00,62.6,58.7,64.9,46.0,1872.0,21.6,45,5.8,988.2
2026-02-14 16:00:00,64.3,60.3,63.5,43.0,2123.0,20.3,48,5.4,988.4
2026-02-14 17:00:00,67.1,62.9,55.2,50.0,2289.0,19.4,50,5.5,988.0
2026-02-14 18:00:00,70.8,66.1,47.2,56.0,2295.0,18.8,60,5.4,988.4
2026-02-14 19:00:00,73.8,68.9,41.6,57.0,2027.0,18.4,61,4.5,988.0
2026-02-14 20:00:00,75.9,70.8,36.3,56.0,1598.0,17.4,65,5.6,987.8
2026-02-14 21:00:00,76.1,71.0,31.7,55.0,1267.0,16.6,68,6.0,987.9
2026-02-14 22:00:00,75.0,70.1,26.6,54.0,1019.0,16.1,70,6.1,987.8
2026-02-14 23:00:00,74.5,69.8,22.2,53.0,869.0,14.7,76,5.0,987.5
2026-02-15 00:00:00,125.3,119.0,74.8,16.0,1121.0,13.8,79,2.0,987.3
2026-02-15 01:00:00,123.9,117.1,78.7,13.0,2256.0,13.2,82,1.1,987.5
2026-02-15 02:00:00,134.1,127.6,83.2,10.0,3793.0,12.6,85,0.3,987.7
2026-02-15 03:00:00,147.6,141.1,80.5,21.0,4587.0,14.1,77,3.4,988.3
2026-02-15 04:00:00,122.0,117.1,63.9,59.0,3924.0,17.6,62,1.8,989.4
2026-02-15 05:00:00,97.6,92.0,40.1,110.0,2518.0,21.1,50,1.6,989.7
2026-02-15 06:00:00,71.2,64.7,21.1,148.0,1369.0,23.7,43,4.2,989.9
2026-02-15 07:00:00,44.8,35.4,11.3,161.0,857.0,26.1,34,6.3,989.5
2026-02-15 08:00:00,35.7,23.3,6.3,161.0,601.0,27.3,26,9.0,988.7
2026-02-15 09:00:00,33.9,20.0,4.5,157.0,462.0,27.8,22,9.3,987.9
2026-02-15 10:00:00,32.9,18.7,4.6,152.0,344.0,27.8,23,8.4,987.4
2026-02-15 11:00:00,32.5,18.5,7.9,142.0,342.0,27.5,23,7.4,986.8
2026-02-15 12:00:00,36.1,23.2,15.8,128.0,599.0,26.6,25,6.3,986.9
2026-02-15 13:00:00,42.8,32.1,34.1,101.0,1319.0,24.0,30,3.9,987.0
2026-02-15 14:00:00,55.6,44.9,59.4,63.0,2299.0,23.0,33,2.1,987.4
2026-02-15 15:00:00,67.5,56.5,79.3,34.0,3073.0,22.0,38,1.0,987.7
2026-02-15 16:00:00,79.9,68.2,88.5,22.0,3519.0,20.2,40,0.9,987.9
2026-02-15 17:00:00,93.6,80.6,92.1,19.0,3758.0,17.9,48,5.2,988.0
2026-02-15 18:00:00,106.6,91.3,93.3,16.0,3696.0,16.8,61,5.4,987.9
2026-02-15 19:00:00,117.8,101.5,92.8,12.0,3120.0,16.2,69,5.1,987.9
2026-02-15 20:00:00,127.6,111.5,89.9,9.0,2242.0,15.2,79,4.7,987.5
2026-02-15 21:00:00,131.3,116.9,85.2,7.0,1598.0,14.3,88,4.7,987.1
2026-02-15 22:00:00,125.3,111.1,77.7,7.0,1349.0,13.7,92,3.4,986.7
2026-02-15 23:00:00,123.4,109.4,68.4,9.0,1334.0,12.8,96,2.7,986.3
2026-02-16 00:00:00,115.3,102.4,56.3,12.0,1613.0,12.4,97,2.9,986.4
2026-02-16 01:00:00,121.5,107.8,58.9,8.0,2511.0,11.8,100,2.5,986.6
2026-02-16 02:00:00,136.9,122.0,61.9,5.0,3703.0,11.3,100,2.7,987.1
2026-02-16 03:00:00,145.8,134.6,60.4,17.0,4269.0,12.5,97,4.3,987.4
2026-02-16 04:00:00,118.7,110.6,50.5,60.0,3608.0,17.0,76,3.5,988.3
2026-02-16 05:00:00,95.5,85.9,36.1,120.0,2321.0,21.7,55,3.5,989.1
2026-02-16 06:00:00,71.2,60.5,23.7,165.0,1290.0,24.4,42,1.8,989.2
2026-02-16 07:00:00,50.5,40.0,15.3,184.0,858.0,26.7,31,0.9,988.9
2026-02-16 08:00:00,40.3,29.8,9.0,189.0,682.0,27.7,25,0.6,988.0
2026-02-16 09:00:00,38.1,27.7,5.8,189.0,614.0,28.0,23,1.5,986.9
2026-02-16 10:00:00,37.7,27.5,5.4,189.0,634.0,28.1,22,2.5,986.2
2026-02-16 11:00:00,37.6,27.6,8.1,185.0,761.0,27.6,24,5.4,985.7
2026-02-16 12:00:00,52.2,39.3,13.6,188.0,909.0,25.5,39,8.4,985.4
2026-02-16 13:00:00,68.5,56.7,38.1,149.0,1074.0,22.9,52,7.7,985.6
2026-02-16 14:00:00,87.1,75.9,71.5,94.0,1258.0,21.3,58,4.5,986.1
2026-02-16 15:00:00,96.6,86.4,92.9,54.0,1387.0,19.8,66,3.9,986.6
2026-02-16 16:00:00,100.6,91.0,91.6,41.0,1432.0,18.9,70,3.9,987.3
2026-02-16 17:00:00,100.8,92.4,78.3,41.0,1420.0,18.0,75,4.9,987.5
2026-02-16 18:00:00,99.2,91.5,65.0,44.0,1358.0,17.2,86,5.0,987.6
2026-02-16 19:00:00,95.5,88.0,55.0,47.0,1214.0,17.1,85,6.1,987.6
2026-02-16 20:00:00,95.0,87.1,44.8,52.0,1021.0,16.6,83,6.0,987.6
2026-02-16 21:00:00,96.2,88.2,36.3,56.0,880.0,16.0,83,6.1,987.1
2026-02-16 22:00:00,96.9,89.4,29.0,57.0,790.0,15.4,86,7.6,987.2
2026-02-16 23:00:00,96.6,90.1,23.3,57.0,753.0,14.6,90,5.2,987.4
2026-02-17 00:00:00,85.2,79.6,17.3,71.0,874.0,14.4,90,5.5,987.7
2026-02-17 01:00:00,85.0,79.6,24.7,63.0,1334.0,14.0,91,5.2,988.1
2026-02-17 02:00:00,88.7,83.6,34.6,52.0,1952.0,13.9,89,5.4,988.7
2026-02-17 03:00:00,92.4,87.8,39.9,54.0,2290.0,15.4,79,7.6,989.6
2026-02-17 04:00:00,94.5,89.9,36.3,79.0,2090.0,17.9,68,5.4,990.7
2026-02-17 05:00:00,91.0,84.8,28.0,116.0,1611.0,20.6,58,6.5,991.1
2026-02-17 06:00:00,78.0,70.1,20.4,146.0,1190.0,22.6,54,6.8,991.7
2026-02-17 07:00:00,60.5,51.6,14.5,162.0,934.0,23.9,50,8.6,991.5
2026-02-17 08:00:00,50.8,41.6,9.2,172.0,737.0,24.5,47,9.3,990.8
2026-02-17 09:00:00,47.7,38.6,6.9,174.0,620.0,25.1,43,10.1,989.8
2026-02-17 10:00:00,46.3,37.4,7.6,170.0,574.0,25.4,39,10.1,989.0
2026-02-17 11:00:00,45.4,36.7,11.3,159.0,608.0,25.0,39,7.7,988.9
2026-02-17 12:00:00,50.8,41.6,22.5,129.0,770.0,21.3,57,19.5,989.8
2026-02-17 13:00:00,57.2,49.7,29.6,112.0,1169.0,20.0,60,3.8,988.8
2026-02-17 14:00:00,63.1,56.7,39.5,88.0,1697.0,20.2,62,0.9,989.0
2026-02-17 15:00:00,66.8,61.0,48.2,67.0,2072.0,19.7,63,0.9,989.2
2026-02-17 16:00:00,73.3,67.3,54.4,54.0,2174.0,19.4,63,1.7,989.3
2026-02-17 17:00:00,84.5,77.8,59.4,44.0,2125.0,19.2,63,6.4,989.1
2026-02-17 18:00:00,99.0,92.0,63.4,35.0,2006.0,17.2,80,4.2,988.7
2026-02-17 19:00:00,111.1,104.1,66.5,27.0,1806.0,17.0,82,1.5,988.2
2026-02-17 20:00:00,116.2,109.2,68.6,20.0,1537.0,16.4,85,0.6,988.5
2026-02-17 21:00:00,120.1,113.2,70.0,14.0,1319.0,15.8,88,1.8,988.1
2026-02-17 22:00:00,124.8,117.6,71.1,9.0,1146.0,15.1,92,1.7,988.0
2026-02-17 23:00:00,130.9,123.4,71.5,6.0,1024.0,14.5,93,2.4,987.7
2026-02-18 00:00:00,57.3,53.1,11.0,82.0,1089.0,15.5,80,3.9,987.8
2026-02-18 01:00:00,56.6,52.4,16.3,76.0,1563.0,15.6,80,1.5,989.1
2026-02-18 02:00:00,60.3,56.3,23.3,69.0,2223.0,15.2,82,2.8,990.0
2026-02-18 03:00:00,58.7,55.2,27.2,70.0,2541.0,17.0,74,7.1,990.8
2026-02-18 04:00:00,56.2,53.2,25.0,88.0,2168.0,19.4,62,2.9,991.3
2026-02-18 05:00:00,54.5,51.1,19.6,115.0,1452.0,22.4,46,4.7,991.5
2026-02-18 06:00:00,48.8,43.9,14.6,137.0,908.0,24.5,40,6.1,992.1
2026-02-18 07:00:00,42.7,36.4,10.9,151.0,759.0,23.6,41,6.7,991.9
2026-02-18 08:00:00,41.7,34.7,7.6,160.0,782.0,24.2,34,2.1,991.3
2026-02-18 09:00:00,40.9,33.9,6.1,165.0,827.0,24.5,35,6.6,990.5
2026-02-18 10:00:00,40.4,33.5,4.8,169.0,726.0,23.5,40,9.9,990.3
2026-02-18 11:00:00,41.0,33.9,5.2,169.0,646.0,22.9,44,5.9,990.0
2026-02-18 12:00:00,36.8,30.5,11.9,145.0,937.0,23.4,44,3.4,989.3
2026-02-18 13:00:00,53.6,48.3,34.6,114.0,1990.0,22.0,51,0.5,989.5
2026-02-18 14:00:00,71.7,66.6,65.7,70.0,3414.0,20.6,56,1.0,990.1
2026-02-18 15:00:00,84.3,79.2,87.3,38.0,4390.0,19.4,62,2.5,990.4
2026-02-18 16:00:00,98.5,93.1,90.2,27.0,4484.0,18.8,65,1.5,990.3
2026-02-18 17:00:00,109.7,104.5,83.6,28.0,4130.0,18.0,69,0.9,990.5
2026-02-18 18:00:00,112.7,107.3,76.8,29.0,3810.0,18.5,73,1.0,990.6
2026-02-18 19:00:00,110.6,105.2,72.5,28.0,3722.0,17.6,76,1.3,990.7
2026-02-18 20:00:00,108.7,103.1,68.1,29.0,3669.0,16.2,83,1.3,990.5
2026-02-18 21:00:00,106.9,101.0,64.2,29.0,3542.0,15.6,86,0.9,990.2
2026-02-18 22:00:00,105.9,99.9,60.9,28.0,3234.0,15.2,87,0.3,990.5
2026-02-18 23:00:00,105.9,99.9,58.3,27.0,2853.0,14.6,89,0.0,990.4
2026-02-19 00:00:00,133.2,128.1,86.9,2.0,2607.0,14.3,90,6.0,991.0
2026-02-19 01:00:00,127.1,122.9,88.3,0.0,2688.0,13.3,94,4.3,991.2
2026-02-19 02:00:00,134.6,130.4,89.3,0.0,2904.0,13.0,95,3.1,991.5
2026-02-19 03:00:00,143.4,140.2,83.6,10.0,2896.0,14.8,88,4.2,992.4
2026-02-19 04:00:00,117.6,115.3,65.2,53.0,2424.0,18.3,73,2.7,993.2
2026-02-19 05:00:00,87.3,82.7,40.2,111.0,1727.0,21.4,58,1.8,993.6
2026-02-19 06:00:00,74.5,68.5,20.5,155.0,1164.0,23.0,49,2.7,993.5
2026-02-19 07:00:00,61.9,54.7,11.1,172.0,878.0,25.1,39,3.4,992.9
2026-02-19 08:00:00,55.5,48.8,7.0,175.0,726.0,26.3,34,3.0,992.0
2026-02-19 09:00:00,51.0,44.8,5.3,174.0,636.0,26.9,31,3.6,991.4
2026-02-19 10:00:00,47.0,41.6,3.1,175.0,522.0,27.0,29,3.9,990.9
2026-02-19 11:00:00,45.1,40.2,3.3,172.0,470.0,26.7,30,4.5,990.3
2026-02-19 12:00:00,36.7,33.6,11.5,156.0,667.0,26.3,31,5.5,990.5
2026-02-19 13:00:00,57.2,54.4,39.7,119.0,1321.0,24.0,39,3.4,990.8
2026-02-19 14:00:00,78.5,75.7,78.6,67.0,2225.0,22.6,47,1.4,991.4
2026-02-19 15:00:00,90.3,88.0,107.2,28.0,2938.0,21.4,52,0.5,992.1
2026-02-19 16:00:00,93.6,91.5,116.1,13.0,3320.0,20.7,59,0.2,992.6
2026-02-19 17:00:00,95.2,93.4,114.7,10.0,3511.0,19.1,61,3.5,992.8
2026-02-19 18:00:00,97.6,95.5,110.1,10.0,3497.0,18.7,70,2.8,993.0
2026-02-19 19:00:00,99.2,96.9,103.5,11.0,3147.0,18.1,73,2.0,993.1
2026-02-19 20:00:00,101.3,99.2,93.8,14.0,2591.0,17.1,78,1.8,993.0
2026-02-19 21:00:00,105.0,102.7,84.8,17.0,2206.0,16.1,83,2.6,992.8
2026-02-19 22:00:00,110.1,107.8,77.1,18.0,2161.0,15.3,86,2.9,992.4
2026-02-19 23:00:00,115.5,112.9,70.0,18.0,2287.0,15.1,87,1.4,992.3
2026-02-20 00:00:00,108.5,105.5,51.7,30.0,2455.0,14.0,90,0.5,992.6
2026-02-20 01:00:00,110.6,107.1,60.0,22.0,2742.0,14.1,88,2.4,992.9
2026-02-20 02:00:00,123.9,120.1,70.6,12.0,3072.0,14.4,86,3.3,993.6
2026-02-20 03:00:00,139.2,136.0,73.2,22.0,3087.0,16.6,75,5.1,994.6
2026-02-20 04:00:00,120.6,117.3,60.3,69.0,2494.0,19.7,63,2.6,995.4
2026-02-20 05:00:00,101.0,97.1,39.5,134.0,1586.0,22.9,51,1.8,995.9
2026-02-20 06:00:00,85.7,81.7,22.4,185.0,887.0,24.4,45,3.6,996.1
2026-02-20 07:00:00,60.3,56.7,13.6,206.0,628.0,26.2,39,4.2,995.5
2026-02-20 08:00:00,47.8,44.5,8.6,212.0,579.0,27.1,35,5.1,994.5
2026-02-20 09:00:00,46.0,42.6,6.0,213.0,571.0,27.6,32,5.6,993.4
2026-02-20 10:00:00,45.8,42.4,4.8,214.0,538.0,27.8,31,6.7,992.5
2026-02-20 11:00:00,45.8,42.5,6.1,209.0,546.0,27.5,30,8.2,991.9
2026-02-20 12:00:00,48.9,45.5,10.6,186.0,625.0,26.6,33,9.0,991.5
2026-02-20 13:00:00,53.2,50.9,19.6,158.0,830.0,25.1,37,7.3,991.3
2026-02-20 14:00:00,58.0,56.0,31.8,119.0,1106.0,23.9,42,7.6,991.5
2026-02-20 15:00:00,59.6,57.7,40.2,89.0,1316.0,22.9,45,6.8,991.4
2026-02-20 16:00:00,59.8,58.0,41.4,78.0,1416.0,21.8,47,5.4,991.2
2026-02-20 17:00:00,61.9,60.1,38.7,77.0,1449.0,20.9,50,5.6,990.8
2026-02-20 18:00:00,65.2,63.1,35.2,78.0,1409.0,19.9,65,6.1,990.6
2026-02-20 19:00:00,66.4,64.3,31.4,79.0,1253.0,19.8,65,7.1,990.3
2026-02-20 20:00:00,67.3,65.2,26.8,81.0,1024.0,18.9,68,8.1,989.9
2026-02-20 21:00:00,69.2,66.8,23.2,82.0,837.0,18.3,67,7.8,989.3
2026-02-20 22:00:00,71.5,69.2,20.6,80.0,695.0,17.8,66,8.0,988.7
2026-02-20 23:00:00,73.8,71.5,18.9,77.0,596.0,17.2,66,7.5,988.4
2026-02-21 00:00:00,82.2,79.9,20.8,72.0,650.0,16.3,68,7.1,988.0
2026-02-21 01:00:00,84.1,82.0,27.2,62.0,1024.0,15.7,71,6.3,988.0
2026-02-21 02:00:00,87.5,85.4,35.6,50.0,1552.0,15.1,74,5.2,988.3
2026-02-21 03:00:00,86.4,84.5,39.2,52.0,1840.0,16.7,67,5.5,988.9
2026-02-21 04:00:00,80.6,79.2,33.3,81.0,1659.0,19.3,57,1.4,989.5
2026-02-21 05:00:00,68.9,67.1,22.6,124.0,1239.0,22.0,48,0.9,989.9
2026-02-21 06:00:00,51.2,49.1,13.6,157.0,877.0,24.0,43,2.3,990.0
2026-02-21 07:00:00,38.8,36.4,8.7,171.0,672.0,26.2,35,4.0,989.3
2026-02-21 08:00:00,33.9,31.8,5.5,175.0,525.0,27.4,30,5.3,988.4
2026-02-21 09:00:00,31.7,29.5,4.1,175.0,441.0,27.9,27,5.9,987.0
2026-02-21 10:00:00,31.2,28.9,2.7,175.0,404.0,28.0,25,6.5,986.0
2026-02-21 11:00:00,30.9,28.5,3.1,171.0,430.0,27.5,25,7.6,985.3
2026-02-21 12:00:00,34.2,32.2,10.0,155.0,572.0,27.0,25,8.3,985.0
2026-02-21 13:00:00,44.7,43.2,31.8,122.0,918.0,25.1,30,5.0,985.2
2026-02-21 14:00:00,59.4,57.9,61.7,77.0,1380.0,23.5,37,4.1,985.4
2026-02-21 15:00:00,71.5,69.6,83.9,42.0,1753.0,22.7,42,1.2,985.3
2026-02-21 16:00:00,83.1,81.5,90.9,29.0,1967.0,21.1,45,1.3,985.2
2026-02-21 17:00:00,96.4,94.8,90.0,26.0,2091.0,19.3,56,1.7,985.0
2026-02-21 18:00:00,110.1,108.3,87.5,25.0,2125.0,19.1,60,0.5,984.9
2026-02-21 19:00:00,119.2,117.1,84.4,22.0,2029.0,18.8,61,0.4,984.7
2026-02-21 20:00:00,124.3,122.5,79.7,21.0,1843.0,18.3,64,0.7,984.4
2026-02-21 21:00:00,128.5,126.7,75.8,19.0,1688.0,17.6,65,1.0,984.2
2026-02-21 22:00:00,132.2,130.4,73.3,16.0,1547.0,17.2,68,0.7,983.5
2026-02-21 23:00:00,136.0,134.1,71.7,14.0,1438.0,16.7,71,0.5,983.1
2026-02-22 00:00:00,118.0,115.5,63.4,16.0,1536.0,15.4,81,0.5,983.0
2026-02-22 01:00:00,125.7,123.4,67.6,12.0,2124.0,14.7,85,0.6,983.0
2026-02-22 02:00:00,141.1,138.8,72.6,8.0,2920.0,14.1,87,1.1,983.5
2026-02-22 03:00:00,160.7,158.3,71.2,20.0,3252.0,15.9,78,3.3,984.3
2026-02-22 04:00:00,124.3,122.0,57.5,63.0,2662.0,20.0,60,2.6,985.0
2026-02-22 05:00:00,100.1,97.1,37.5,123.0,1608.0,23.4,47,2.3,985.5
2026-02-22 06:00:00,79.9,75.9,21.2,168.0,788.0,25.5,39,2.4,985.6
2026-02-22 07:00:00,57.9,53.8,12.6,187.0,496.0,27.4,32,3.3,985.1
2026-02-22 08:00:00,48.7,45.1,7.8,191.0,438.0,28.3,28,4.6,984.4
2026-02-22 09:00:00,42.5,38.9,5.5,190.0,427.0,28.5,26,5.9,983.4
2026-02-22 10:00:00,39.9,35.6,3.0,187.0,332.0,28.6,25,7.5,983.0
2026-02-22 11:00:00,38.6,34.1,3.1,178.0,285.0,28.2,26,8.8,982.9
2026-02-22 12:00:00,48.8,43.5,13.7,166.0,497.0,27.4,28,5.7,982.6
2026-02-22 13:00:00,70.3,65.7,41.5,130.0,1268.0,24.6,37,2.5,983.1
2026-02-22 14:00:00,95.7,91.0,79.4,81.0,2299.0,22.8,49,4.2,983.7
2026-02-22 15:00:00,114.3,109.7,105.5,43.0,2903.0,21.1,61,6.3,983.9
2026-02-22 16:00:00,125.7,122.0,108.8,28.0,2660.0,20.0,69,5.1,984.2
2026-02-22 17:00:00,125.7,122.5,100.2,24.0,1991.0,19.3,74,4.6,984.3
2026-02-22 18:00:00,121.5,118.3,90.4,23.0,1469.0,18.8,80,4.5,984.1
2026-02-22 19:00:00,117.8,115.0,82.3,22.0,1334.0,18.3,81,4.5,983.5
2026-02-22 20:00:00,115.3,112.9,72.9,24.0,1346.0,17.3,85,4.3,983.3
2026-02-22 21:00:00,114.6,112.0,64.2,26.0,1360.0,16.4,89,4.0,983.0
2026-02-22 22:00:00,115.7,113.2,56.0,28.0,1282.0,15.6,92,3.4,982.5
2026-02-22 23:00:00,118.0,115.3,48.5,30.0,1207.0,15.1,93,2.2,982.3
2026-02-23 00:00:00,112.5,110.4,37.6,35.0,1272.0,14.4,95,2.3,982.6
2026-02-23 01:00:00,114.1,111.8,42.0,31.0,1669.0,14.0,96,3.4,983.0
2026-02-23 02:00:00,114.6,112.2,47.5,27.0,2207.0,13.9,97,3.9,983.7
2026-02-23 03:00:00,106.9,104.8,48.6,36.0,2447.0,16.4,86,4.4,984.8
2026-02-23 04:00:00,95.0,92.7,41.2,68.0,2106.0,20.0,70,3.4,985.8
2026-02-23 05:00:00,79.4,75.9,29.2,113.0,1467.0,23.3,54,3.6,986.2
2026-02-23 06:00:00,59.3,55.1,19.0,148.0,944.0,25.2,44,2.7,986.6
2026-02-23 07:00:00,47.7,42.5,12.3,166.0,694.0,27.2,34,0.7,985.9
2026-02-23 08:00:00,45.8,39.3,7.4,174.0,559.0,28.2,29,2.4,985.3
2026-02-23 09:00:00,41.4,35.0,4.9,177.0,486.0,28.8,25,4.9,984.5
2026-02-23 10:00:00,39.7,33.5,3.0,176.0,375.0,28.7,23,6.7,984.2
2026-02-23 11:00:00,38.6,32.7,3.6,170.0,326.0,28.2,24,7.1,983.8
2026-02-23 12:00:00,50.4,43.5,20.0,135.0,579.0,27.5,25,6.5,983.8
2026-02-23 13:00:00,62.2,55.9,40.9,105.0,1463.0,25.1,32,4.1,983.9
2026-02-23 14:00:00,80.1,73.6,69.4,65.0,2649.0,23.4,41,3.4,984.6
2026-02-23 15:00:00,93.4,86.8,89.5,34.0,3391.0,21.6,50,1.8,985.0
2026-02-23 16:00:00,103.8,97.6,92.6,25.0,3279.0,20.0,61,3.7,985.3
2026-02-23 17:00:00,113.4,106.9,87.3,26.0,2724.0,19.2,67,1.6,985.4
2026-02-23 18:00:00,122.0,115.0,82.5,26.0,2211.0,18.7,76,1.5,985.4
2026-02-23 19:00:00,128.5,121.5,81.6,22.0,1880.0,17.6,83,1.3,985.2
2026-02-23 20:00:00,140.6,133.2,81.2,18.0,1593.0,16.7,87,1.7,985.1
2026-02-23 21:00:00,151.3,144.4,80.7,14.0,1417.0,16.2,89,1.5,984.6
2026-02-23 22:00:00,159.3,152.3,79.6,11.0,1322.0,15.8,90,2.4,984.3
2026-02-23 23:00:00,164.4,157.9,78.3,7.0,1338.0,15.2,92,0.3,984.0
2026-02-24 00:00:00,135.0,130.4,54.3,21.0,1633.0,15.0,94,0.8,984.2
2026-02-24 01:00:00,135.5,130.4,57.2,18.0,2580.0,13.9,99,1.1,984.5
2026-02-24 02:00:00,142.5,136.9,60.6,17.0,3804.0,13.3,100,2.6,985.5
2026-02-24 03:00:00,142.0,137.8,59.1,30.0,4351.0,14.5,97,4.3,986.7
2026-02-24 04:00:00,123.9,120.1,48.4,72.0,3569.0,18.8,75,3.0,987.6
2026-02-24 05:00:00,99.0,94.3,32.7,128.0,2109.0,22.8,56,3.2,988.1
2026-02-24 06:00:00,77.1,71.2,19.8,170.0,970.0,24.9,45,2.1,988.6
2026-02-24 07:00:00,56.1,49.7,12.1,184.0,574.0,27.1,34,0.7,988.3
2026-02-24 08:00:00,48.1,41.8,7.0,183.0,499.0,28.1,28,2.7,987.4
2026-02-24 09:00:00,43.3,37.1,5.0,177.0,482.0,28.6,24,4.7,986.6
2026-02-24 10:00:00,40.9,34.9,4.8,170.0,383.0,28.7,22,6.5,986.1
2026-02-24 11:00:00,39.8,34.1,7.6,158.0,341.0,28.3,22,7.3,985.8
2026-02-24 12:00:00,58.8,51.3,23.1,146.0,511.0,27.3,23,7.6,985.8
2026-02-24 13:00:00,73.6,66.6,46.8,114.0,1085.0,24.9,30,1.8,986.1
2026-02-24 14:00:00,93.8,86.4,79.4,69.0,1872.0,23.4,35,0.4,986.8
2026-02-24 15:00:00,110.4,102.9,103.2,36.0,2451.0,21.6,45,3.1,987.1
2026-02-24 16:00:00,124.8,117.1,110.2,25.0,2645.0,20.1,58,4.0,987.4
2026-02-24 17:00:00,139.2,131.3,108.3,26.0,2632.0,19.0,66,3.7,987.4
2026-02-24 18:00:00,155.5,147.1,104.3,26.0,2520.0,18.7,78,2.6,987.5
2026-02-24 19:00:00,165.8,157.9,99.2,21.0,2287.0,18.2,83,1.9,987.3
2026-02-24 20:00:00,168.6,161.6,91.9,15.0,1956.0,17.5,86,1.1,987.1
2026-02-24 21:00:00,169.0,162.1,85.3,11.0,1706.0,17.0,87,1.0,986.8
2026-02-24 22:00:00,169.0,162.1,80.1,9.0,1488.0,15.9,92,1.5,986.4
2026-02-24 23:00:00,169.5,162.5,75.7,8.0,1352.0,14.9,95,2.8,986.1
2026-02-25 00:00:00,151.3,145.8,69.2,10.0,1620.0,14.2,99,1.8,986.1
2026-02-25 01:00:00,148.1,142.5,67.4,11.0,2823.0,13.9,99,2.8,986.5
2026-02-25 02:00:00,147.6,143.0,64.6,13.0,4430.0,13.5,99,2.3,987.0
2026-02-25 03:00:00,134.6,131.3,59.5,28.0,5181.0,14.5,97,2.0,987.9
2026-02-25 04:00:00,125.7,123.4,50.9,66.0,4237.0,18.9,78,1.8,988.8
2026-02-25 05:00:00,102.2,99.7,40.0,115.0,2436.0,23.2,56,1.9,989.3
2026-02-25 06:00:00,76.1,73.1,29.7,153.0,1029.0,26.1,41,3.8,989.3
2026-02-25 07:00:00,49.8,46.0,19.7,171.0,539.0,28.1,30,5.6,988.7
2026-02-25 08:00:00,42.5,38.1,10.2,177.0,444.0,28.8,26,7.5,987.7
2026-02-25 09:00:00,37.5,33.3,5.0,176.0,428.0,29.2,22,9.1,986.9
2026-02-25 10:00:00,35.3,31.2,4.8,169.0,339.0,29.1,21,9.4,986.4
2026-02-25 11:00:00,34.1,30.2,9.0,155.0,330.0,28.7,21,9.4,986.0
2026-02-25 12:00:00,45.9,41.2,22.5,132.0,540.0,27.5,25,10.3,986.0
2026-02-25 13:00:00,53.8,49.4,36.5,109.0,1148.0,26.1,30,8.4,986.1
2026-02-25 14:00:00,63.8,59.5,56.0,78.0,1975.0,25.0,35,6.4,986.6
2026-02-25 15:00:00,71.5,67.1,70.8,53.0,2627.0,23.7,40,4.6,987.0
2026-02-25 16:00:00,78.5,73.8,76.9,42.0,2982.0,22.6,45,0.7,987.3
2026-02-25 17:00:00,86.1,81.7,78.5,37.0,3163.0,20.8,49,3.6,987.7
2026-02-25 18:00:00,93.4,88.5,78.0,33.0,3141.0,20.1,58,2.9,987.6
2026-02-25 19:00:00,99.0,94.1,75.6,29.0,2796.0,20.0,59,2.0,987.5
2026-02-25 20:00:00,102.7,98.3,71.1,26.0,2248.0,18.9,63,0.3,987.2
2026-02-25 21:00:00,104.5,100.4,66.5,24.0,1830.0,17.2,68,3.8,986.7
2026-02-25 22:00:00,104.1,100.1,61.9,22.0,1624.0,16.2,73,2.7,986.1
2026-02-25 23:00:00,101.5,97.8,57.2,20.0,1548.0,15.3,79,2.5,985.5
2026-02-26 00:00:00,143.4,138.8,67.8,10.0,1690.0,15.2,85,2.0,985.1
2026-02-26 01:00:00,145.3,140.6,68.8,8.0,2314.0,15.0,86,0.0,985.1
2026-02-26 02:00:00,158.3,153.2,69.6,8.0,3156.0,14.8,87,2.6,985.3
2026-02-26 03:00:00,163.4,160.2,65.6,23.0,3512.0,17.3,74,3.8,986.1
2026-02-26 04:00:00,130.4,127.1,52.4,70.0,2910.0,21.4,58,1.3,986.6
2026-02-26 05:00:00,95.9,92.0,34.4,133.0,1821.0,24.5,45,0.7,986.7
2026-02-26 06:00:00,70.3,66.4,19.8,179.0,954.0,26.3,34,4.8,986.7
2026-02-26 07:00:00,48.2,44.1,11.5,193.0,593.0,28.3,26,7.3,986.1
2026-02-26 08:00:00,41.6,37.1,6.7,189.0,454.0,29.1,23,8.6,985.1
2026-02-26 09:00:00,37.6,32.5,4.8,181.0,389.0,29.4,21,9.7,984.1
2026-02-26 10:00:00,35.5,30.2,5.4,172.0,302.0,29.3,22,10.5,983.4
2026-02-26 11:00:00,34.9,29.6,9.0,159.0,290.0,28.6,23,11.0,982.7
2026-02-26 12:00:00,39.6,34.9,16.1,130.0,494.0,27.7,25,11.4,982.4
2026-02-26 13:00:00,45.3,41.9,26.3,112.0,1103.0,26.4,29,7.3,982.4
2026-02-26 14:00:00,51.7,48.5,40.6,87.0,1930.0,25.0,33,5.1,982.6
2026-02-26 15:00:00,59.5,56.1,53.6,65.0,2552.0,23.5,38,3.9,982.9
2026-02-26 16:00:00,68.0,64.5,64.4,50.0,2827.0,22.3,43,1.9,983.2
2026-02-26 17:00:00,78.0,74.3,73.9,39.0,2897.0,20.6,49,2.2,983.1
2026-02-26 18:00:00,88.5,84.5,79.5,30.0,2776.0,20.0,53,3.8,982.9
2026-02-26 19:00:00,96.2,92.0,79.2,25.0,2356.0,19.1,55,3.6,982.5
2026-02-26 20:00:00,101.5,97.3,75.1,24.0,1743.0,17.8,59,4.5,982.5
2026-02-26 21:00:00,103.6,99.9,70.2,22.0,1271.0,17.5,60,2.3,982.4
2026-02-26 22:00:00,103.6,100.4,64.9,19.0,1022.0,16.2,65,6.1,982.1
2026-02-26 23:00:00,102.9,99.9,58.8,15.0,914.0,15.1,72,4.7,981.6
2026-02-27 00:00:00,108.5,105.7,46.7,19.0,1025.0,15.3,80,1.5,981.9
2026-02-27 01:00:00,114.1,110.8,49.3,15.0,1588.0,14.8,83,3.7,982.0
2026-02-27 02:00:00,122.9,119.7,52.3,12.0,2370.0,14.8,82,5.2,982.5
2026-02-27 03:00:00,122.5,119.7,51.2,24.0,2757.0,17.3,70,6.5,983.2
2026-02-27 04:00:00,106.9,104.5,42.2,67.0,2357.0,21.0,57,3.9,984.2
2026-02-27 05:00:00,83.6,80.3,29.0,126.0,1560.0,24.3,44,5.5,984.3
2026-02-27 06:00:00,63.8,58.3,18.1,171.0,924.0,26.3,37,3.2,984.4
2026-02-27 07:00:00,55.3,42.4,11.8,190.0,666.0,28.4,30,1.5,984.0
2026-02-27 08:00:00,58.1,38.5,7.8,195.0,568.0,29.3,26,0.6,983.2
2026-02-27 09:00:00,60.3,37.6,6.1,195.0,531.0,28.5,24,9.4,982.6
2026-02-27 10:00:00,62.2,38.0,4.8,196.0,521.0,28.9,22,5.8,982.0
2026-02-27 11:00:00,64.0,39.1,5.8,193.0,572.0,28.7,23,4.4,981.2
2026-02-27 12:00:00,78.0,32.1,16.2,140.0,681.0,28.2,25,4.9,980.9
2026-02-27 13:00:00,93.1,50.3,44.6,109.0,910.0,26.5,28,5.6,981.1
2026-02-27 14:00:00,118.5,74.5,83.2,65.0,1198.0,25.2,32,3.9,981.8
2026-02-27 15:00:00,135.5,90.1,108.6,33.0,1361.0,24.5,35,1.2,981.9
2026-02-27 16:00:00,143.4,97.8,109.2,22.0,1285.0,22.8,37,4.4,982.1
2026-02-27 17:00:00,135.0,96.9,96.6,21.0,1084.0,21.4,42,5.6,981.8
2026-02-27 18:00:00,118.5,88.5,81.7,24.0,913.0,21.3,51,8.8,981.7
2026-02-27 19:00:00,107.8,83.1,66.0,30.0,824.0,20.5,64,8.7,981.7
2026-02-27 20:00:00,103.1,82.9,48.1,40.0,766.0,19.7,76,6.6,981.9
2026-02-27 21:00:00,101.3,84.5,34.8,47.0,742.0,19.1,80,6.3,981.9
2026-02-27 22:00:00,100.8,86.6,28.8,47.0,696.0,18.3,83,5.1,981.7
2026-02-27 23:00:00,102.0,89.4,27.5,44.0,685.0,17.4,84,4.4,981.5
2026-02-28 00:00:00,95.5,76.8,20.6,56.0,882.0,17.2,89,0.9,981.4
2026-02-28 01:00:00,102.2,83.6,32.0,44.0,1564.0,17.0,90,0.6,981.7
2026-02-28 02:00:00,113.2,94.8,47.2,28.0,2454.0,16.4,94,2.6,982.3
2026-02-28 03:00:00,118.3,105.0,53.8,30.0,2896.0,18.3,85,6.5,983.5
2026-02-28 04:00:00,101.0,88.5,43.7,65.0,2463.0,21.1,72,4.8,984.5
2026-02-28 05:00:00,80.1,62.4,25.2,117.0,1582.0,24.2,59,5.0,984.7
2026-02-28 06:00:00,66.8,39.1,10.7,155.0,882.0,26.4,46,5.1,985.0
2026-02-28 07:00:00,65.4,32.2,5.3,164.0,614.0,28.3,36,5.0,984.5
2026-02-28 08:00:00,66.4,28.8,3.8,159.0,525.0,29.2,29,5.4,983.6
2026-02-28 09:00:00,61.7,25.8,3.9,152.0,489.0,29.5,25,6.8,982.5
2026-02-28 10:00:00,56.8,23.7,3.9,148.0,466.0,29.6,24,8.3,982.2
2026-02-28 11:00:00,53.9,23.0,5.5,143.0,495.0,29.2,24,9.4,981.8
2026-02-28 12:00:00,55.1,26.8,10.4,129.0,566.0,28.5,24,10.0,981.9
2026-02-28 13:00:00,55.3,34.3,20.0,111.0,701.0,26.9,29,8.2,982.2
2026-02-28 14:00:00,60.3,40.4,33.2,87.0,878.0,25.3,40,8.6,982.7
2026-02-28 15:00:00,64.3,43.9,41.7,69.0,1019.0,24.0,46,7.5,982.9
2026-02-28 16:00:00,67.5,46.0,41.5,64.0,1107.0,22.9,49,5.8,983.2
2026-02-28 17:00:00,71.7,49.5,36.7,66.0,1160.0,22.1,51,5.8,983.3
2026-02-28 18:00:00,75.0,52.2,31.9,67.0,1153.0,21.2,59,6.0,983.1
2026-02-28 19:00:00,77.1,53.4,28.4,66.0,1044.0,21.2,58,6.8,983.1
2026-02-28 20:00:00,79.4,55.3,25.0,65.0,875.0,20.5,60,7.1,983.0
2026-02-28 21:00:00,83.8,58.2,22.3,64.0,754.0,19.8,64,8.1,982.8
2026-02-28 22:00:00,88.7,61.0,19.8,62.0,683.0,19.2,65,8.2,982.6
2026-02-28 23:00:00,92.4,62.9,18.1,60.0,659.0,18.2,68,7.9,982.3
2026-03-01 00:00:00,89.4,63.6,18.4,58.0,782.0,17.5,69,5.8,982.1
2026-03-01 01:00:00,94.3,66.4,25.9,48.0,1223.0,17.0,70,5.5,982.5
2026-03-01 02:00:00,102.7,73.3,35.7,36.0,1810.0,16.3,73,4.9,983.0
2026-03-01 03:00:00,98.3,76.4,40.2,38.0,2130.0,18.1,64,7.5,983.7
2026-03-01 04:00:00,91.7,69.8,34.2,68.0,1940.0,21.2,52,3.0,984.5
2026-03-01 05:00:00,86.1,57.7,22.7,112.0,1483.0,24.1,40,2.8,985.0
2026-03-01 06:00:00,70.1,39.6,13.2,145.0,1072.0,27.1,30,5.5,985.2
2026-03-01 07:00:00,54.1,27.9,8.1,155.0,800.0,29.1,22,8.2,984.9
2026-03-01 08:00:00,47.7,23.9,5.0,153.0,574.0,29.9,18,10.7,984.4
2026-03-01 09:00:00,46.2,22.6,4.0,149.0,435.0,30.2,18,11.2,983.8
2026-03-01 10:00:00,48.9,23.7,4.8,145.0,361.0,30.1,18,11.2,983.5
2026-03-01 11:00:00,51.7,26.1,7.6,137.0,373.0,29.5,20,11.7,983.1
2026-03-01 12:00:00,58.4,30.9,11.1,124.0,573.0,28.7,21,11.0,983.0
2026-03-01 13:00:00,58.3,38.4,21.5,106.0,1130.0,27.2,25,7.7,983.5
2026-03-01 14:00:00,62.4,43.3,35.8,80.0,1875.0,25.5,31,4.7,984.1
2026-03-01 15:00:00,67.1,46.0,46.8,60.0,2409.0,24.7,35,2.3,984.4
2026-03-01 16:00:00,73.3,49.1,51.5,51.0,2559.0,23.8,37,2.4,984.7
2026-03-01 17:00:00,83.4,55.5,52.8,47.0,2499.0,22.8,39,3.3,984.9
2026-03-01 18:00:00,92.0,62.2,52.1,44.0,2345.0,21.9,47,6.9,985.0
2026-03-01 19:00:00,94.8,65.0,48.9,41.0,2080.0,21.5,49,6.0,985.0
2026-03-01 20:00:00,94.8,65.4,43.5,40.0,1722.0,20.6,52,6.1,985.0
2026-03-01 21:00:00,95.5,66.8,38.8,39.0,1446.0,19.4,57,4.4,984.3
2026-03-01 22:00:00,96.9,68.7,35.0,37.0,1305.0,18.5,60,3.1,984.0
2026-03-01 23:00:00,98.5,70.5,31.8,36.0,1247.0,17.2,65,4.7,984.2
2026-03-02 00:00:00,109.7,78.7,31.5,37.0,1286.0,17.0,72,5.9,984.1
2026-03-02 01:00:00,112.5,81.5,35.9,33.0,1529.0,17.4,68,6.1,984.6
2026-03-02 02:00:00,117.8,87.8,41.6,28.0,1871.0,17.6,64,6.7,985.0
2026-03-02 03:00:00,110.4,88.9,42.8,37.0,2007.0,18.8,57,7.6,986.0
2026-03-02 04:00:00,98.0,79.4,35.4,71.0,1745.0,21.4,45,4.6,987.2
2026-03-02 05:00:00,84.1,61.7,23.4,118.0,1278.0,24.6,33,4.4,987.8
2026-03-02 06:00:00,65.9,43.4,13.6,152.0,885.0,26.8,27,6.0,988.3
2026-03-02 07:00:00,45.8,27.1,8.1,161.0,665.0,28.9,23,7.2,988.0
2026-03-02 08:00:00,36.2,21.3,4.7,157.0,519.0,29.9,20,9.6,987.3
2026-03-02 09:00:00,31.0,18.7,3.4,151.0,430.0,30.3,19,10.7,986.6
2026-03-02 10:00:00,28.3,17.5,4.2,145.0,392.0,30.5,17,11.3,985.9
2026-03-02 11:00:00,26.7,16.9,7.2,137.0,411.0,30.1,16,13.0,985.5
2026-03-02 12:00:00,30.0,20.8,13.0,129.0,492.0,29.1,17,11.9,985.5
2026-03-02 13:00:00,32.6,24.7,20.9,111.0,684.0,27.2,27,10.5,985.7
2026-03-02 14:00:00,36.2,28.6,31.6,87.0,938.0,25.8,32,9.9,985.9
2026-03-02 15:00:00,38.2,30.5,38.4,69.0,1109.0,25.3,33,9.9,986.3
2026-03-02 16:00:00,38.4,30.7,37.8,65.0,1123.0,24.6,36,7.9,986.7
2026-03-02 17:00:00,38.4,30.7,33.2,67.0,1055.0,23.8,38,8.1,987.1
2026-03-02 18:00:00,38.3,30.7,28.8,69.0,979.0,22.6,47,7.1,986.8
2026-03-02 19:00:00,38.4,30.9,25.6,68.0,917.0,22.0,48,7.8,986.9
2026-03-02 20:00:00,39.1,31.5,22.5,66.0,847.0,21.2,50,8.6,986.6
2026-03-02 21:00:00,40.5,33.4,19.9,65.0,782.0,20.6,51,9.2,986.3
2026-03-02 22:00:00,42.1,35.4,17.7,64.0,676.0,20.0,52,9.0,985.7
2026-03-02 23:00:00,43.5,37.0,16.1,63.0,575.0,19.4,53,10.1,985.2
2026-03-03 00:00:00,52.7,45.2,17.7,56.0,621.0,18.7,57,10.2,985.4
2026-03-03 01:00:00,54.8,47.0,21.3,52.0,996.0,18.1,59,7.9,985.7
2026-03-03 02:00:00,58.1,50.2,26.1,47.0,1518.0,18.0,59,7.2,985.8
2026-03-03 03:00:00,58.1,50.6,28.0,53.0,1788.0,19.7,54,7.7,986.4
2026-03-03 04:00:00,55.3,48.8,24.4,79.0,1559.0,22.5,45,4.5,987.2
2026-03-03 05:00:00,46.0,38.5,18.0,114.0,1077.0,25.6,35,5.2,987.6
2026-03-03 06:00:00,34.2,27.5,12.4,142.0,681.0,28.1,27,6.8,987.9
2026-03-03 07:00:00,25.6,20.0,8.5,154.0,494.0,30.5,21,8.7,987.6
2026-03-03 08:00:00,22.7,16.9,5.5,158.0,393.0,31.7,19,10.5,987.0
2026-03-03 09:00:00,23.1,16.6,4.8,157.0,348.0,32.5,17,11.0,986.0
2026-03-03 10:00:00,25.4,18.2,6.1,153.0,324.0,32.6,15,11.8,985.3
2026-03-03 11:00:00,30.5,22.0,9.7,145.0,357.0,31.8,17,12.6,984.9
2026-03-03 12:00:00,26.5,19.9,17.3,122.0,522.0,30.3,21,11.4,984.9
2026-03-03 13:00:00,31.5,27.0,29.6,102.0,960.0,28.7,26,9.0,985.5
2026-03-03 14:00:00,38.5,33.8,46.3,75.0,1531.0,27.1,32,6.6,985.5
2026-03-03 15:00:00,44.7,38.9,58.1,56.0,1891.0,26.1,36,6.8,985.8
2026-03-03 16:00:00,53.9,46.6,60.7,51.0,1839.0,25.3,38,6.1,986.3
2026-03-03 17:00:00,63.3,54.6,58.3,54.0,1577.0,24.2,41,6.1,986.7
2026-03-03 18:00:00,72.4,61.5,53.6,58.0,1364.0,23.6,45,2.6,986.9
2026-03-03 19:00:00,78.2,65.4,45.9,61.0,1310.0,22.4,47,4.8,986.9
2026-03-03 20:00:00,81.7,66.8,36.0,64.0,1307.0,21.2,51,2.5,987.1
2026-03-03 21:00:00,84.3,68.0,28.2,65.0,1287.0,19.9,57,6.4,986.9
2026-03-03 22:00:00,86.4,69.4,23.7,63.0,1078.0,18.6,63,4.6,986.3
2026-03-03 23:00:00,88.7,71.0,21.5,58.0,853.0,18.0,67,1.5,985.8
2026-03-04 00:00:00,89.4,69.2,20.1,54.0,1065.0,17.9,74,0.9,986.3
2026-03-04 01:00:00,94.5,73.3,29.2,43.0,2271.0,17.3,76,1.3,987.0
2026-03-04 02:00:00,104.1,82.9,41.4,30.0,3915.0,17.3,76,0.3,987.3
2026-03-04 03:00:00,106.4,91.3,47.7,35.0,4779.0,19.6,67,1.1,988.2
2026-03-04 04:00:00,101.3,83.8,42.7,75.0,4114.0,23.9,51,0.7,989.0
2026-03-04 05:00:00,96.2,75.0,31.8,132.0,2669.0,27.2,40,0.9,989.3
2026-03-04 06:00:00,80.8,58.6,22.1,176.0,1474.0,29.0,35,2.2,989.3
2026-03-04 07:00:00,68.0,46.4,15.0,194.0,910.0,31.8,26,2.8,989.1
2026-03-04 08:00:00,61.2,39.7,9.1,199.0,596.0,33.3,22,6.3,988.4
2026-03-04 09:00:00,57.5,35.0,6.7,195.0,420.0,33.9,21,8.7,987.4
2026-03-04 10:00:00,55.6,32.6,8.8,181.0,359.0,33.9,22,8.7,986.5
2026-03-04 11:00:00,54.8,32.4,14.4,158.0,434.0,33.4,23,9.0,986.0
2026-03-04 12:00:00,64.0,40.7,23.0,133.0,602.0,32.0,27,9.9,985.6
2026-03-04 13:00:00,68.5,48.5,35.9,111.0,909.0,30.2,33,8.4,985.8
2026-03-04 14:00:00,75.7,55.8,53.5,82.0,1307.0,28.9,39,7.1,986.2
2026-03-04 15:00:00,84.1,62.9,65.4,60.0,1610.0,27.5,44,6.0,986.3
2026-03-04 16:00:00,92.4,69.8,67.0,54.0,1732.0,26.3,48,5.6,986.6
2026-03-04 17:00:00,99.0,75.9,62.8,57.0,1759.0,26.0,48,6.7,986.4
2026-03-04 18:00:00,104.3,80.1,56.6,61.0,1762.0,25.7,51,7.0,986.3
2026-03-04 19:00:00,107.6,82.7,48.2,66.0,1780.0,24.7,55,6.5,986.1
2026-03-04 20:00:00,109.2,83.8,37.7,72.0,1774.0,23.9,58,6.5,986.0
2026-03-04 21:00:00,109.2,84.5,28.9,77.0,1700.0,23.0,61,7.1,985.7
2026-03-04 22:00:00,105.7,83.6,22.6,79.0,1447.0,22.4,63,7.9,985.2
2026-03-04 23:00:00,101.3,80.8,18.1,79.0,1125.0,21.6,66,7.8,984.9
2026-03-05 00:00:00,80.1,64.5,12.5,82.0,1024.0,21.2,68,7.4,984.8
2026-03-05 01:00:00,79.2,64.0,19.3,71.0,1412.0,20.4,70,6.6,984.8
2026-03-05 02:00:00,81.7,66.6,28.5,57.0,2020.0,20.0,72,5.6,985.0
2026-03-05 03:00:00,78.5,65.7,33.5,56.0,2328.0,21.7,65,5.6,985.7
2026-03-05 04:00:00,71.5,59.8,30.5,82.0,2027.0,24.5,55,3.6,985.9
2026-03-05 05:00:00,60.5,44.2,23.3,121.0,1426.0,28.3,42,4.7,986.4
2026-03-05 06:00:00,59.0,38.4,16.7,151.0,934.0,30.8,32,6.8,986.7
2026-03-05 07:00:00,58.3,33.6,11.5,161.0,703.0,32.9,26,7.8,986.4
2026-03-05 08:00:00,55.5,28.5,6.8,161.0,581.0,34.2,24,8.0,985.5
2026-03-05 09:00:00,53.8,25.7,5.1,158.0,525.0,34.9,23,8.0,984.2
2026-03-05 10:00:00,52.2,25.6,6.9,154.0,519.0,35.0,23,8.7,983.4
2026-03-05 11:00:00,50.5,27.2,11.6,146.0,579.0,34.5,25,9.0,982.6
2026-03-05 12:00:00,63.6,38.2,22.4,122.0,712.0,33.1,30,9.0,982.4
2026-03-05 13:00:00,71.0,48.0,43.3,97.0,992.0,31.3,37,7.6,982.5
2026-03-05 14:00:00,80.6,58.2,71.6,62.0,1345.0,29.6,45,5.4,982.6
2026-03-05 15:00:00,90.1,67.8,89.2,38.0,1559.0,28.3,51,5.2,982.9
2026-03-05 16:00:00,98.5,76.1,86.5,36.0,1505.0,27.5,53,5.6,983.4
2026-03-05 17:00:00,101.3,80.3,73.1,45.0,1313.0,26.5,54,5.9,983.6
2026-03-05 18:00:00,98.0,78.9,59.5,53.0,1156.0,25.6,55,3.1,983.7
2026-03-05 19:00:00,93.8,76.6,47.9,57.0,1101.0,24.7,58,0.3,983.7
2026-03-05 20:00:00,92.9,76.8,36.0,59.0,1082.0,23.7,62,0.7,983.4
2026-03-05 21:00:00,95.5,78.9,28.0,59.0,1076.0,22.9,65,1.9,983.0
2026-03-05 22:00:00,99.2,82.4,25.2,54.0,1003.0,22.3,67,1.8,982.7
2026-03-05 23:00:00,103.6,86.6,26.2,47.0,943.0,21.4,71,2.2,982.2
2026-03-06 00:00:00,88.2,76.1,19.4,63.0,1108.0,21.0,76,1.8,982.4
2026-03-06 01:00:00,95.0,82.9,33.3,47.0,1795.0,19.9,81,2.9,982.9
2026-03-06 02:00:00,108.0,95.5,51.9,27.0,2708.0,19.5,81,3.9,983.3
2026-03-06 03:00:00,120.1,111.5,61.1,28.0,3170.0,21.8,71,4.5,984.2
2026-03-06 04:00:00,100.8,90.8,52.2,70.0,2754.0,25.5,57,2.9,984.9
2026-03-06 05:00:00,87.3,75.7,34.0,134.0,1887.0,28.9,44,2.4,985.2
2026-03-06 06:00:00,70.1,58.2,19.1,184.0,1170.0,31.3,36,2.6,985.4
2026-03-06 07:00:00,64.0,52.2,12.0,208.0,826.0,33.9,26,3.0,985.0
2026-03-06 08:00:00,60.3,47.8,8.3,219.0,632.0,35.1,22,1.9,984.2
2026-03-06 09:00:00,54.7,43.5,7.1,220.0,515.0,35.8,20,1.5,983.1
2026-03-06 10:00:00,48.2,39.0,6.6,211.0,461.0,36.0,18,0.6,982.6
2026-03-06 11:00:00,42.3,35.2,8.6,192.0,484.0,35.7,17,1.3,982.3
2026-03-06 12:00:00,36.8,31.2,27.6,131.0,559.0,34.5,18,3.6,982.3
2026-03-06 13:00:00,46.6,40.9,46.7,101.0,707.0,31.8,22,3.6,982.6
2026-03-06 14:00:00,56.8,51.2,72.8,60.0,907.0,29.9,24,4.5,983.2
2026-03-06 15:00:00,61.7,56.2,90.7,29.0,1065.0,28.3,29,4.0,983.7
2026-03-06 16:00:00,64.3,58.8,93.6,16.0,1157.0,26.5,34,4.4,984.2
2026-03-06 17:00:00,65.7,60.3,88.4,13.0,1207.0,25.0,41,4.1,984.3
2026-03-06 18:00:00,64.0,58.8,79.9,14.0,1198.0,24.0,48,3.8,984.3
2026-03-06 19:00:00,58.1,53.4,67.9,20.0,1094.0,23.2,50,4.7,984.2
2026-03-06 20:00:00,53.4,49.1,52.6,29.0,931.0,22.1,52,5.3,984.3
2026-03-06 21:00:00,51.7,47.8,40.1,37.0,798.0,21.1,54,5.3,984.0
2026-03-06 22:00:00,52.2,48.9,32.2,39.0,703.0,20.3,56,5.3,983.8
2026-03-06 23:00:00,53.8,51.1,27.1,39.0,637.0,19.9,61,8.6,983.8
2026-03-07 00:00:00,52.5,45.5,22.8,40.0,672.0,19.3,82,8.9,983.9
2026-03-07 01:00:00,54.6,49.2,26.6,36.0,920.0,19.1,85,8.3,984.7
2026-03-07 02:00:00,60.5,54.8,31.6,32.0,1268.0,19.3,81,10.0,985.5
2026-03-07 03:00:00,63.3,58.1,33.4,40.0,1442.0,21.1,76,9.2,986.2
2026-03-07 04:00:00,65.4,56.0,29.0,71.0,1275.0,24.2,68,8.0,986.7
2026-03-07 05:00:00,58.8,45.5,21.4,114.0,933.0,27.6,56,7.6,987.0
2026-03-07 06:00:00,54.8,37.5,14.8,148.0,647.0,30.5,45,8.4,987.5
2026-03-07 07:00:00,56.8,31.9,10.4,163.0,492.0,33.2,29,8.8,987.2
2026-03-07 08:00:00,59.6,28.6,7.1,169.0,393.0,34.6,22,7.9,986.3
2026-03-07 09:00:00,56.5,27.3,5.5,170.0,347.0,35.1,20,6.8,985.3
2026-03-07 10:00:00,51.8,26.3,5.0,170.0,304.0,35.3,19,5.9,984.8
2026-03-07 11:00:00,49.4,26.2,6.2,167.0,314.0,35.0,18,5.5,984.6
2026-03-07 12:00:00,65.0,32.7,11.2,153.0,529.0,33.8,20,4.8,984.7
2026-03-07 13:00:00,72.9,44.8,26.0,124.0,1175.0,31.2,32,5.9,985.1
2026-03-07 14:00:00,78.5,54.1,46.0,85.0,2024.0,28.7,52,7.6,986.0
2026-03-07 15:00:00,79.2,56.5,58.6,56.0,2548.0,26.9,67,8.8,986.3
2026-03-07 16:00:00,82.0,58.7,56.5,49.0,2453.0,25.5,73,7.3,986.9
2026-03-07 17:00:00,86.6,62.2,47.1,52.0,2031.0,24.7,76,5.7,987.1
2026-03-07 18:00:00,93.8,68.2,39.1,54.0,1635.0,23.9,84,5.6,987.0
2026-03-07 19:00:00,102.0,74.7,35.9,51.0,1364.0,23.4,86,4.4,987.1
2026-03-07 20:00:00,109.9,81.7,34.2,48.0,1118.0,22.4,89,3.4,986.9
2026-03-07 21:00:00,118.5,88.9,33.3,44.0,947.0,21.8,91,4.1,986.4
2026-03-07 22:00:00,126.2,96.2,32.7,39.0,831.0,21.3,91,5.5,986.0
2026-03-07 23:00:00,130.9,102.0,32.8,33.0,789.0,20.6,93,4.1,985.6
2026-03-08 00:00:00,90.8,68.5,22.9,48.0,928.0,20.4,96,4.5,985.7
2026-03-08 01:00:00,96.9,72.4,30.1,39.0,1461.0,20.1,95,3.6,986.1
2026-03-08 02:00:00,105.0,80.3,39.6,28.0,2174.0,20.4,92,2.9,986.7
2026-03-08 03:00:00,99.0,82.4,43.5,35.0,2533.0,22.6,81,2.2,987.5
2026-03-08 04:00:00,95.0,73.8,36.7,75.0,2195.0,26.4,65,1.3,988.4
2026-03-08 05:00:00,86.1,58.1,24.3,131.0,1503.0,29.8,49,0.4,988.8
2026-03-08 06:00:00,87.8,50.8,14.2,175.0,944.0,30.7,42,0.4,989.0
2026-03-08 07:00:00,88.0,45.3,9.1,192.0,709.0,33.0,34,1.9,988.3
2026-03-08 08:00:00,84.5,42.6,6.3,196.0,606.0,34.1,30,3.5,987.5
2026-03-08 09:00:00,80.6,41.0,5.3,196.0,555.0,34.6,28,4.7,986.3
2026-03-08 10:00:00,78.0,40.2,4.3,197.0,531.0,33.7,30,5.6,985.8
2026-03-08 11:00:00,76.4,40.4,5.0,193.0,557.0,33.9,28,2.7,985.1
2026-03-08 12:00:00,91.3,47.5,11.6,172.0,623.0,32.9,32,5.2,985.1
2026-03-08 13:00:00,96.4,59.4,37.9,134.0,747.0,31.5,36,3.8,985.2
2026-03-08 14:00:00,106.6,71.2,73.5,81.0,910.0,30.4,40,5.1,986.2
2026-03-08 15:00:00,112.5,79.9,95.6,44.0,1045.0,29.3,45,5.2,986.7
2026-03-08 16:00:00,109.4,80.1,91.3,39.0,1138.0,28.1,49,4.0,986.7
2026-03-08 17:00:00,107.3,78.9,73.6,50.0,1203.0,27.4,51,4.2,986.6
2026-03-08 18:00:00,109.2,81.0,58.3,59.0,1212.0,26.8,56,3.3,987.0
2026-03-08 19:00:00,111.5,83.6,51.4,58.0,1123.0,25.8,60,3.2,986.7
2026-03-08 20:00:00,111.1,84.3,46.9,53.0,978.0,24.3,65,4.3,986.7
2026-03-08 21:00:00,107.8,82.4,42.9,50.0,876.0,23.0,70,4.3,986.2
2026-03-08 22:00:00,102.9,79.6,37.1,49.0,799.0,22.0,74,3.6,985.5
2026-03-08 23:00:00,102.0,78.5,31.8,49.0,765.0,21.9,74,2.1,985.1
2026-03-09 00:00:00,113.6,88.7,38.6,38.0,923.0,21.6,78,1.2,985.3
2026-03-09 01:00:00,116.9,91.7,48.5,30.0,1527.0,21.3,79,1.5,985.5
2026-03-09 02:00:00,129.5,102.9,61.3,22.0,2324.0,21.4,79,2.0,985.9
2026-03-09 03:00:00,136.4,118.3,65.5,31.0,2702.0,23.5,70,3.6,986.6
2026-03-09 04:00:00,113.2,94.3,52.6,75.0,2253.0,26.9,57,3.3,987.1
2026-03-09 05:00:00,85.4,59.0,31.1,136.0,1385.0,29.6,47,3.3,987.4
2026-03-09 06:00:00,76.4,47.7,14.3,183.0,710.0,31.7,39,5.4,987.5
2026-03-09 07:00:00,72.6,44.0,7.4,202.0,483.0,33.8,31,5.1,987.4
2026-03-09 08:00:00,70.1,42.1,5.2,205.0,449.0,34.9,28,4.4,986.6
2026-03-09 09:00:00,69.8,41.7,5.5,202.0,456.0,35.4,26,4.8,985.6
2026-03-09 10:00:00,71.0,42.4,5.9,194.0,395.0,35.3,25,5.0,984.7
2026-03-09 11:00:00,72.2,43.5,8.9,178.0,375.0,35.0,26,5.5,984.7
2026-03-09 12:00:00,92.4,53.8,15.7,157.0,572.0,33.6,27,4.3,985.1
2026-03-09 13:00:00,101.5,68.7,42.9,119.0,1121.0,32.1,34,2.0,985.4
2026-03-09 14:00:00,119.2,86.4,80.3,67.0,1886.0,30.4,37,1.7,986.0
2026-03-09 15:00:00,132.7,101.5,107.2,27.0,2638.0,28.8,40,3.1,986.5
2026-03-09 16:00:00,135.0,105.2,113.3,12.0,3430.0,27.8,46,5.9,986.8
2026-03-09 17:00:00,132.2,104.8,108.8,9.0,4209.0,25.9,54,3.4,987.4
2026-03-09 18:00:00,131.8,105.2,103.9,8.0,4581.0,24.9,62,3.9,987.5
2026-03-09 19:00:00,130.9,105.7,102.1,4.0,4258.0,24.2,65,4.7,987.4
2026-03-09 20:00:00,125.3,101.7,99.9,1.0,3529.0,23.5,70,4.9,987.4
2026-03-09 21:00:00,123.9,99.7,96.2,0.0,2869.0,22.7,77,5.2,987.3
2026-03-09 22:00:00,126.2,102.7,90.4,0.0,2418.0,22.2,88,9.9,987.4
2026-03-09 23:00:00,130.4,107.1,83.1,1.0,2037.0,22.2,90,7.9,986.8
2026-03-10 00:00:00,77.1,66.4,17.3,58.0,1774.0,21.7,91,5.5,987.3
2026-03-10 01:00:00,81.3,69.6,23.2,50.0,1726.0,21.5,92,5.6,987.8
2026-03-10 02:00:00,84.1,72.2,31.2,40.0,1798.0,21.7,90,7.1,988.8
2026-03-10 03:00:00,81.7,72.6,35.3,42.0,1754.0,23.3,82,4.9,989.4
2026-03-10 04:00:00,78.2,66.1,32.2,66.0,1453.0,26.3,67,4.0,990.2
2026-03-10 05:00:00,73.8,59.1,25.2,103.0,1036.0,28.8,57,5.5,990.3
2026-03-10 06:00:00,72.6,54.1,18.8,135.0,696.0,29.9,54,7.8,990.7
2026-03-10 07:00:00,74.0,50.6,13.4,159.0,503.0,32.3,42,8.2,990.0
2026-03-10 08:00:00,71.7,45.4,8.6,179.0,388.0,34.7,27,7.0,989.3
2026-03-10 09:00:00,66.1,41.0,7.1,187.0,331.0,36.1,18,8.3,987.9
2026-03-10 10:00:00,59.3,36.7,10.2,180.0,308.0,35.8,15,6.4,987.0
2026-03-10 11:00:00,54.2,34.0,16.5,162.0,343.0,34.8,15,5.5,986.4
2026-03-10 12:00:00,60.1,41.2,31.6,121.0,494.0,33.6,16,13.7,986.3
2026-03-10 13:00:00,69.4,51.7,47.4,94.0,861.0,32.0,19,8.3,986.4
2026-03-10 14:00:00,80.6,64.0,69.2,56.0,1343.0,30.1,24,5.1,986.7
2026-03-10 15:00:00,84.5,69.2,84.7,26.0,1694.0,27.8,31,3.5,987.2
2026-03-10 16:00:00,86.4,71.0,88.4,13.0,1804.0,26.4,36,4.4,987.1
2026-03-10 17:00:00,88.7,72.4,86.0,8.0,1783.0,25.7,41,1.9,987.7
2026-03-10 18:00:00,90.6,72.4,82.2,6.0,1708.0,24.9,53,1.6,987.5
2026-03-10 19:00:00,93.6,71.9,78.1,5.0,1573.0,24.0,57,5.3,987.3
2026-03-10 20:00:00,101.0,73.8,72.8,7.0,1385.0,23.2,65,7.6,986.9
2026-03-10 21:00:00,110.4,77.1,67.9,9.0,1246.0,23.0,70,6.0,986.4
2026-03-10 22:00:00,117.6,80.1,63.9,9.0,1172.0,22.8,71,6.5,985.7
2026-03-10 23:00:00,121.5,81.7,60.4,10.0,1146.0,22.3,71,2.7,986.1
2026-03-11 00:00:00,100.6,73.3,35.2,31.0,1219.0,20.9,88,5.4,986.8
2026-03-11 01:00:00,104.5,78.7,37.3,29.0,1517.0,20.1,91,3.5,986.8
2026-03-11 02:00:00,102.7,82.7,39.7,27.0,1914.0,20.7,87,5.5,987.4
2026-03-11 03:00:00,92.7,76.4,38.4,36.0,2088.0,22.7,76,6.4,987.8
2026-03-11 04:00:00,81.5,61.0,29.9,66.0,1831.0,26.2,57,3.6,988.6
2026-03-11 05:00:00,69.2,47.5,17.7,108.0,1351.0,29.2,43,3.8,988.9
2026-03-11 06:00:00,68.9,43.3,8.4,141.0,949.0,30.3,39,2.6,988.6
2026-03-11 07:00:00,71.7,42.3,4.7,160.0,728.0,32.3,31,2.7,988.4
2026-03-11 08:00:00,73.3,41.2,4.0,170.0,586.0,33.3,26,3.4,986.9
2026-03-11 09:00:00,72.4,38.3,4.6,174.0,518.0,33.9,25,5.4,985.6
2026-03-11 10:00:00,68.7,35.7,4.5,172.0,509.0,33.1,29,10.0,985.2
2026-03-11 11:00:00,64.7,34.3,5.8,164.0,574.0,30.9,36,9.0,985.4
2026-03-11 12:00:00,81.3,49.7,10.3,164.0,751.0,31.1,34,8.0,985.2
2026-03-11 13:00:00,81.3,56.7,23.5,136.0,1123.0,29.8,39,8.1,985.2
2026-03-11 14:00:00,89.6,66.1,42.0,96.0,1607.0,28.2,43,6.8,985.5
2026-03-11 15:00:00,98.5,74.7,58.5,63.0,1995.0,27.5,45,5.4,985.8
2026-03-11 16:00:00,107.6,82.7,71.4,42.0,2218.0,26.7,48,5.9,985.7
2026-03-11 17:00:00,122.5,95.7,82.3,26.0,2344.0,25.6,53,3.8,984.9
2026-03-11 18:00:00,136.0,108.3,88.7,16.0,2370.0,25.2,72,9.9,985.4
2026-03-11 19:00:00,142.5,114.8,87.9,13.0,2285.0,24.1,65,8.8,984.7
2026-03-11 20:00:00,143.9,115.7,82.4,16.0,2101.0,23.7,66,11.2,984.4
2026-03-11 21:00:00,144.4,115.7,77.8,18.0,1843.0,23.6,67,5.7,982.7
2026-03-11 22:00:00,145.8,117.1,77.6,14.0,1447.0,22.0,73,5.0,983.2
2026-03-11 23:00:00,147.1,118.0,78.2,8.0,977.0,21.3,76,7.8,981.7
2026-03-12 00:00:00,92.2,73.8,21.5,68.0,659.0,22.2,84,12.4,982.7
2026-03-12 01:00:00,85.4,70.3,22.9,58.0,636.0,20.5,94,14.4,983.1
2026-03-12 02:00:00,79.9,67.5,24.7,47.0,765.0,18.6,90,23.2,985.1
2026-03-12 03:00:00,70.5,59.6,24.4,47.0,835.0,19.0,86,15.9,985.2
2026-03-12 04:00:00,63.6,51.6,20.2,71.0,744.0,20.4,80,10.8,985.6
2026-03-12 05:00:00,61.5,45.4,14.1,108.0,595.0,22.6,74,10.3,985.7
2026-03-12 06:00:00,65.2,41.7,9.1,137.0,486.0,23.4,69,13.2,985.6
2026-03-12 07:00:00,70.1,40.0,6.5,150.0,447.0,24.9,64,8.8,985.3
2026-03-12 08:00:00,72.6,37.3,5.2,155.0,447.0,26.1,59,4.6,984.5
2026-03-12 09:00:00,72.4,35.6,4.9,157.0,494.0,26.9,56,1.8,983.6
2026-03-12 10:00:00,71.5,35.2,4.8,158.0,583.0,27.1,55,2.2,982.9
2026-03-12 11:00:00,72.2,35.5,5.6,156.0,718.0,26.9,55,2.4,982.6
2026-03-12 12:00:00,65.2,34.3,9.3,144.0,921.0,27.6,46,3.6,982.7
2026-03-12 13:00:00,60.5,38.5,18.1,122.0,1306.0,25.6,61,4.1,982.7
2026-03-12 14:00:00,61.0,43.9,30.1,92.0,1759.0,24.3,64,6.8,983.4
2026-03-12 15:00:00,56.7,42.7,37.2,69.0,1961.0,22.8,70,5.5,984.1
2026-03-12 16:00:00,52.5,39.3,34.8,62.0,1684.0,21.9,71,6.2,984.8
2026-03-12 17:00:00,50.9,37.6,27.5,63.0,1156.0,21.2,72,7.6,984.9
2026-03-12 18:00:00,51.9,37.6,21.9,63.0,748.0,21.2,85,5.2,985.1
2026-03-12 19:00:00,53.8,38.3,20.7,59.0,623.0,21.0,85,4.6,984.6
2026-03-12 20:00:00,56.2,39.3,21.2,53.0,618.0,20.8,84,6.3,984.6
2026-03-12 21:00:00,59.4,41.3,21.2,49.0,609.0,19.8,86,5.6,984.1
2026-03-12 22:00:00,61.2,43.1,19.3,46.0,507.0,18.9,88,4.9,983.6
2026-03-12 23:00:00,59.3,42.4,17.0,45.0,402.0,18.7,87,6.0,983.6
2026-03-13 00:00:00,62.6,42.1,19.7,44.0,440.0,18.0,88,4.7,983.5
2026-03-13 01:00:00,62.4,43.0,24.7,39.0,787.0,17.8,88,4.6,983.8
2026-03-13 02:00:00,66.4,47.8,31.3,32.0,1277.0,18.3,86,1.7,984.4
2026-03-13 03:00:00,58.9,45.4,33.6,36.0,1553.0,19.9,79,0.8,985.5
2026-03-13 04:00:00,51.1,35.7,27.7,59.0,1410.0,22.1,69,2.5,986.4
2026-03-13 05:00:00,46.2,28.1,17.7,91.0,1054.0,24.5,59,4.1,986.4
2026-03-13 06:00:00,41.6,22.1,9.6,116.0,747.0,26.7,51,7.0,986.6
2026-03-13 07:00:00,32.9,16.9,5.9,126.0,570.0,28.1,43,8.4,986.1
2026-03-13 08:00:00,28.1,13.8,4.3,129.0,442.0,29.1,31,9.5,985.0
2026-03-13 09:00:00,26.1,13.0,3.8,129.0,387.0,29.7,26,10.8,984.3
2026-03-13 10:00:00,25.2,12.9,3.7,129.0,420.0,29.5,26,11.1,983.6
2026-03-13 11:00:00,25.2,13.4,4.9,127.0,527.0,29.0,28,10.9,983.5
2026-03-13 12:00:00,25.3,13.8,8.1,121.0,686.0,27.6,36,9.6,983.5
2026-03-13 13:00:00,26.5,17.9,18.1,101.0,949.0,24.7,48,6.5,983.5
2026-03-13 14:00:00,31.8,23.9,31.8,74.0,1265.0,23.1,54,6.2,983.7
2026-03-13 15:00:00,34.5,27.0,40.8,54.0,1458.0,22.3,57,6.5,984.0
2026-03-13 16:00:00,35.0,27.8,41.0,49.0,1432.0,21.9,60,6.8,984.4
2026-03-13 17:00:00,35.3,28.2,36.6,51.0,1283.0,21.3,62,6.7,984.4
2026-03-13 18:00:00,35.0,28.4,31.8,54.0,1129.0,21.1,69,6.3,984.3
2026-03-13 19:00:00,33.6,27.5,27.8,55.0,1000.0,20.7,70,7.3,984.4
2026-03-13 20:00:00,32.4,26.8,23.4,57.0,865.0,20.2,69,6.1,983.9
2026-03-13 21:00:00,31.1,26.4,19.9,58.0,746.0,19.7,66,6.1,983.5
2026-03-13 22:00:00,30.0,26.0,17.0,59.0,603.0,19.2,64,6.1,982.9
2026-03-13 23:00:00,28.5,25.3,14.8,59.0,476.0,18.2,63,6.2,982.4
2026-03-14 00:00:00,38.9,34.2,18.7,53.0,507.0,18.2,66,7.3,982.5
2026-03-14 01:00:00,40.6,36.6,24.8,47.0,875.0,17.5,68,7.5,983.0
2026-03-14 02:00:00,46.4,42.6,32.8,39.0,1400.0,17.8,66,7.9,983.2
2026-03-14 03:00:00,43.8,41.1,36.3,43.0,1691.0,19.7,61,8.0,983.8
2026-03-14 04:00:00,35.5,33.5,30.9,68.0,1515.0,22.1,56,4.4,984.6
2026-03-14 05:00:00,21.1,19.8,20.9,103.0,1103.0,24.3,50,4.4,984.9
2026-03-14 06:00:00,14.3,13.6,12.7,131.0,760.0,26.8,39,7.6,985.0
2026-03-14 07:00:00,11.6,10.6,8.5,144.0,582.0,28.1,33,6.9,984.6
2026-03-14 08:00:00,11.2,9.5,6.1,149.0,473.0,29.0,27,6.4,983.9
2026-03-14 09:00:00,11.6,9.2,5.3,151.0,439.0,29.8,24,7.6,982.9
2026-03-14 10:00:00,12.1,9.3,3.2,153.0,433.0,29.9,22,7.2,982.0
2026-03-14 11:00:00,12.5,9.5,2.6,151.0,503.0,29.5,23,6.6,981.3
2026-03-14 12:00:00,17.5,12.5,10.1,135.0,803.0,27.6,37,3.3,981.1
2026-03-14 13:00:00,24.8,20.8,36.6,102.0,1582.0,25.9,40,4.7,981.3
2026-03-14 14:00:00,38.9,35.0,73.2,56.0,2591.0,24.8,39,5.4,981.7
2026-03-14 15:00:00,54.1,50.3,101.0,21.0,3232.0,24.4,43,3.6,982.3
2026-03-14 16:00:00,68.0,63.8,112.4,6.0,3189.0,23.5,46,3.1,982.8
2026-03-14 17:00:00,77.3,72.4,114.9,1.0,2778.0,22.9,48,2.9,982.9
2026-03-14 18:00:00,77.1,71.9,112.2,0.0,2357.0,22.7,52,4.7,982.8
2026-03-14 19:00:00,69.8,65.2,104.4,3.0,2036.0,23.2,49,1.5,982.6
2026-03-14 20:00:00,64.0,59.1,91.4,10.0,1705.0,20.2,56,5.0,982.1
2026-03-14 21:00:00,60.1,54.9,76.7,20.0,1383.0,18.8,62,5.8,981.7
2026-03-14 22:00:00,57.7,52.2,58.7,33.0,1025.0,18.0,70,3.0,981.8
2026-03-14 23:00:00,54.7,48.3,39.0,48.0,677.0,17.5,76,9.0,983.2
2026-03-15 00:00:00,63.1,61.9,80.2,3.0,501.0,19.0,67,9.6,982.4
2026-03-15 01:00:00,52.7,50.4,70.5,13.0,661.0,18.4,74,11.3,983.0
2026-03-15 02:00:00,55.9,48.4,56.7,28.0,994.0,17.9,80,11.0,982.7
2026-03-15 03:00:00,54.4,46.0,43.6,47.0,1172.0,18.4,82,10.2,983.2
2026-03-15 04:00:00,48.0,38.2,31.9,72.0,1010.0,20.4,72,10.6,984.3
2026-03-15 05:00:00,43.0,31.2,20.9,100.0,694.0,21.4,64,9.6,984.8
2026-03-15 06:00:00,38.6,27.2,12.6,121.0,449.0,22.4,59,17.1,985.2
2026-03-15 07:00:00,31.9,21.7,8.3,129.0,356.0,22.5,56,13.4,985.1
2026-03-15 08:00:00,32.2,20.8,6.7,129.0,334.0,21.6,60,10.2,985.2
2026-03-15 09:00:00,40.0,21.7,6.4,127.0,370.0,20.8,65,12.5,983.1
2026-03-15 10:00:00,48.1,23.7,6.3,125.0,495.0,21.5,62,16.8,982.8
2026-03-15 11:00:00,50.1,23.6,7.4,121.0,678.0,20.3,68,9.4,983.2
2026-03-15 12:00:00,56.7,28.9,9.6,112.0,807.0,17.7,79,9.8,984.3
2026-03-15 13:00:00,45.4,28.6,15.7,98.0,833.0,16.4,89,11.4,984.9
2026-03-15 14:00:00,48.0,33.2,23.8,79.0,806.0,16.3,85,11.3,983.3
2026-03-15 15:00:00,49.1,33.1,28.4,67.0,767.0,15.9,88,8.5,983.6
2026-03-15 16:00:00,46.1,29.6,26.1,67.0,733.0,15.7,91,11.4,984.3
2026-03-15 17:00:00,47.7,29.5,20.2,74.0,687.0,15.6,89,11.5,984.9
2026-03-15 18:00:00,49.4,30.6,15.1,79.0,625.0,15.4,88,13.2,984.7
2026-03-15 19:00:00,48.4,31.4,12.3,80.0,531.0,15.2,89,11.9,984.6
2026-03-15 20:00:00,47.0,31.4,10.3,79.0,420.0,14.8,86,15.0,984.3
2026-03-15 21:00:00,44.7,29.8,8.9,78.0,338.0,15.1,81,17.5,982.6
2026-03-15 22:00:00,42.6,27.5,8.0,78.0,291.0,14.5,85,10.7,982.8
2026-03-15 23:00:00,41.0,25.9,7.7,78.0,272.0,14.3,85,10.2,982.6
2026-03-16 00:00:00,28.3,23.5,9.2,72.0,307.0,14.7,81,13.1,984.7
2026-03-16 01:00:00,36.2,23.5,13.3,71.0,452.0,14.0,80,13.2,985.1
2026-03-16 02:00:00,39.1,26.1,18.7,71.0,650.0,13.7,85,10.8,985.9
2026-03-16 03:00:00,54.2,26.5,21.0,75.0,758.0,14.6,85,11.9,986.0
2026-03-16 04:00:00,61.2,26.7,17.3,89.0,682.0,15.9,81,12.0,986.2
2026-03-16 05:00:00,79.4,26.0,10.5,108.0,516.0,18.2,70,11.0,986.0
2026-03-16 06:00:00,115.3,29.9,5.4,122.0,399.0,17.2,75,12.8,985.9
2026-03-16 07:00:00,122.9,30.2,4.0,127.0,380.0,18.2,68,11.4,985.8
2026-03-16 08:00:00,128.5,31.0,4.2,126.0,410.0,20.7,58,10.1,985.2
2026-03-16 09:00:00,132.7,31.8,5.0,125.0,478.0,21.0,55,10.9,984.8
2026-03-16 10:00:00,126.2,31.5,4.4,127.0,594.0,20.7,57,9.9,984.7
2026-03-16 11:00:00,115.0,30.4,4.3,129.0,748.0,20.2,59,8.9,984.0
2026-03-16 12:00:00,109.0,29.3,8.2,115.0,899.0,21.1,55,8.5,984.1
2026-03-16 13:00:00,88.5,30.0,24.5,91.0,1060.0,18.9,68,6.1,984.2
2026-03-16 14:00:00,94.1,38.3,46.5,59.0,1218.0,17.7,74,2.2,984.7
2026-03-16 15:00:00,92.2,42.1,59.5,37.0,1293.0,16.7,78,2.8,985.0
2026-03-16 16:00:00,76.8,38.1,54.9,36.0,1221.0,15.7,82,4.0,985.3
2026-03-16 17:00:00,61.2,32.6,41.3,45.0,1066.0,15.0,85,5.9,985.7
2026-03-16 18:00:00,50.3,28.3,30.1,53.0,937.0,15.2,85,2.0,986.1
2026-03-16 19:00:00,45.6,25.9,25.8,54.0,872.0,15.3,84,5.8,985.8
2026-03-16 20:00:00,47.1,26.5,24.0,53.0,833.0,14.9,84,6.1,985.7
2026-03-16 21:00:00,48.2,27.7,22.4,52.0,810.0,14.7,84,8.2,985.1
2026-03-16 22:00:00,46.0,27.8,19.6,52.0,760.0,14.1,87,5.2,984.6
2026-03-16 23:00:00,43.0,27.5,17.1,53.0,727.0,13.7,89,4.2,984.5
2026-03-17 00:00:00,43.9,29.5,21.0,42.0,832.0,13.7,90,6.9,984.5
2026-03-17 01:00:00,42.5,29.5,25.2,38.0,1268.0,13.7,87,6.9,984.7
2026-03-17 02:00:00,41.1,29.1,30.7,33.0,1843.0,14.2,85,6.8,985.1
2026-03-17 03:00:00,37.8,30.5,32.3,39.0,2098.0,15.7,83,9.0,985.6
2026-03-17 04:00:00,35.7,26.8,26.1,64.0,1717.0,18.4,75,7.0,986.2
2026-03-17 05:00:00,31.8,18.9,16.0,98.0,1017.0,20.8,64,7.4,986.6
2026-03-17 06:00:00,52.7,18.2,8.1,126.0,490.0,22.5,54,9.4,986.8
2026-03-17 07:00:00,73.1,22.1,5.0,141.0,313.0,23.4,44,10.2,986.2
2026-03-17 08:00:00,76.4,22.8,4.1,150.0,309.0,24.1,39,8.1,985.7
2026-03-17 09:00:00,69.8,21.1,4.3,154.0,437.0,24.9,37,5.1,985.1
2026-03-17 10:00:00,63.3,19.6,3.0,157.0,637.0,25.0,36,3.6,984.6
2026-03-17 11:00:00,60.3,19.0,2.7,155.0,969.0,24.9,36,3.1,984.1
2026-03-17 12:00:00,17.4,9.7,9.9,137.0,1568.0,24.1,42,3.7,983.9
2026-03-17 13:00:00,29.5,23.6,39.9,102.0,2801.0,21.8,58,1.4,983.9
2026-03-17 14:00:00,51.3,45.5,80.9,54.0,4300.0,20.2,61,1.5,983.9
2026-03-17 15:00:00,69.6,63.3,108.7,19.0,5099.0,18.4,68,5.6,984.2
2026-03-17 16:00:00,79.9,74.0,111.1,8.0,4575.0,18.0,66,2.4,984.6
2026-03-17 17:00:00,82.4,77.8,100.3,11.0,3351.0,16.9,70,3.6,984.9
2026-03-17 18:00:00,81.3,77.8,88.4,14.0,2323.0,16.6,72,5.2,984.8
2026-03-17 19:00:00,65.7,64.0,79.6,14.0,1845.0,16.8,70,6.3,985.3
2026-03-17 20:00:00,52.0,51.1,69.6,16.0,1564.0,17.2,70,5.8,985.2
2026-03-17 21:00:00,45.1,44.4,58.3,22.0,1321.0,16.4,73,5.5,985.0
2026-03-17 22:00:00,36.7,36.2,42.6,36.0,1003.0,16.9,67,12.3,985.8
2026-03-17 23:00:00,30.4,29.4,25.6,53.0,723.0,16.0,79,14.2,985.4
2026-03-18 00:00:00,68.5,36.9,14.9,62.0,655.0,17.1,77,5.5,984.4
2026-03-18 01:00:00,67.1,36.3,20.3,58.0,998.0,17.3,74,8.1,984.9
2026-03-18 02:00:00,67.1,35.5,27.5,54.0,1554.0,17.3,76,7.5,984.7
2026-03-18 03:00:00,57.7,36.7,31.2,56.0,1905.0,17.9,76,2.4,986.1
2026-03-18 04:00:00,63.8,34.9,28.0,70.0,1841.0,19.4,73,4.2,986.8
2026-03-18 05:00:00,80.3,34.2,21.4,90.0,1572.0,20.4,70,3.2,987.4
2026-03-18 06:00:00,82.2,30.7,16.0,105.0,1307.0,20.4,73,6.4,988.9
2026-03-18 07:00:00,94.1,30.2,13.4,111.0,1087.0,18.8,72,6.2,988.8
2026-03-18 08:00:00,81.5,28.7,12.1,113.0,872.0,18.2,72,2.2,988.5
2026-03-18 09:00:00,79.2,27.2,12.7,110.0,742.0,17.7,79,5.6,987.8
2026-03-18 10:00:00,61.5,23.3,16.8,101.0,755.0,18.0,79,8.3,987.1
2026-03-18 11:00:00,50.3,23.1,22.8,87.0,854.0,18.1,80,8.3,986.6
2026-03-18 12:00:00,145.8,44.5,20.6,102.0,954.0,17.5,83,13.0,987.4
2026-03-18 13:00:00,117.6,46.2,21.2,95.0,1036.0,17.3,82,13.5,987.0
2026-03-18 14:00:00,99.4,45.2,22.1,85.0,1118.0,16.6,83,10.7,987.0
2026-03-18 15:00:00,77.8,38.8,22.8,76.0,1168.0,16.4,82,9.2,987.7
2026-03-18 16:00:00,60.3,30.9,23.4,68.0,1188.0,16.7,76,9.0,987.7
2026-03-18 17:00:00,52.2,27.4,23.9,61.0,1174.0,16.4,74,10.7,987.8
2026-03-18 18:00:00,49.7,26.7,24.0,55.0,1087.0,16.9,76,3.1,988.3
2026-03-18 19:00:00,54.8,28.1,23.6,52.0,861.0,16.4,79,8.2,988.2
2026-03-18 20:00:00,59.1,29.5,22.7,51.0,561.0,15.7,83,10.1,987.7
2026-03-18 21:00:00,51.9,26.3,21.2,50.0,340.0,15.9,84,4.8,987.6
2026-03-18 22:00:00,44.2,23.5,17.9,50.0,242.0,15.4,86,12.8,987.2
2026-03-18 23:00:00,41.0,22.8,14.0,51.0,223.0,15.8,85,12.1,987.0
2026-03-19 00:00:00,47.6,25.3,15.5,48.0,307.0,15.7,83,8.7,986.6
2026-03-19 01:00:00,50.6,26.3,18.3,45.0,584.0,15.2,86,7.4,986.8
2026-03-19 02:00:00,53.7,29.1,21.9,42.0,963.0,15.5,87,8.2,987.5
2026-03-19 03:00:00,57.4,30.5,23.7,45.0,1197.0,16.8,85,7.4,988.2
2026-03-19 04:00:00,66.4,28.9,21.5,60.0,1144.0,18.8,78,5.4,988.6
2026-03-19 05:00:00,71.5,28.8,17.4,82.0,946.0,20.5,75,4.0,988.8
2026-03-19 06:00:00,84.8,30.0,14.7,98.0,776.0,21.9,72,5.5,989.2
2026-03-19 07:00:00,90.3,31.0,14.8,103.0,670.0,20.0,75,11.5,989.4
2026-03-19 08:00:00,93.8,34.9,16.2,103.0,594.0,19.3,81,6.2,988.8
2026-03-19 09:00:00,89.6,36.6,18.1,102.0,616.0,19.5,81,2.4,987.7
2026-03-19 10:00:00,88.0,39.2,19.2,103.0,841.0,19.6,80,0.7,986.9
2026-03-19 11:00:00,82.0,39.2,20.7,102.0,1165.0,18.9,83,7.2,985.9
2026-03-19 12:00:00,64.0,39.3,34.3,59.0,1347.0,18.2,90,7.9,986.2
2026-03-19 13:00:00,55.1,38.4,35.3,54.0,1235.0,17.7,90,9.0,986.3
2026-03-19 14:00:00,53.7,38.9,36.8,47.0,982.0,17.0,93,8.6,986.5
2026-03-19 15:00:00,52.4,37.6,38.1,40.0,805.0,16.6,96,6.1,986.7
2026-03-19 16:00:00,54.1,39.7,39.2,34.0,822.0,15.6,97,4.6,986.8
2026-03-19 17:00:00,57.2,42.6,40.1,29.0,915.0,14.9,96,3.1,986.8
2026-03-19 18:00:00,60.8,45.6,40.5,25.0,945.0,15.6,97,3.4,987.1
2026-03-19 19:00:00,65.0,49.2,40.5,22.0,831.0,15.5,96,1.7,987.0
2026-03-19 20:00:00,64.5,50.3,40.0,20.0,655.0,15.4,96,0.3,986.5
2026-03-19 21:00:00,61.2,47.5,38.1,19.0,518.0,15.2,97,1.2,985.9
2026-03-19 22:00:00,59.5,45.5,33.5,20.0,446.0,14.9,98,1.1,985.3
2026-03-19 23:00:00,58.6,44.6,27.6,23.0,414.0,14.6,99,3.5,985.1
2026-03-20 00:00:00,59.4,42.3,20.8,33.0,450.0,14.9,99,4.1,984.8
2026-03-20 01:00:00,60.1,43.2,22.5,33.0,626.0,14.5,99,2.7,985.2
2026-03-20 02:00:00,65.9,47.8,24.5,34.0,869.0,15.3,98,5.3,985.8
2026-03-20 03:00:00,67.5,46.3,24.4,43.0,998.0,16.3,94,6.3,986.5
2026-03-20 04:00:00,63.8,37.6,19.9,64.0,892.0,18.1,83,6.7,986.8
2026-03-20 05:00:00,57.9,27.6,13.2,93.0,670.0,19.5,73,4.0,987.1
2026-03-20 06:00:00,59.3,26.0,8.1,118.0,507.0,20.2,66,2.6,987.0
2026-03-20 07:00:00,56.7,25.1,6.1,136.0,468.0,21.2,64,0.9,986.5
2026-03-20 08:00:00,56.2,26.0,5.6,149.0,488.0,21.8,59,0.6,985.7
2026-03-20 09:00:00,56.8,28.0,5.9,158.0,540.0,22.1,58,2.8,984.9
2026-03-20 10:00:00,54.5,27.9,6.2,163.0,613.0,22.2,59,3.2,984.0
2026-03-20 11:00:00,50.2,26.4,7.3,163.0,719.0,22.1,57,3.4,983.7
2026-03-20 12:00:00,60.3,29.2,11.2,129.0,868.0,22.2,57,5.5,983.8
2026-03-20 13:00:00,64.0,37.4,33.6,100.0,1105.0,20.3,74,3.8,984.5
2026-03-20 14:00:00,81.0,54.9,64.0,59.0,1385.0,19.1,77,7.3,984.9
2026-03-20 15:00:00,94.5,69.2,83.1,30.0,1583.0,17.7,83,8.9,985.4
2026-03-20 16:00:00,99.7,76.1,80.2,23.0,1663.0,15.3,90,17.7,987.1
2026-03-20 17:00:00,93.1,73.3,66.0,27.0,1660.0,15.2,91,7.4,986.9
2026-03-20 18:00:00,87.3,70.1,54.0,30.0,1558.0,14.6,94,6.5,987.1
2026-03-20 19:00:00,73.6,57.6,49.6,28.0,1282.0,14.1,98,2.9,986.7
2026-03-20 20:00:00,65.2,49.7,47.2,25.0,907.0,13.6,98,3.9,986.0
2026-03-20 21:00:00,60.3,45.2,43.7,24.0,636.0,13.0,99,4.3,985.7
2026-03-20 22:00:00,57.6,42.7,36.5,26.0,553.0,12.6,99,4.7,986.1
2026-03-20 23:00:00,56.5,41.9,28.1,31.0,575.0,12.4,100,4.6,986.0
2026-03-21 00:00:00,47.5,35.7,17.3,43.0,658.0,13.8,98,5.6,986.0
2026-03-21 01:00:00,47.7,36.7,20.0,40.0,841.0,13.3,99,2.3,986.8
2026-03-21 02:00:00,52.7,41.9,23.4,36.0,1083.0,14.1,98,4.5,987.6
2026-03-21 03:00:00,55.4,43.2,24.5,42.0,1223.0,15.5,94,4.2,988.5
2026-03-21 04:00:00,60.1,44.4,20.8,66.0,1158.0,17.7,88,2.4,989.2
2026-03-21 05:00:00,64.3,44.7,14.7,100.0,990.0,19.7,79,3.2,989.5
2026-03-21 06:00:00,64.5,43.4,10.0,128.0,859.0,20.7,72,3.8,989.9
2026-03-21 07:00:00,61.2,41.3,8.2,145.0,815.0,22.1,65,2.0,989.9
2026-03-21 08:00:00,58.2,40.2,7.7,155.0,808.0,22.9,59,2.6,989.3
2026-03-21 09:00:00,56.2,39.3,8.2,161.0,829.0,23.2,55,5.4,988.3
2026-03-21 10:00:00,53.7,38.1,7.1,164.0,854.0,23.7,53,5.9,987.7
2026-03-21 11:00:00,52.3,37.6,6.9,161.0,907.0,23.5,56,7.0,987.5
2026-03-21 12:00:00,64.0,46.9,16.4,132.0,1044.0,23.1,55,4.4,987.6
2026-03-21 13:00:00,71.5,58.1,35.6,105.0,1373.0,21.6,71,3.0,987.8
2026-03-21 14:00:00,84.5,71.0,61.9,67.0,1787.0,20.4,75,4.0,988.4
2026-03-21 15:00:00,92.0,78.9,81.0,38.0,2021.0,19.4,76,5.4,988.8
2026-03-21 16:00:00,100.1,87.1,86.1,27.0,1910.0,18.6,78,5.2,989.2
2026-03-21 17:00:00,108.7,95.2,83.9,25.0,1619.0,17.7,81,4.4,988.7
2026-03-21 18:00:00,115.3,102.0,80.0,25.0,1384.0,18.0,81,4.8,989.3
2026-03-21 19:00:00,114.3,101.7,76.5,24.0,1311.0,18.5,81,5.7,989.3
2026-03-21 20:00:00,108.7,95.9,71.3,25.0,1293.0,18.3,79,6.2,988.9
2026-03-21 21:00:00,105.0,92.0,63.9,29.0,1243.0,17.9,78,6.3,988.2
2026-03-21 22:00:00,100.8,87.1,51.7,38.0,1072.0,17.3,80,6.0,988.1
2026-03-21 23:00:00,99.2,84.8,37.2,49.0,869.0,16.6,83,5.5,987.6
2026-03-22 00:00:00,91.7,80.3,30.5,51.0,820.0,16.4,81,6.5,987.2
2026-03-22 01:00:00,94.3,82.2,33.7,49.0,1113.0,16.1,83,6.5,987.2
2026-03-22 02:00:00,99.4,86.4,37.8,46.0,1558.0,16.5,83,6.5,987.5
2026-03-22 03:00:00,96.6,86.6,37.6,55.0,1775.0,18.3,78,2.8,988.5
2026-03-22 04:00:00,94.8,78.7,29.1,84.0,1527.0,20.5,70,2.4,988.8
2026-03-22 05:00:00,83.4,65.0,16.5,124.0,1049.0,22.8,61,3.4,989.1
2026-03-22 06:00:00,64.3,46.0,6.9,154.0,668.0,24.1,53,5.7,989.2
2026-03-22 07:00:00,56.7,36.9,3.3,165.0,504.0,25.2,50,6.3,988.7
2026-03-22 08:00:00,59.4,35.9,2.7,166.0,437.0,26.1,47,8.3,987.8
2026-03-22 09:00:00,61.2,34.5,4.0,161.0,431.0,26.7,44,10.2,986.9
2026-03-22 10:00:00,62.4,32.8,5.5,153.0,452.0,26.8,42,10.0,986.1
2026-03-22 11:00:00,63.3,32.2,8.8,139.0,535.0,26.3,43,9.3,985.5
2026-03-22 12:00:00,63.6,30.3,9.6,134.0,749.0,25.9,46,6.7,985.4
2026-03-22 13:00:00,61.9,36.7,30.6,104.0,1270.0,23.9,59,4.7,985.1
2026-03-22 14:00:00,74.7,49.5,59.3,63.0,1922.0,22.3,65,5.4,985.4
2026-03-22 15:00:00,82.7,57.4,78.3,34.0,2252.0,21.5,68,4.7,985.6
2026-03-22 16:00:00,86.4,61.2,78.8,27.0,1965.0,20.4,71,5.3,986.2
2026-03-22 17:00:00,87.3,62.2,69.5,32.0,1356.0,19.7,74,5.2,986.1
2026-03-22 18:00:00,89.4,63.6,59.7,37.0,848.0,19.5,75,4.8,986.2
2026-03-22 19:00:00,90.8,64.5,51.7,38.0,593.0,20.2,73,5.7,986.0
2026-03-22 20:00:00,90.6,64.7,43.1,40.0,441.0,20.5,72,5.2,985.9
2026-03-22 21:00:00,89.2,63.8,36.0,41.0,364.0,20.1,73,4.9,985.5
2026-03-22 22:00:00,87.3,62.6,30.7,40.0,328.0,19.2,75,5.1,985.4
2026-03-22 23:00:00,86.8,62.4,26.8,39.0,368.0,18.3,79,5.1,985.1
2026-03-23 00:00:00,61.5,49.0,19.4,45.0,560.0,17.7,83,2.9,984.9
2026-03-23 01:00:00,63.3,49.2,24.4,42.0,1098.0,17.7,84,0.8,985.4
2026-03-23 02:00:00,71.5,57.7,31.0,38.0,1788.0,18.3,83,2.1,986.1
2026-03-23 03:00:00,70.1,55.8,33.4,47.0,2121.0,20.5,76,0.7,986.5
2026-03-23 04:00:00,72.9,49.9,27.5,79.0,1752.0,22.9,66,1.9,987.0
2026-03-23 05:00:00,73.3,45.9,17.4,122.0,1027.0,25.0,58,3.3,987.2
2026-03-23 06:00:00,63.6,34.9,9.4,155.0,471.0,26.4,45,5.4,987.4
2026-03-23 07:00:00,55.9,30.6,5.9,166.0,305.0,27.2,43,5.1,986.5
2026-03-23 08:00:00,49.9,27.8,4.6,167.0,309.0,27.9,40,5.7,985.8
2026-03-23 09:00:00,46.4,26.1,4.3,163.0,349.0,28.4,38,4.8,985.0
2026-03-23 10:00:00,44.8,25.0,2.6,159.0,357.0,27.8,39,5.2,984.8
2026-03-23 11:00:00,42.5,23.9,2.1,152.0,402.0,27.4,39,3.4,984.4
2026-03-23 12:00:00,56.6,28.1,10.0,139.0,558.0,27.7,34,3.9,983.7
2026-03-23 13:00:00,63.6,38.9,33.5,107.0,963.0,25.2,48,4.7,984.2
2026-03-23 14:00:00,81.5,57.7,65.3,63.0,1480.0,22.9,58,5.7,984.7
2026-03-23 15:00:00,88.5,67.1,84.0,34.0,1773.0,21.4,65,4.7,985.2
2026-03-23 16:00:00,78.0,62.6,77.1,35.0,1632.0,20.4,65,7.9,985.8
2026-03-23 17:00:00,66.1,53.2,57.2,50.0,1266.0,19.7,69,10.2,985.8
2026-03-23 18:00:00,61.5,49.6,40.6,61.0,969.0,20.1,75,6.8,986.1
2026-03-23 19:00:00,60.3,49.1,33.3,61.0,846.0,19.9,78,4.6,986.2
2026-03-23 20:00:00,62.2,50.8,29.3,57.0,792.0,19.0,82,4.1,986.2
2026-03-23 21:00:00,65.7,53.2,26.7,53.0,786.0,18.2,84,4.0,985.7
2026-03-23 22:00:00,69.2,55.6,24.7,48.0,808.0,17.5,86,2.9,985.2
2026-03-23 23:00:00,71.9,58.1,24.0,43.0,878.0,16.9,89,2.1,984.9
2026-03-24 00:00:00,60.5,47.7,17.5,56.0,1040.0,16.9,91,4.6,985.3
2026-03-24 01:00:00,62.2,49.9,23.2,52.0,1445.0,17.1,86,6.0,985.7
2026-03-24 02:00:00,66.6,55.3,30.7,48.0,1941.0,17.7,80,5.2,986.1
2026-03-24 03:00:00,66.4,55.8,33.4,56.0,2124.0,20.3,70,2.0,986.8
2026-03-24 04:00:00,64.0,47.7,26.9,89.0,1691.0,24.0,54,1.3,987.6
2026-03-24 05:00:00,54.2,33.8,15.6,133.0,944.0,27.0,45,6.0,988.0
2026-03-24 06:00:00,57.3,32.8,6.9,165.0,381.0,28.6,32,9.4,988.3
2026-03-24 07:00:00,43.4,25.1,3.7,171.0,221.0,29.9,26,11.4,987.2
2026-03-24 08:00:00,34.3,20.3,3.0,164.0,247.0,30.4,23,11.9,986.2
2026-03-24 09:00:00,29.8,17.8,3.2,156.0,299.0,30.9,23,12.6,985.3
2026-03-24 10:00:00,27.6,16.4,2.2,154.0,321.0,30.5,24,12.1,984.5
2026-03-24 11:00:00,26.3,15.7,2.1,152.0,370.0,30.0,26,11.5,983.8
2026-03-24 12:00:00,26.7,16.8,7.5,145.0,464.0,28.5,29,10.7,984.0
2026-03-24 13:00:00,27.9,20.7,22.2,117.0,648.0,26.7,35,6.9,983.9
2026-03-24 14:00:00,34.8,28.1,42.2,79.0,877.0,25.4,41,5.7,984.0
2026-03-24 15:00:00,39.2,32.7,56.2,51.0,1031.0,25.1,44,5.4,984.3
2026-03-24 16:00:00,42.7,36.1,58.5,42.0,1028.0,24.2,46,5.3,984.1
2026-03-24 17:00:00,44.9,38.2,54.8,42.0,950.0,22.8,51,5.8,983.8
2026-03-24 18:00:00,43.7,36.9,50.2,44.0,927.0,22.8,56,6.0,984.1
2026-03-24 19:00:00,41.7,34.6,45.6,46.0,1041.0,22.3,55,7.0,984.0
2026-03-24 20:00:00,42.5,34.8,40.2,49.0,1209.0,21.4,59,6.2,983.9
2026-03-24 21:00:00,45.2,37.3,36.5,50.0,1318.0,20.7,61,6.5,983.4
2026-03-24 22:00:00,48.1,40.3,35.5,44.0,1226.0,19.5,66,5.9,983.1
2026-03-24 23:00:00,51.0,43.3,36.2,36.0,1075.0,18.6,69,5.8,982.7
2026-03-25 00:00:00,54.4,47.1,43.2,31.0,1170.0,18.5,71,5.2,982.9
2026-03-25 01:00:00,59.6,52.9,44.7,33.0,1859.0,18.1,74,2.7,983.2
2026-03-25 02:00:00,67.3,61.5,46.3,37.0,2794.0,18.3,73,4.1,984.1
2026-03-25 03:00:00,64.5,59.6,43.9,53.0,3242.0,20.6,67,3.6,985.0
2026-03-25 04:00:00,51.9,45.4,33.7,91.0,2730.0,23.9,56,2.9,985.6
2026-03-25 05:00:00,35.9,28.1,19.5,140.0,1730.0,26.6,45,3.8,986.0
2026-03-25 06:00:00,29.5,19.7,8.7,177.0,928.0,28.6,34,4.6,986.4
2026-03-25 07:00:00,27.5,18.2,4.5,190.0,592.0,29.7,31,6.3,986.1
2026-03-25 08:00:00,27.1,18.3,3.6,191.0,454.0,30.7,30,7.2,985.3
2026-03-25 09:00:00,27.9,18.8,4.0,186.0,387.0,31.2,29,7.3,984.1
2026-03-25 10:00:00,29.6,19.3,4.6,177.0,363.0,31.3,28,6.9,983.3
2026-03-25 11:00:00,30.2,19.4,6.4,162.0,411.0,31.0,28,6.3,982.9
2026-03-25 12:00:00,34.3,22.3,10.9,139.0,490.0,30.1,30,4.3,983.3
2026-03-25 13:00:00,36.3,27.9,22.5,116.0,612.0,28.1,44,2.2,983.9
2026-03-25 14:00:00,41.3,33.6,38.0,85.0,765.0,26.5,51,2.2,984.5
2026-03-25 15:00:00,42.0,34.5,47.2,64.0,872.0,25.6,64,1.1,985.8
2026-03-25 16:00:00,46.2,35.9,44.0,64.0,907.0,24.6,54,7.8,987.0
2026-03-25 17:00:00,49.0,37.5,34.4,75.0,895.0,23.3,58,8.1,987.4
2026-03-25 18:00:00,46.9,35.9,25.6,85.0,834.0,22.2,67,10.2,986.7
2026-03-25 19:00:00,44.0,34.1,19.8,89.0,688.0,21.0,71,6.4,986.7
2026-03-25 20:00:00,41.3,32.1,14.8,92.0,493.0,20.5,74,6.0,986.7
2026-03-25 21:00:00,39.0,30.5,11.2,92.0,356.0,20.3,72,9.6,986.0
2026-03-25 22:00:00,37.0,29.1,9.3,88.0,303.0,19.4,78,1.8,987.2
2026-03-25 23:00:00,35.3,28.3,8.8,82.0,307.0,18.9,83,12.1,988.0
2026-03-26 00:00:00,38.4,31.9,10.5,75.0,396.0,20.0,81,8.6,987.5
2026-03-26 01:00:00,36.3,29.3,14.3,71.0,663.0,19.9,79,8.8,988.0
2026-03-26 02:00:00,37.6,30.7,19.3,67.0,1013.0,20.0,80,9.2,988.1
2026-03-26 03:00:00,37.8,30.7,21.4,70.0,1193.0,21.6,73,5.2,988.7
2026-03-26 04:00:00,34.7,26.2,17.7,87.0,1037.0,23.9,64,1.3,989.3
2026-03-26 05:00:00,34.8,22.1,11.1,111.0,709.0,26.5,49,4.3,989.6
2026-03-26 06:00:00,39.6,20.6,6.1,129.0,451.0,28.0,43,10.4,989.7
2026-03-26 07:00:00,45.5,20.2,4.6,136.0,355.0,28.5,42,9.7,989.1
2026-03-26 08:00:00,51.8,20.5,4.8,138.0,327.0,29.0,41,9.5,988.1
2026-03-26 09:00:00,56.5,21.3,5.9,137.0,333.0,28.7,41,10.1,987.4
2026-03-26 10:00:00,59.8,22.1,6.9,136.0,359.0,28.0,41,9.6,987.4
2026-03-26 11:00:00,60.5,22.6,8.8,133.0,418.0,27.3,44,10.7,986.6
2026-03-26 12:00:00,53.2,23.3,10.8,121.0,509.0,27.2,42,10.6,986.7
2026-03-26 13:00:00,47.8,26.5,20.2,100.0,660.0,26.4,45,8.8,986.9
2026-03-26 14:00:00,47.6,29.9,32.9,72.0,844.0,25.4,49,8.6,987.4
2026-03-26 15:00:00,48.4,32.6,40.6,52.0,978.0,24.7,51,10.3,987.4
2026-03-26 16:00:00,46.7,31.8,38.6,48.0,1034.0,23.9,55,9.4,987.7
2026-03-26 17:00:00,44.4,30.4,31.6,54.0,1041.0,22.8,60,10.1,987.8
2026-03-26 18:00:00,42.5,28.9,24.8,60.0,996.0,22.9,65,12.2,987.4
2026-03-26 19:00:00,41.1,27.1,19.5,67.0,868.0,22.1,69,11.9,986.9
2026-03-26 20:00:00,40.6,26.1,14.5,76.0,688.0,21.5,70,13.8,986.2
2026-03-26 21:00:00,41.6,26.3,10.9,81.0,555.0,21.3,70,12.3,985.6
2026-03-26 22:00:00,37.8,24.6,9.2,81.0,487.0,21.2,69,11.2,985.1
2026-03-26 23:00:00,35.5,24.0,8.9,78.0,465.0,21.1,66,12.4,984.7
2026-03-27 00:00:00,37.8,29.8,13.5,61.0,528.0,20.0,85,7.2,984.8
2026-03-27 01:00:00,35.9,29.0,16.3,57.0,779.0,19.9,85,2.7,984.1
2026-03-27 02:00:00,36.8,31.4,19.8,53.0,1115.0,20.1,87,1.5,984.7
2026-03-27 03:00:00,37.4,31.0,20.9,59.0,1267.0,22.0,75,6.8,985.3
2026-03-27 04:00:00,35.5,28.8,17.0,85.0,1047.0,23.4,65,9.4,986.4
2026-03-27 05:00:00,30.0,22.3,10.5,121.0,643.0,25.0,56,8.3,986.5
2026-03-27 06:00:00,31.3,21.2,5.5,149.0,345.0,26.6,47,6.0,986.3
2026-03-27 07:00:00,31.3,20.3,3.7,160.0,283.0,28.0,42,4.2,985.2
2026-03-27 08:00:00,32.4,20.3,3.3,162.0,327.0,28.9,39,5.6,984.1
2026-03-27 09:00:00,34.0,20.0,3.7,161.0,381.0,29.3,37,6.6,983.0
2026-03-27 10:00:00,33.3,19.4,2.1,162.0,388.0,29.4,37,6.7,982.0
2026-03-27 11:00:00,32.9,18.9,1.2,160.0,405.0,29.0,38,6.3,981.0
2026-03-27 12:00:00,13.1,9.0,8.6,155.0,506.0,28.8,36,3.9,980.6
2026-03-27 13:00:00,15.7,11.6,26.0,127.0,711.0,28.1,37,4.6,980.7
2026-03-27 14:00:00,24.9,21.7,50.1,87.0,1000.0,27.1,40,8.3,981.3
2026-03-27 15:00:00,32.1,29.5,68.2,56.0,1383.0,26.3,44,8.4,981.7
2026-03-27 16:00:00,38.5,36.4,74.4,42.0,1984.0,25.1,48,6.2,982.0
2026-03-27 17:00:00,43.4,41.9,74.7,36.0,2679.0,23.9,52,4.7,981.9
2026-03-27 18:00:00,46.6,45.5,74.0,33.0,3107.0,23.4,56,3.2,982.0
2026-03-27 19:00:00,50.2,49.4,73.9,31.0,3075.0,23.0,57,2.5,981.5
2026-03-27 20:00:00,56.0,55.1,72.9,30.0,2777.0,22.2,60,4.0,981.0
2026-03-27 21:00:00,63.3,61.7,71.7,29.0,2434.0,21.6,63,2.6,980.1
2026-03-27 22:00:00,68.5,66.4,70.6,24.0,2026.0,21.1,65,1.5,979.4
2026-03-27 23:00:00,68.7,66.4,69.4,17.0,1573.0,20.6,66,1.3,978.9
2026-03-28 00:00:00,54.2,52.7,57.6,21.0,1351.0,19.1,75,1.9,979.0
2026-03-28 01:00:00,57.2,55.2,59.3,26.0,1635.0,18.6,79,2.4,979.1
2026-03-28 02:00:00,65.9,63.6,61.0,35.0,2151.0,19.5,75,4.1,979.9
2026-03-28 03:00:00,56.9,55.3,57.4,52.0,2353.0,22.3,64,2.3,980.8
2026-03-28 04:00:00,35.5,34.9,43.5,87.0,1895.0,25.3,51,3.1,981.2
2026-03-28 05:00:00,15.2,14.8,24.3,131.0,1123.0,27.5,43,4.6,981.1
2026-03-28 06:00:00,14.7,12.9,9.9,164.0,536.0,28.8,38,5.0,981.3
2026-03-28 07:00:00,16.5,13.0,4.9,179.0,345.0,30.2,35,5.3,981.0
2026-03-28 08:00:00,18.3,13.6,4.7,183.0,339.0,30.9,32,6.4,980.4
2026-03-28 09:00:00,19.8,14.1,5.6,183.0,380.0,30.3,32,6.6,979.4
2026-03-28 10:00:00,21.4,14.8,5.7,180.0,423.0,30.4,30,5.2,978.7
2026-03-28 11:00:00,23.1,15.4,6.9,172.0,512.0,30.6,29,3.6,978.2
2026-03-28 12:00:00,19.6,14.3,8.8,157.0,650.0,30.3,30,7.4,978.1
2026-03-28 13:00:00,21.4,16.5,22.5,130.0,903.0,28.6,38,9.6,978.1
2026-03-28 14:00:00,28.2,24.2,41.0,92.0,1205.0,27.2,44,12.4,978.3
2026-03-28 15:00:00,32.0,28.1,52.5,65.0,1349.0,26.7,44,8.3,979.0
2026-03-28 16:00:00,33.6,27.0,50.7,57.0,1195.0,25.8,50,9.9,979.6
2026-03-28 17:00:00,33.5,26.0,42.0,60.0,884.0,25.2,49,11.4,979.1
2026-03-28 18:00:00,35.0,25.4,33.0,65.0,638.0,25.0,51,11.5,978.9
2026-03-28 19:00:00,35.3,24.0,25.6,71.0,547.0,24.7,54,11.2,978.8
2026-03-28 20:00:00,34.7,25.3,18.0,79.0,521.0,24.4,52,7.5,978.7
2026-03-28 21:00:00,42.1,28.5,12.0,88.0,506.0,21.0,78,6.9,980.6
2026-03-28 22:00:00,39.7,29.1,8.2,98.0,473.0,20.1,90,7.0,979.7
2026-03-28 23:00:00,38.2,27.8,6.1,108.0,451.0,19.6,91,9.4,979.1
2026-03-29 00:00:00,23.1,15.3,4.5,108.0,476.0,18.4,88,12.5,981.2
2026-03-29 01:00:00,26.5,16.0,6.6,105.0,608.0,18.1,89,12.9,981.4
2026-03-29 02:00:00,25.6,16.8,9.5,100.0,785.0,18.6,84,18.2,981.8
2026-03-29 03:00:00,32.8,17.8,10.8,100.0,864.0,20.3,80,15.3,982.0
2026-03-29 04:00:00,42.7,17.3,9.0,108.0,743.0,22.3,73,12.5,982.9
2026-03-29 05:00:00,53.2,17.2,5.8,120.0,522.0,23.6,66,13.9,983.5
2026-03-29 06:00:00,63.3,18.3,3.3,130.0,357.0,24.3,65,14.3,983.9
2026-03-29 07:00:00,76.8,20.9,2.6,138.0,307.0,26.1,61,12.8,983.7
2026-03-29 08:00:00,96.6,25.1,2.7,144.0,313.0,27.7,56,13.5,983.0
2026-03-29 09:00:00,116.6,29.2,3.2,147.0,347.0,27.6,55,12.8,982.2
2026-03-29 10:00:00,128.5,31.8,3.5,148.0,373.0,27.5,54,12.2,981.3
2026-03-29 11:00:00,131.3,32.8,4.3,147.0,427.0,27.4,54,10.6,980.3
2026-03-29 12:00:00,107.3,26.3,7.4,120.0,591.0,27.4,53,8.2,980.9
2026-03-29 13:00:00,101.0,27.8,19.0,98.0,1012.0,25.9,67,3.8,981.0
2026-03-29 14:00:00,90.8,34.0,35.0,68.0,1544.0,24.9,67,5.8,980.7
2026-03-29 15:00:00,92.9,39.6,45.9,46.0,1830.0,24.1,70,7.3,981.1
2026-03-29 16:00:00,92.7,42.0,47.7,39.0,1655.0,23.4,71,7.3,981.4
2026-03-29 17:00:00,89.9,42.5,44.4,41.0,1234.0,22.8,74,7.8,981.2
2026-03-29 18:00:00,82.9,41.2,39.6,44.0,860.0,22.7,77,5.9,981.6
2026-03-29 19:00:00,69.8,37.1,33.2,49.0,625.0,22.2,79,7.5,981.3
2026-03-29 20:00:00,56.9,34.3,25.1,56.0,438.0,21.8,80,6.8,981.1
2026-03-29 21:00:00,48.1,32.2,18.9,61.0,316.0,21.5,81,7.3,980.3
2026-03-29 22:00:00,43.1,31.1,15.9,62.0,256.0,21.1,83,8.7,980.1
2026-03-29 23:00:00,38.0,29.2,14.6,61.0,261.0,20.9,83,8.8,979.2
2026-03-30 00:00:00,20.6,19.7,10.3,70.0,356.0,21.0,81,7.1,979.9
2026-03-30 01:00:00,48.7,22.1,14.3,65.0,637.0,20.9,80,6.6,980.4
2026-03-30 02:00:00,65.2,27.7,19.7,58.0,1006.0,21.9,75,8.3,980.8
2026-03-30 03:00:00,77.5,29.2,22.4,60.0,1200.0,23.7,69,6.9,982.0
2026-03-30 04:00:00,104.1,31.7,19.8,78.0,1046.0,25.8,61,8.2,982.4
2026-03-30 05:00:00,145.3,38.8,14.4,104.0,716.0,27.8,53,9.2,983.1
2026-03-30 06:00:00,188.6,47.8,10.0,124.0,457.0,29.2,44,11.5,983.7
2026-03-30 07:00:00,224.9,55.6,7.8,132.0,364.0,30.3,42,10.8,983.1
2026-03-30 08:00:00,231.4,58.7,6.6,133.0,342.0,30.2,39,8.9,983.0
2026-03-30 09:00:00,200.2,53.0,6.1,128.0,356.0,24.1,65,6.5,983.8
2026-03-30 10:00:00,132.2,38.9,5.7,117.0,409.0,26.4,56,9.4,981.3
2026-03-30 11:00:00,67.1,23.3,6.0,100.0,497.0,28.7,41,11.4,981.1
2026-03-30 12:00:00,77.5,27.4,7.8,103.0,581.0,26.2,50,8.3,981.1
2026-03-30 13:00:00,60.1,27.8,13.8,91.0,658.0,26.8,48,7.7,980.9
2026-03-30 14:00:00,56.5,31.8,22.5,75.0,731.0,22.8,72,14.0,981.8
2026-03-30 15:00:00,59.6,35.6,31.1,59.0,760.0,21.9,76,10.9,982.0
2026-03-30 16:00:00,67.1,39.3,40.5,45.0,722.0,22.1,71,7.0,984.4
2026-03-30 17:00:00,75.7,46.8,50.0,31.0,641.0,21.5,77,6.5,984.5
2026-03-30 18:00:00,83.1,52.5,54.5,23.0,553.0,21.1,78,10.7,984.6
2026-03-30 19:00:00,93.4,54.4,50.6,23.0,455.0,20.3,79,11.8,984.5
2026-03-30 20:00:00,106.4,53.1,41.8,29.0,349.0,19.5,81,10.1,984.2
2026-03-30 21:00:00,127.1,52.6,33.3,34.0,278.0,18.9,83,11.5,984.0
2026-03-30 22:00:00,149.9,54.0,26.3,38.0,237.0,18.2,83,12.8,984.3
2026-03-30 23:00:00,160.7,54.6,19.6,42.0,230.0,18.1,78,13.1,984.0
2026-03-31 00:00:00,77.8,26.9,9.5,67.0,318.0,18.4,77,6.7,983.6
2026-03-31 01:00:00,65.0,24.3,13.4,63.0,603.0,18.1,78,7.2,983.8
2026-03-31 02:00:00,58.0,25.2,18.6,59.0,983.0,19.2,74,8.0,984.3
2026-03-31 03:00:00,65.9,27.0,21.1,63.0,1205.0,21.7,65,2.8,985.3
2026-03-31 04:00:00,100.6,31.4,18.2,82.0,1127.0,24.1,58,2.4,986.0
2026-03-31 05:00:00,165.8,40.2,12.5,108.0,891.0,27.1,49,3.9,986.1
2026-03-31 06:00:00,167.2,42.1,8.0,128.0,674.0,28.9,43,2.3,986.2
2026-03-31 07:00:00,127.1,34.5,6.0,135.0,520.0,30.6,32,1.8,985.7
2026-03-31 08:00:00,109.7,31.8,5.2,135.0,384.0,31.3,29,8.8,984.8
2026-03-31 09:00:00,99.9,29.5,5.1,134.0,308.0,28.8,36,12.2,984.1
2026-03-31 10:00:00,95.0,28.2,4.8,136.0,309.0,28.8,30,11.7,983.5
2026-03-31 11:00:00,97.8,29.0,5.3,138.0,369.0,29.3,29,3.7,983.6
2026-03-31 12:00:00,94.5,27.8,9.5,133.0,474.0,29.6,23,4.8,982.1
2026-03-31 13:00:00,91.0,32.0,29.5,107.0,651.0,28.5,28,3.4,982.5
2026-03-31 14:00:00,102.2,43.2,56.6,72.0,873.0,26.8,36,7.1,983.5
2026-03-31 15:00:00,109.4,53.8,74.5,45.0,1045.0,25.8,40,7.9,984.0
2026-03-31 16:00:00,112.9,59.5,74.4,37.0,1133.0,24.1,46,8.2,984.9
2026-03-31 17:00:00,101.7,53.4,64.9,38.0,1171.0,22.8,52,6.5,985.5
2026-03-31 18:00:00,93.8,48.0,55.6,39.0,1167.0,22.8,63,11.4,985.9
2026-03-31 19:00:00,95.0,44.8,49.3,39.0,1105.0,22.3,63,6.3,985.8
2026-03-31 20:00:00,101.0,44.7,43.2,39.0,1000.0,21.7,66,3.6,985.4
2026-03-31 21:00:00,104.1,44.4,37.7,39.0,906.0,21.2,70,0.3,985.0
2026-03-31 22:00:00,108.0,43.8,32.7,38.0,802.0,20.1,72,4.5,984.9
2026-03-31 23:00:00,118.5,44.1,28.4,38.0,709.0,19.6,72,9.4,985.3
2026-04-01 00:00:00,137.4,44.2,19.0,44.0,748.0,18.4,76,6.3,985.1
2026-04-01 01:00:00,122.9,45.4,21.9,45.0,1085.0,18.2,78,4.1,985.4
2026-04-01 02:00:00,115.9,48.1,25.5,47.0,1554.0,19.3,73,3.8,986.2
2026-04-01 03:00:00,168.6,49.9,26.2,56.0,1771.0,21.9,62,2.4,986.9
2026-04-01 04:00:00,238.4,51.2,21.0,80.0,1488.0,24.2,52,4.4,987.6
2026-04-01 05:00:00,272.9,51.1,12.8,112.0,954.0,26.6,41,4.1,987.8
2026-04-01 06:00:00,231.4,44.5,6.6,136.0,536.0,27.8,38,6.4,988.4
2026-04-01 07:00:00,188.6,39.5,4.3,145.0,384.0,29.6,32,5.3,988.0
2026-04-01 08:00:00,158.8,36.0,4.0,147.0,347.0,30.6,29,4.6,987.1
2026-04-01 09:00:00,142.5,34.3,4.3,146.0,345.0,31.1,28,5.2,986.0
2026-04-01 10:00:00,131.3,33.3,3.9,146.0,345.0,31.3,28,5.6,984.8
2026-04-01 11:00:00,125.7,32.8,4.2,144.0,379.0,30.8,28,6.2,983.9
2026-04-01 12:00:00,102.2,29.5,7.0,142.0,460.0,29.7,29,6.3,984.3
2026-04-01 13:00:00,102.2,30.4,24.6,115.0,633.0,28.9,31,9.9,984.5
2026-04-01 14:00:00,105.9,42.5,48.7,77.0,854.0,27.9,34,9.3,984.9
2026-04-01 15:00:00,103.1,48.5,65.7,48.0,1004.0,26.8,38,6.6,985.1
2026-04-01 16:00:00,97.6,50.6,69.6,35.0,1013.0,25.8,42,5.4,985.8
2026-04-01 17:00:00,90.6,49.9,66.3,31.0,952.0,24.8,45,5.2,985.6
2026-04-01 18:00:00,87.1,50.5,60.4,31.0,907.0,24.3,54,4.2,985.4
2026-04-01 19:00:00,80.8,48.4,51.7,34.0,934.0,24.2,53,6.8,985.3
2026-04-01 20:00:00,70.1,43.9,40.2,41.0,979.0,23.6,55,8.0,985.0
2026-04-01 21:00:00,61.2,39.8,30.8,46.0,965.0,23.0,57,7.4,984.5
2026-04-01 22:00:00,54.5,35.9,24.9,48.0,784.0,23.3,56,7.7,984.4
2026-04-01 23:00:00,49.2,32.8,21.0,49.0,545.0,22.1,61,4.4,984.2
2026-04-02 00:00:00,39.0,29.6,18.6,50.0,497.0,21.5,66,1.5,984.1
2026-04-02 01:00:00,39.2,29.3,22.3,51.0,878.0,20.9,68,2.3,984.4
2026-04-02 02:00:00,40.5,31.3,27.2,55.0,1449.0,22.2,63,3.6,985.2
2026-04-02 03:00:00,41.2,30.4,28.4,66.0,1745.0,24.5,55,2.4,985.9
2026-04-02 04:00:00,38.3,23.3,22.6,94.0,1482.0,27.3,46,2.7,986.4
2026-04-02 05:00:00,40.5,19.0,13.2,130.0,945.0,30.2,34,4.1,987.0
2026-04-02 06:00:00,58.0,21.1,5.9,154.0,519.0,31.2,28,3.6,987.1
2026-04-02 07:00:00,68.0,21.7,3.2,156.0,361.0,33.2,24,4.8,986.5
2026-04-02 08:00:00,69.6,20.4,2.7,146.0,315.0,34.2,21,5.2,985.5
2026-04-02 09:00:00,68.2,19.2,2.9,137.0,302.0,34.4,20,6.2,984.3
2026-04-02 10:00:00,66.1,18.6,1.3,135.0,309.0,34.1,19,7.7,983.4
2026-04-02 11:00:00,64.5,18.3,0.5,133.0,349.0,33.9,19,8.1,983.1
2026-04-02 12:00:00,62.2,19.2,6.7,141.0,388.0,33.4,18,7.4,982.4
2026-04-02 13:00:00,62.2,21.4,25.0,112.0,398.0,31.5,26,13.3,982.4
2026-04-02 14:00:00,66.6,31.8,50.0,72.0,405.0,29.4,31,12.0,982.7
2026-04-02 15:00:00,73.3,40.9,66.3,43.0,457.0,28.4,34,11.5,982.9
2026-04-02 16:00:00,70.5,41.7,65.6,36.0,613.0,27.4,37,5.7,983.3
2026-04-02 17:00:00,67.1,41.2,56.2,39.0,814.0,26.5,42,1.7,983.4
2026-04-02 18:00:00,63.8,41.0,48.1,41.0,921.0,26.9,47,3.6,983.0
2026-04-02 19:00:00,63.1,41.0,45.3,37.0,852.0,26.7,46,8.8,982.4
2026-04-02 20:00:00,65.2,42.7,43.6,32.0,690.0,26.0,48,8.9,982.3
2026-04-02 21:00:00,67.8,45.3,41.0,30.0,546.0,24.9,53,8.0,981.8
2026-04-02 22:00:00,60.5,42.8,35.3,32.0,438.0,24.2,58,1.2,981.7
2026-04-02 23:00:00,55.6,38.4,28.6,37.0,348.0,23.6,61,1.8,981.6
2026-04-03 00:00:00,48.7,25.0,16.9,66.0,330.0,23.6,62,9.9,981.5
2026-04-03 01:00:00,62.6,24.2,19.8,66.0,459.0,22.8,67,8.9,981.7
2026-04-03 02:00:00,57.2,26.3,23.5,67.0,660.0,23.0,67,6.4,982.4
2026-04-03 03:00:00,65.7,27.1,24.9,72.0,763.0,24.3,63,7.1,983.2
2026-04-03 04:00:00,63.8,23.9,21.7,87.0,662.0,25.2,58,13.2,983.9
2026-04-03 05:00:00,70.3,24.1,16.1,106.0,463.0,24.8,56,16.2,985.6
2026-04-03 06:00:00,70.5,24.6,11.2,120.0,316.0,24.5,50,11.0,985.1
2026-04-03 07:00:00,70.1,24.4,7.7,126.0,282.0,26.9,42,5.4,985.2
2026-04-03 08:00:00,59.1,21.0,5.0,127.0,300.0,26.8,45,7.7,985.0
2026-04-03 09:00:00,52.2,18.7,4.1,123.0,331.0,21.6,74,13.8,984.9
2026-04-03 10:00:00,48.3,17.9,6.0,113.0,359.0,23.2,64,10.5,984.0
2026-04-03 11:00:00,42.5,16.7,9.8,99.0,401.0,20.2,78,16.2,984.0
2026-04-03 12:00:00,37.5,19.9,13.1,95.0,466.0,22.1,65,10.2,983.0
2026-04-03 13:00:00,34.6,20.1,24.3,79.0,585.0,21.3,71,10.5,983.2
2026-04-03 14:00:00,37.6,26.6,39.5,57.0,728.0,20.6,76,9.6,983.6
2026-04-03 15:00:00,43.9,33.1,49.8,41.0,810.0,19.8,79,12.2,984.3
2026-04-03 16:00:00,46.7,36.2,50.4,36.0,786.0,19.6,80,11.8,985.0
2026-04-03 17:00:00,41.2,31.7,46.0,37.0,701.0,19.1,84,11.7,985.7
2026-04-03 18:00:00,42.3,32.8,41.7,39.0,611.0,19.1,82,9.5,985.8
2026-04-03 19:00:00,43.5,33.4,39.7,39.0,524.0,18.8,85,7.3,986.0
2026-04-03 20:00:00,43.7,33.1,37.9,40.0,432.0,18.5,87,8.3,985.2
2026-04-03 21:00:00,42.7,31.5,34.6,42.0,366.0,18.2,89,8.3,984.8
2026-04-03 22:00:00,41.6,29.5,27.9,47.0,308.0,18.3,90,9.0,984.2
2026-04-03 23:00:00,51.5,29.6,19.8,55.0,276.0,18.3,90,9.1,984.0
2026-04-04 00:00:00,41.4,23.7,13.6,55.0,355.0,17.9,93,5.2,984.2
2026-04-04 01:00:00,38.0,23.7,16.1,54.0,682.0,17.6,93,3.4,984.3
2026-04-04 02:00:00,41.1,27.0,19.3,53.0,1119.0,18.8,88,3.0,984.7
2026-04-04 03:00:00,44.8,26.6,20.1,58.0,1342.0,20.9,78,1.5,985.6
2026-04-04 04:00:00,52.7,24.8,16.3,74.0,1135.0,23.2,67,3.4,986.4
2026-04-04 05:00:00,66.8,22.7,10.1,96.0,714.0,24.9,55,2.8,986.7
2026-04-04 06:00:00,85.0,25.6,5.5,114.0,399.0,26.8,37,7.3,986.7
2026-04-04 07:00:00,96.9,27.2,3.8,123.0,329.0,26.6,36,10.3,986.0
2026-04-04 08:00:00,107.6,28.0,3.6,128.0,365.0,27.6,33,13.7,985.1
2026-04-04 09:00:00,109.4,27.6,4.5,129.0,413.0,23.4,55,5.5,985.3
2026-04-04 10:00:00,104.1,27.4,5.5,129.0,348.0,22.5,58,11.9,984.5
2026-04-04 11:00:00,91.3,26.2,7.6,126.0,295.0,21.9,62,14.5,984.4
2026-04-04 12:00:00,67.1,22.4,13.8,118.0,535.0,19.6,78,4.8,984.5
2026-04-04 13:00:00,63.8,24.4,26.3,97.0,1451.0,19.5,77,6.4,984.4
2026-04-04 14:00:00,64.7,36.2,43.5,67.0,2661.0,19.3,79,5.4,984.8
2026-04-04 15:00:00,64.3,39.6,55.7,44.0,3299.0,18.7,83,4.3,984.6
2026-04-04 16:00:00,64.3,42.1,59.3,34.0,2812.0,18.1,86,6.6,984.9
2026-04-04 17:00:00,67.8,45.9,57.9,30.0,1753.0,17.6,88,10.6,985.1
2026-04-04 18:00:00,66.1,46.0,53.4,30.0,920.0,18.5,85,11.5,984.8
2026-04-04 19:00:00,61.2,42.8,44.4,35.0,646.0,18.4,85,7.7,984.7
2026-04-04 20:00:00,56.9,39.3,32.3,43.0,597.0,17.7,89,2.2,984.4
2026-04-04 21:00:00,54.0,36.0,22.7,49.0,569.0,17.1,92,1.7,983.5
2026-04-04 22:00:00,51.7,33.2,17.8,49.0,468.0,16.6,94,3.2,983.5
2026-04-04 23:00:00,49.9,31.3,15.4,47.0,387.0,16.6,94,5.8,983.5
2026-04-05 00:00:00,52.2,33.9,20.4,34.0,399.0,16.9,86,7.2,983.8
2026-04-05 01:00:00,53.3,31.5,21.4,38.0,604.0,16.6,87,6.7,984.3
2026-04-05 02:00:00,51.6,32.0,22.5,45.0,901.0,17.4,83,6.8,984.8
2026-04-05 03:00:00,57.0,32.0,21.6,58.0,1059.0,19.1,75,2.8,985.5
2026-04-05 04:00:00,63.3,28.7,16.7,83.0,939.0,21.6,64,2.2,985.6
2026-04-05 05:00:00,81.0,26.0,9.8,115.0,680.0,23.8,52,4.0,985.5
2026-04-05 06:00:00,81.7,24.5,4.7,140.0,472.0,25.4,43,6.0,985.8
2026-04-05 07:00:00,67.1,20.9,3.0,153.0,386.0,26.2,38,5.2,985.4
2026-04-05 08:00:00,58.1,19.6,3.0,160.0,350.0,26.9,36,4.8,984.6
2026-04-05 09:00:00,53.1,19.6,3.7,162.0,344.0,27.3,35,5.7,983.5
2026-04-05 10:00:00,49.1,19.5,3.2,161.0,338.0,26.9,35,7.9,982.7
2026-04-05 11:00:00,44.4,18.7,3.3,156.0,360.0,26.0,37,6.2,982.5
2026-04-05 12:00:00,28.8,15.5,8.1,139.0,477.0,26.4,32,9.6,981.9
2026-04-05 13:00:00,29.5,19.0,24.3,112.0,748.0,25.5,35,8.4,982.3
2026-04-05 14:00:00,37.6,27.9,46.6,75.0,1114.0,24.5,38,6.5,982.6
2026-04-05 15:00:00,47.6,37.5,63.8,46.0,1459.0,23.7,41,5.6,983.0
2026-04-05 16:00:00,58.1,47.4,70.8,32.0,1767.0,22.5,46,4.2,983.4
2026-04-05 17:00:00,68.0,57.2,72.6,25.0,2055.0,21.6,53,1.0,983.4
2026-04-05 18:00:00,70.8,60.3,72.9,21.0,2259.0,21.9,51,2.3,983.7
2026-04-05 19:00:00,70.5,59.5,72.7,19.0,2373.0,21.8,53,0.5,983.4
2026-04-05 20:00:00,71.2,59.6,70.9,19.0,2403.0,20.9,56,1.4,983.2
2026-04-05 21:00:00,71.7,59.6,68.5,19.0,2309.0,20.2,59,0.3,982.8
2026-04-05 22:00:00,71.9,59.4,65.9,15.0,1982.0,19.3,63,2.8,982.8
2026-04-05 23:00:00,72.9,59.8,62.6,11.0,1530.0,18.5,67,3.1,982.7
2026-04-06 00:00:00,53.6,43.4,27.2,36.0,1238.0,18.0,75,3.6,982.8
2026-04-06 01:00:00,52.2,42.5,28.2,43.0,1311.0,18.0,75,6.2,983.3
2026-04-06 02:00:00,51.3,42.6,29.3,53.0,1544.0,18.9,73,6.0,983.9
2026-04-06 03:00:00,51.5,38.8,27.7,69.0,1610.0,21.6,64,2.7,984.5
2026-04-06 04:00:00,47.3,26.9,20.9,96.0,1304.0,24.8,50,3.5,985.4
2026-04-06 05:00:00,38.4,17.9,11.4,130.0,831.0,26.8,36,2.7,985.7
2026-04-06 06:00:00,33.3,17.2,4.4,157.0,479.0,27.5,32,3.3,985.6
2026-04-06 07:00:00,28.5,16.0,2.3,172.0,378.0,29.2,28,2.2,985.1
2026-04-06 08:00:00,27.1,16.4,2.7,180.0,398.0,30.1,25,1.5,984.1
2026-04-06 09:00:00,26.4,17.1,3.6,185.0,435.0,30.6,23,0.2,983.0
2026-04-06 10:00:00,26.1,17.9,1.5,192.0,420.0,30.5,23,2.1,981.9
2026-04-06 11:00:00,26.0,18.6,0.0,195.0,421.0,30.1,23,2.7,981.3
2026-04-06 12:00:00,18.7,13.4,7.9,168.0,543.0,29.2,24,8.1,981.0
2026-04-06 13:00:00,23.7,19.0,30.7,132.0,876.0,28.7,25,5.0,981.6
2026-04-06 14:00:00,33.4,29.0,61.9,84.0,1329.0,26.9,28,4.9,981.8
2026-04-06 15:00:00,46.3,42.6,83.6,47.0,1733.0,25.3,35,7.6,982.5
2026-04-06 16:00:00,54.0,50.8,87.7,35.0,2115.0,24.3,37,5.1,983.1
2026-04-06 17:00:00,58.8,56.0,82.3,35.0,2447.0,22.8,41,5.2,982.9
2026-04-06 18:00:00,60.1,56.8,74.3,38.0,2478.0,21.7,54,11.6,984.4
2026-04-06 19:00:00,54.8,52.2,64.1,43.0,1950.0,20.9,63,9.8,983.6
2026-04-06 20:00:00,36.4,35.0,51.3,50.0,1121.0,21.1,65,6.9,982.3
2026-04-06 21:00:00,33.1,31.9,41.4,55.0,507.0,20.7,68,6.8,981.8
2026-04-06 22:00:00,36.7,35.3,37.1,53.0,329.0,20.1,70,9.0,981.2
2026-04-06 23:00:00,38.8,37.5,35.7,48.0,367.0,19.4,71,9.9,980.0
2026-04-07 00:00:00,23.2,23.2,11.9,69.0,481.0,20.9,67,8.4,980.1
2026-04-07 01:00:00,26.2,23.1,15.5,71.0,702.0,20.9,67,5.8,980.4
2026-04-07 02:00:00,38.1,24.5,20.2,74.0,998.0,21.5,62,6.6,981.1
2026-04-07 03:00:00,51.1,25.3,22.5,81.0,1139.0,22.3,58,7.6,981.2
2026-04-07 04:00:00,63.6,24.0,19.7,94.0,962.0,23.7,52,7.7,982.1
2026-04-07 05:00:00,83.6,24.4,14.5,110.0,630.0,23.3,53,14.4,983.4
2026-04-07 06:00:00,107.1,25.0,10.7,122.0,396.0,22.9,51,10.4,983.0
2026-04-07 07:00:00,149.9,30.7,9.6,128.0,384.0,22.7,53,13.1,982.6
2026-04-07 08:00:00,180.7,38.1,10.1,129.0,471.0,22.6,56,11.1,982.0
2026-04-07 09:00:00,201.6,45.4,12.2,126.0,538.0,19.8,74,11.4,981.5
2026-04-07 10:00:00,182.1,47.4,17.7,116.0,536.0,18.7,84,10.1,980.4
2026-04-07 11:00:00,203.5,50.5,24.8,101.0,513.0,19.3,82,13.9,980.6
2026-04-07 12:00:00,216.1,54.4,20.4,99.0,502.0,17.2,83,14.3,981.0
2026-04-07 13:00:00,120.6,37.3,19.3,97.0,520.0,17.6,76,6.0,981.3
2026-04-07 14:00:00,90.6,31.3,17.8,94.0,548.0,17.5,84,3.1,981.6
2026-04-07 15:00:00,84.1,29.6,16.3,91.0,563.0,16.7,89,10.9,982.3
2026-04-07 16:00:00,72.2,27.7,14.9,90.0,554.0,16.2,91,10.3,982.2
2026-04-07 17:00:00,68.9,27.5,13.6,88.0,531.0,15.8,91,11.9,982.2
2026-04-07 18:00:00,75.2,27.4,12.3,87.0,502.0,15.6,92,10.8,982.3
2026-04-07 19:00:00,77.8,26.7,11.1,84.0,462.0,15.2,93,10.9,982.7
2026-04-07 20:00:00,86.6,27.0,10.1,81.0,415.0,15.0,92,6.3,982.9
2026-04-07 21:00:00,102.0,29.6,9.3,79.0,379.0,15.0,92,10.8,981.9
2026-04-07 22:00:00,104.5,32.2,8.9,77.0,346.0,14.9,93,7.5,981.4
2026-04-07 23:00:00,99.2,34.1,8.8,77.0,324.0,14.9,93,7.8,981.3
2026-04-08 00:00:00,102.9,37.7,12.7,72.0,351.0,15.2,97,7.0,980.8
2026-04-08 01:00:00,96.9,38.1,13.7,76.0,480.0,14.7,96,9.4,981.2
2026-04-08 02:00:00,97.6,36.3,15.1,81.0,657.0,15.6,93,3.6,982.2
2026-04-08 03:00:00,91.0,36.3,15.3,89.0,760.0,16.9,86,4.2,982.5
2026-04-08 04:00:00,84.1,35.0,13.6,101.0,714.0,18.7,75,4.9,983.0
2026-04-08 05:00:00,75.9,32.8,10.7,115.0,594.0,20.5,63,3.5,983.7
2026-04-08 06:00:00,71.0,32.4,8.2,130.0,499.0,21.6,56,2.1,983.8
2026-04-08 07:00:00,67.3,31.5,6.2,149.0,461.0,21.5,58,3.4,983.8
2026-04-08 08:00:00,60.3,27.1,4.4,169.0,448.0,21.0,59,9.0,983.8
2026-04-08 09:00:00,54.8,23.8,3.7,181.0,464.0,20.1,59,5.0,983.2
2026-04-08 10:00:00,51.3,22.2,4.0,182.0,533.0,19.0,68,6.5,983.5
2026-04-08 11:00:00,50.9,21.8,5.3,176.0,631.0,19.2,69,8.4,983.2
2026-04-08 12:00:00,33.5,17.9,7.9,136.0,694.0,21.7,52,4.8,982.9
2026-04-08 13:00:00,32.9,19.2,24.6,111.0,680.0,19.8,63,11.2,984.1
2026-04-08 14:00:00,41.4,28.6,47.0,77.0,631.0,18.8,73,3.1,983.9
2026-04-08 15:00:00,46.9,35.9,59.1,56.0,606.0,17.7,77,8.1,984.8
2026-04-08 16:00:00,40.0,32.0,50.9,61.0,647.0,17.1,78,7.7,985.6
2026-04-08 17:00:00,32.7,25.7,32.3,79.0,712.0,16.5,80,8.7,985.7
2026-04-08 18:00:00,31.1,23.6,17.9,91.0,735.0,16.7,87,10.8,986.4
2026-04-08 19:00:00,32.6,24.1,13.5,90.0,670.0,16.3,89,9.2,986.8
2026-04-08 20:00:00,34.6,25.5,13.1,83.0,563.0,15.9,90,5.3,986.6
2026-04-08 21:00:00,35.7,26.7,13.4,76.0,484.0,15.8,92,1.3,986.7
2026-04-08 22:00:00,36.6,27.4,13.0,70.0,433.0,15.8,92,8.5,986.9
2026-04-08 23:00:00,37.6,28.1,13.2,64.0,410.0,15.5,94,1.7,986.7
2026-04-09 00:00:00,25.3,24.7,10.1,75.0,492.0,14.6,96,4.1,986.6
2026-04-09 01:00:00,29.6,24.1,11.9,76.0,810.0,15.0,96,3.8,987.3
2026-04-09 02:00:00,31.9,24.7,14.2,79.0,1233.0,16.1,92,2.7,988.4
2026-04-09 03:00:00,34.8,26.2,15.2,87.0,1441.0,18.3,83,3.9,989.0
2026-04-09 04:00:00,40.2,28.2,13.6,106.0,1222.0,20.8,71,6.3,989.8
2026-04-09 05:00:00,44.5,30.2,10.7,131.0,790.0,20.7,66,8.4,990.6
2026-04-09 06:00:00,55.5,35.2,8.1,150.0,461.0,22.6,57,6.0,990.4
2026-04-09 07:00:00,39.8,24.1,6.0,160.0,374.0,22.9,48,2.4,990.5
2026-04-09 08:00:00,36.0,21.0,4.2,164.0,391.0,24.1,43,1.9,989.9
2026-04-09 09:00:00,34.5,20.1,3.4,165.0,420.0,24.5,42,4.7,989.2
2026-04-09 10:00:00,33.1,19.3,2.5,164.0,409.0,24.5,42,7.4,988.4
2026-04-09 11:00:00,32.4,18.9,2.6,159.0,410.0,23.5,47,10.0,988.2
2026-04-09 12:00:00,19.4,15.5,7.2,152.0,480.0,22.9,49,9.8,988.3
2026-04-09 13:00:00,22.8,18.2,20.7,126.0,684.0,21.8,56,8.3,988.4
2026-04-09 14:00:00,30.9,26.3,39.5,89.0,957.0,20.4,64,6.5,988.8
2026-04-09 15:00:00,39.0,34.1,54.5,59.0,1170.0,19.5,69,5.0,989.8
2026-04-09 16:00:00,45.6,40.3,63.0,41.0,1290.0,18.6,74,4.5,990.1
2026-04-09 17:00:00,52.0,46.4,67.7,31.0,1350.0,17.8,79,3.9,990.0
2026-04-09 18:00:00,58.8,52.5,67.3,26.0,1313.0,18.6,75,4.6,990.3
2026-04-09 19:00:00,61.5,55.2,59.0,30.0,1115.0,18.4,77,4.2,990.4
2026-04-09 20:00:00,54.9,49.0,45.5,40.0,821.0,18.2,76,5.0,990.4
2026-04-09 21:00:00,46.4,41.3,33.8,49.0,593.0,17.9,74,6.2,989.7
2026-04-09 22:00:00,39.1,34.8,25.6,55.0,477.0,17.6,72,6.7,989.3
2026-04-09 23:00:00,34.3,30.9,19.2,60.0,428.0,16.8,75,6.0,989.0
2026-04-10 00:00:00,41.8,38.1,20.0,59.0,471.0,16.0,82,6.3,989.1
2026-04-10 01:00:00,37.0,33.5,21.4,65.0,697.0,16.0,82,5.3,989.6
2026-04-10 02:00:00,33.9,31.3,23.0,74.0,1014.0,17.2,77,6.6,990.2
2026-04-10 03:00:00,31.8,29.3,22.4,89.0,1176.0,19.6,65,5.4,991.0
2026-04-10 04:00:00,25.1,22.1,17.4,114.0,1028.0,22.5,51,7.6,990.9
2026-04-10 05:00:00,18.5,15.3,10.2,144.0,725.0,24.8,40,8.6,990.4
2026-04-10 06:00:00,17.3,14.7,4.8,166.0,483.0,26.4,33,10.1,990.7
2026-04-10 07:00:00,17.7,15.1,3.0,175.0,386.0,27.9,28,11.5,990.2
2026-04-10 08:00:00,18.0,15.0,3.0,177.0,351.0,28.8,26,12.6,989.4
2026-04-10 09:00:00,18.3,14.3,3.7,175.0,347.0,29.2,26,12.2,988.4
2026-04-10 10:00:00,19.2,13.6,4.5,171.0,361.0,29.2,27,11.8,987.4
2026-04-10 11:00:00,20.4,13.3,6.1,163.0,405.0,28.8,29,11.5,986.5
2026-04-10 12:00:00,7.5,6.3,8.9,156.0,485.0,28.3,30,11.8,986.7
2026-04-10 13:00:00,10.9,9.7,16.7,136.0,648.0,27.3,33,10.6,986.4
2026-04-10 14:00:00,14.4,13.6,27.3,107.0,848.0,25.8,38,9.0,986.6
2026-04-10 15:00:00,15.7,14.7,33.7,87.0,951.0,25.0,42,7.9,987.1
2026-04-10 16:00:00,16.9,15.3,32.1,81.0,876.0,24.5,43,7.9,987.6
2026-04-10 17:00:00,17.3,15.3,26.3,83.0,704.0,24.1,45,7.6,987.8
2026-04-10 18:00:00,19.4,14.4,20.3,87.0,548.0,24.3,48,8.4,987.8
2026-04-10 19:00:00,28.6,14.1,14.8,95.0,440.0,23.9,51,10.5,987.6
2026-04-10 20:00:00,41.2,14.9,9.1,105.0,348.0,23.1,54,12.8,987.5
2026-04-10 21:00:00,59.1,17.7,5.6,111.0,293.0,21.1,65,18.8,987.4
2026-04-10 22:00:00,71.5,19.6,5.4,108.0,268.0,18.5,90,12.0,986.5
2026-04-10 23:00:00,72.9,20.8,7.4,99.0,279.0,18.5,87,8.0,986.4
2026-04-11 00:00:00,102.2,26.1,9.0,93.0,367.0,19.2,86,1.5,985.7
2026-04-11 01:00:00,102.0,28.3,14.1,89.0,619.0,18.6,86,4.8,986.2
2026-04-11 02:00:00,90.6,31.8,20.9,83.0,948.0,19.1,83,4.8,986.1
2026-04-11 03:00:00,105.7,34.6,24.3,86.0,1128.0,20.9,73,3.1,986.8
2026-04-11 04:00:00,114.3,35.6,20.9,103.0,1016.0,22.9,63,3.3,987.1
2026-04-11 05:00:00,117.1,34.3,14.0,128.0,755.0,25.1,51,1.3,987.1
2026-04-11 06:00:00,120.1,32.9,8.4,149.0,549.0,26.8,42,2.2,987.0
2026-04-11 07:00:00,115.9,32.1,5.7,163.0,479.0,28.0,39,1.8,986.3
2026-04-11 08:00:00,118.7,32.7,4.2,174.0,463.0,28.4,36,2.3,985.7
2026-04-11 09:00:00,129.5,34.7,3.8,179.0,465.0,28.7,35,3.2,984.7
2026-04-11 10:00:00,141.6,36.7,3.8,177.0,442.0,28.6,35,5.1,984.3
2026-04-11 11:00:00,151.8,38.0,4.9,170.0,437.0,24.9,49,16.4,985.3
2026-04-11 12:00:00,79.2,23.2,8.2,157.0,536.0,28.3,31,8.3,983.5
2026-04-11 13:00:00,68.7,24.1,13.6,141.0,836.0,25.7,41,10.6,984.1
2026-04-11 14:00:00,61.5,28.0,21.4,117.0,1242.0,23.1,51,7.5,984.8
2026-04-11 15:00:00,51.9,24.5,28.5,97.0,1553.0,21.9,57,6.3,985.1
2026-04-11 16:00:00,53.1,25.0,35.3,82.0,1708.0,21.1,61,6.6,985.3
2026-04-11 17:00:00,62.2,30.7,41.5,70.0,1768.0,20.3,64,6.9,985.3
2026-04-11 18:00:00,72.2,37.5,43.8,62.0,1721.0,20.0,72,5.4,985.5
2026-04-11 19:00:00,70.3,37.3,39.3,60.0,1507.0,19.3,78,4.2,985.1
2026-04-11 20:00:00,63.1,33.3,31.0,61.0,1184.0,18.7,81,3.8,984.6
2026-04-11 21:00:00,57.7,30.6,24.2,62.0,919.0,18.3,81,5.4,983.9
2026-04-11 22:00:00,54.5,29.2,20.8,59.0,729.0,17.8,81,5.8,983.7
2026-04-11 23:00:00,54.2,28.8,18.9,56.0,596.0,17.1,83,3.1,983.5
2026-04-12 00:00:00,61.0,35.2,23.0,44.0,628.0,16.8,86,3.7,983.7
2026-04-12 01:00:00,60.1,35.5,24.2,55.0,1012.0,17.0,85,4.1,983.8
2026-04-12 02:00:00,53.6,34.8,25.6,71.0,1562.0,18.6,78,6.9,984.6
2026-04-12 03:00:00,55.4,31.3,24.6,91.0,1824.0,21.4,68,3.9,985.1
2026-04-12 04:00:00,55.9,24.6,18.8,117.0,1503.0,24.6,52,4.7,985.3
2026-04-12 05:00:00,45.6,17.9,10.5,147.0,895.0,26.8,39,7.0,985.1
2026-04-12 06:00:00,41.1,15.5,4.3,168.0,430.0,27.9,37,8.2,985.7
2026-04-12 07:00:00,38.4,14.2,2.3,174.0,291.0,29.3,32,8.4,985.2
2026-04-12 08:00:00,37.1,13.8,2.4,172.0,296.0,30.3,27,8.6,984.3
2026-04-12 09:00:00,37.6,13.4,3.0,167.0,327.0,31.1,23,9.3,983.3
2026-04-12 10:00:00,38.9,13.4,2.3,164.0,333.0,31.3,22,10.1,982.6
2026-04-12 11:00:00,40.3,13.7,2.1,160.0,367.0,31.0,22,10.4,982.0
2026-04-12 12:00:00,18.7,6.8,6.1,148.0,466.0,30.3,21,7.4,982.0
2026-04-12 13:00:00,17.1,9.2,17.8,125.0,702.0,28.9,25,4.2,982.3
2026-04-12 14:00:00,22.1,15.7,34.0,92.0,1004.0,26.7,31,5.0,982.5
2026-04-12 15:00:00,27.8,21.6,46.9,66.0,1201.0,25.1,38,4.5,982.9
2026-04-12 16:00:00,33.1,26.4,53.9,53.0,1204.0,23.9,42,4.6,983.8
2026-04-12 17:00:00,37.5,30.6,57.6,47.0,1101.0,23.5,42,5.6,983.6
2026-04-12 18:00:00,38.9,31.9,57.8,44.0,990.0,23.8,44,6.8,984.0
2026-04-12 19:00:00,38.1,31.3,53.1,45.0,893.0,24.0,43,6.3,983.7
2026-04-12 20:00:00,36.8,30.5,44.9,49.0,787.0,23.3,46,6.4,983.5
2026-04-12 21:00:00,34.6,29.0,37.3,52.0,701.0,22.5,49,6.3,982.7
2026-04-12 22:00:00,31.9,27.2,30.7,50.0,592.0,21.1,54,5.7,982.6
2026-04-12 23:00:00,30.2,26.1,24.6,48.0,504.0,20.3,57,6.1,982.6
2026-04-13 00:00:00,33.2,28.8,27.7,47.0,595.0,18.8,72,5.2,983.0
2026-04-13 01:00:00,36.7,32.4,30.6,56.0,1095.0,18.7,74,3.6,983.4
2026-04-13 02:00:00,40.0,36.9,34.2,69.0,1775.0,20.3,65,3.7,984.0
2026-04-13 03:00:00,35.4,31.8,33.9,88.0,2101.0,23.6,54,2.0,984.7
2026-04-13 04:00:00,26.5,22.8,25.7,119.0,1719.0,26.8,42,1.5,985.3
2026-04-13 05:00:00,17.2,13.7,13.5,156.0,984.0,29.5,31,3.7,985.3
2026-04-13 06:00:00,17.5,11.2,4.5,183.0,425.0,30.6,24,5.1,985.6
2026-04-13 07:00:00,18.7,11.2,2.0,191.0,270.0,31.9,22,6.4,985.4
2026-04-13 08:00:00,18.6,11.2,2.7,187.0,292.0,32.8,20,7.3,984.7
2026-04-13 09:00:00,17.6,10.7,3.8,182.0,337.0,33.3,18,8.6,983.8
2026-04-13 10:00:00,16.2,9.9,3.5,178.0,335.0,33.0,17,8.4,983.1
2026-04-13 11:00:00,14.9,9.3,3.7,173.0,357.0,33.4,16,8.9,982.5
2026-04-13 12:00:00,13.2,9.8,9.5,157.0,462.0,32.7,16,7.8,982.7
2026-04-13 13:00:00,14.3,11.6,16.7,138.0,734.0,31.5,18,6.6,983.0
2026-04-13 14:00:00,18.6,16.3,26.6,112.0,1088.0,29.3,22,5.6,983.4
2026-04-13 15:00:00,21.3,19.2,33.3,92.0,1329.0,28.1,25,5.9,984.0
2026-04-13 16:00:00,22.2,20.1,34.0,85.0,1372.0,27.3,28,6.6,984.6
2026-04-13 17:00:00,23.1,21.0,31.5,84.0,1301.0,26.0,32,7.5,984.6
2026-04-13 18:00:00,24.6,22.5,28.5,84.0,1175.0,24.5,42,5.3,984.3
2026-04-13 19:00:00,24.9,22.8,25.3,83.0,966.0,24.5,42,5.8,984.1
2026-04-13 20:00:00,24.7,22.6,21.4,82.0,702.0,23.9,43,5.8,983.4
2026-04-13 21:00:00,24.4,22.6,18.6,80.0,519.0,23.6,43,7.9,982.9
2026-04-13 22:00:00,24.6,22.9,16.9,74.0,426.0,22.1,47,6.1,982.7
2026-04-13 23:00:00,25.9,24.4,16.2,68.0,415.0,20.4,54,4.3,982.4
2026-04-14 00:00:00,42.1,41.1,24.0,51.0,596.0,19.8,67,3.3,982.3
2026-04-14 01:00:00,48.1,46.3,28.5,61.0,1203.0,19.6,71,0.6,983.1
2026-04-14 02:00:00,57.0,55.2,34.4,76.0,2001.0,20.8,63,1.1,983.8
2026-04-14 03:00:00,50.3,48.0,35.5,97.0,2398.0,24.5,51,0.4,984.5
2026-04-14 04:00:00,36.1,33.6,27.3,131.0,2002.0,28.0,39,1.4,985.1
2026-04-14 05:00:00,21.8,20.1,14.5,172.0,1204.0,31.0,29,3.5,985.0
2026-04-14 06:00:00,14.7,13.1,4.9,199.0,582.0,32.9,22,5.0,985.0
2026-04-14 07:00:00,13.3,10.7,2.0,203.0,375.0,34.3,18,4.5,984.4
2026-04-14 08:00:00,13.8,9.9,2.4,194.0,345.0,35.3,16,5.7,983.6
2026-04-14 09:00:00,14.9,9.5,3.2,185.0,352.0,35.9,13,7.8,982.5
2026-04-14 10:00:00,15.9,9.3,2.7,181.0,345.0,36.2,13,8.9,981.5
2026-04-14 11:00:00,16.9,9.2,2.6,176.0,376.0,35.9,13,10.1,980.9
2026-04-14 12:00:00,6.7,3.4,5.9,166.0,465.0,34.9,13,9.3,980.9
2026-04-14 13:00:00,8.0,5.2,15.9,143.0,637.0,33.5,16,7.9,981.4
2026-04-14 14:00:00,13.3,12.0,29.5,110.0,866.0,31.6,19,6.5,981.4
2026-04-14 15:00:00,17.7,17.1,39.3,85.0,1096.0,30.2,22,7.5,981.7
2026-04-14 16:00:00,20.3,19.7,41.6,74.0,1360.0,28.7,26,5.2,982.3
2026-04-14 17:00:00,22.5,21.8,40.1,70.0,1625.0,27.3,32,3.3,982.2
2026-04-14 18:00:00,24.0,23.1,37.8,67.0,1734.0,26.7,43,3.9,982.2
2026-04-14 19:00:00,24.4,23.3,35.6,64.0,1567.0,25.7,46,2.9,981.8
2026-04-14 20:00:00,25.9,24.5,32.7,63.0,1243.0,24.7,48,2.9,981.3
2026-04-14 21:00:00,29.0,27.4,29.9,62.0,969.0,23.6,49,5.6,980.6
2026-04-14 22:00:00,31.2,29.3,26.7,59.0,767.0,23.1,50,8.8,980.3
2026-04-14 23:00:00,32.1,30.0,23.6,55.0,613.0,22.6,52,8.0,980.4
2026-04-15 00:00:00,42.5,40.3,30.6,38.0,643.0,22.1,68,4.4,980.1
2026-04-15 01:00:00,46.7,44.2,35.2,55.0,1070.0,22.1,69,4.6,980.3
2026-04-15 02:00:00,54.1,51.6,41.0,80.0,1681.0,23.7,62,6.2,980.9
2026-04-15 03:00:00,42.4,39.5,41.4,105.0,1971.0,26.3,55,3.2,981.3
2026-04-15 04:00:00,24.1,19.6,31.0,131.0,1613.0,29.6,41,2.6,981.7
2026-04-15 05:00:00,17.9,12.2,15.3,158.0,934.0,32.7,28,5.0,981.8
2026-04-15 06:00:00,15.7,8.4,3.6,175.0,416.0,34.3,22,8.2,981.8
2026-04-15 07:00:00,16.2,7.7,0.4,177.0,265.0,35.5,19,9.1,981.4
2026-04-15 08:00:00,16.8,7.7,1.4,171.0,274.0,36.4,18,10.1,980.5
2026-04-15 09:00:00,17.4,7.8,2.7,164.0,311.0,36.9,17,11.5,979.7
2026-04-15 10:00:00,18.1,7.9,2.2,162.0,320.0,36.8,16,12.2,978.9
2026-04-15 11:00:00,18.6,8.1,2.1,159.0,357.0,36.4,16,13.1,978.5
2026-04-15 12:00:00,10.0,4.8,5.4,145.0,447.0,35.8,16,9.6,978.7
2026-04-15 13:00:00,11.5,6.5,16.6,123.0,613.0,34.8,18,7.1,978.7
2026-04-15 14:00:00,17.1,13.9,32.0,92.0,832.0,32.8,21,5.3,979.0
2026-04-15 15:00:00,22.3,19.6,43.6,69.0,1069.0,31.6,25,5.9,979.5
2026-04-15 16:00:00,24.5,21.9,47.8,60.0,1370.0,30.3,30,5.6,980.1
2026-04-15 17:00:00,26.7,23.7,48.3,59.0,1689.0,29.0,34,4.8,980.0
2026-04-15 18:00:00,29.9,26.5,47.9,56.0,1848.0,28.7,38,3.4,979.8
2026-04-15 19:00:00,31.3,27.5,48.1,48.0,1731.0,28.5,39,1.6,980.0
2026-04-15 20:00:00,34.9,31.1,47.4,40.0,1454.0,26.9,43,1.8,979.3
2026-04-15 21:00:00,37.6,34.2,45.0,35.0,1192.0,25.4,46,5.6,979.0
2026-04-15 22:00:00,35.5,32.7,38.6,34.0,946.0,23.5,51,8.7,979.0
2026-04-15 23:00:00,33.8,31.4,30.5,36.0,716.0,21.9,56,5.8,979.2
2026-04-16 00:00:00,39.9,37.7,47.0,22.0,674.0,22.3,63,4.3,979.1
2026-04-16 01:00:00,33.8,32.2,45.6,37.0,1038.0,22.6,61,5.1,979.6
2026-04-16 02:00:00,30.9,29.7,43.2,60.0,1591.0,24.4,54,7.0,980.3
2026-04-16 03:00:00,30.5,29.5,38.1,85.0,1855.0,28.1,43,5.0,981.3
2026-04-16 04:00:00,19.8,18.6,27.5,115.0,1527.0,31.4,35,4.9,982.0
2026-04-16 05:00:00,18.5,12.4,14.1,149.0,910.0,34.0,28,5.1,982.6
2026-04-16 06:00:00,17.5,9.1,4.4,172.0,440.0,34.9,22,3.7,983.0
2026-04-16 07:00:00,26.2,9.8,1.5,179.0,306.0,36.7,18,2.3,982.7
2026-04-16 08:00:00,36.2,12.0,2.2,176.0,319.0,37.6,15,2.1,982.3
2026-04-16 09:00:00,42.6,13.4,3.4,172.0,349.0,37.7,14,2.3,981.1
2026-04-16 10:00:00,45.2,14.1,3.4,170.0,350.0,37.7,14,4.6,980.3
2026-04-16 11:00:00,45.9,14.5,3.9,166.0,368.0,37.7,14,8.5,979.9
2026-04-16 12:00:00,37.5,13.6,6.6,163.0,412.0,37.5,12,4.5,978.9
2026-04-16 13:00:00,37.4,17.5,30.2,128.0,509.0,35.6,16,7.2,979.5
2026-04-16 14:00:00,48.8,29.3,61.8,81.0,632.0,33.4,19,6.5,979.9
2026-04-16 15:00:00,52.0,36.2,79.2,51.0,712.0,31.6,21,9.7,980.7
2026-04-16 16:00:00,41.3,31.7,68.5,54.0,715.0,29.3,31,11.7,981.2
2026-04-16 17:00:00,29.0,24.3,43.4,73.0,675.0,28.2,34,10.9,981.4
2026-04-16 18:00:00,22.1,19.6,23.4,88.0,627.0,28.8,36,13.2,982.2
2026-04-16 19:00:00,19.0,16.6,15.9,91.0,574.0,28.9,35,11.5,982.4
2026-04-16 20:00:00,18.2,15.3,13.3,88.0,512.0,28.5,34,11.7,982.0
2026-04-16 21:00:00,18.6,14.9,12.3,84.0,466.0,27.8,35,11.5,981.4
2026-04-16 22:00:00,20.3,15.7,11.9,76.0,430.0,26.5,37,8.8,981.7
2026-04-16 23:00:00,20.8,16.9,13.0,65.0,410.0,25.8,39,7.7,981.8
2026-04-17 00:00:00,23.7,14.8,11.3,76.0,440.0,25.3,48,4.8,981.7
2026-04-17 01:00:00,22.5,14.5,14.2,78.0,587.0,24.6,46,9.6,982.7
2026-04-17 02:00:00,24.6,17.1,18.0,81.0,786.0,26.0,39,9.4,984.3
2026-04-17 03:00:00,27.2,17.5,19.3,88.0,874.0,27.6,34,11.2,985.0
2026-04-17 04:00:00,32.5,16.5,15.7,104.0,742.0,29.9,30,14.0,986.0
2026-04-17 05:00:00,42.8,16.4,9.7,124.0,500.0,31.7,26,13.3,986.6
2026-04-17 06:00:00,49.6,16.5,5.0,139.0,317.0,32.7,25,18.6,986.4
2026-04-17 07:00:00,51.3,15.6,3.3,144.0,265.0,33.3,23,19.8,986.7
2026-04-17 08:00:00,53.2,16.1,3.0,143.0,272.0,33.0,22,20.1,985.9
2026-04-17 09:00:00,50.4,15.8,3.1,141.0,291.0,33.5,22,21.4,984.9
2026-04-17 10:00:00,46.4,15.7,3.3,141.0,300.0,32.9,24,21.0,984.5
2026-04-17 11:00:00,43.4,15.7,3.9,141.0,321.0,32.3,25,19.7,983.7
2026-04-17 12:00:00,25.8,14.0,5.7,137.0,371.0,31.8,26,18.2,982.9
2026-04-17 13:00:00,25.8,15.1,8.7,127.0,475.0,30.3,28,15.0,982.8
2026-04-17 14:00:00,27.4,16.8,12.9,113.0,609.0,29.0,32,13.8,983.2
2026-04-17 15:00:00,29.2,17.3,16.2,100.0,709.0,27.9,35,11.2,983.8
2026-04-17 16:00:00,30.9,18.2,17.9,91.0,761.0,27.0,36,10.3,984.1
2026-04-17 17:00:00,31.8,19.7,18.8,83.0,780.0,26.1,36,10.8,983.9
2026-04-17 18:00:00,32.0,21.0,18.9,76.0,753.0,25.4,45,12.4,984.3
2026-04-17 19:00:00,31.2,20.9,18.0,71.0,646.0,25.0,49,11.5,984.5
2026-04-17 20:00:00,30.5,20.7,16.4,67.0,493.0,24.6,53,12.8,984.1
2026-04-17 21:00:00,29.3,20.2,14.9,64.0,384.0,24.5,52,12.6,983.2
2026-04-17 22:00:00,28.3,19.0,13.5,63.0,360.0,24.0,52,10.2,983.2
2026-04-17 23:00:00,28.9,17.4,12.2,63.0,380.0,23.3,52,8.9,983.0
2026-04-18 00:00:00,18.8,18.8,17.1,50.0,416.0,23.0,53,9.9,983.5
2026-04-18 01:00:00,25.5,17.6,17.3,59.0,481.0,23.1,54,12.8,984.1
2026-04-18 02:00:00,36.3,18.1,17.3,71.0,562.0,24.8,50,12.6,984.7
2026-04-18 03:00:00,43.2,19.8,16.0,86.0,591.0,27.1,43,14.3,984.9
2026-04-18 04:00:00,42.1,19.2,12.0,105.0,518.0,29.3,38,17.5,985.0
2026-04-18 05:00:00,41.2,16.4,6.7,126.0,394.0,31.7,31,19.0,984.8
2026-04-18 06:00:00,43.1,14.8,2.9,141.0,302.0,33.8,25,16.6,985.2
2026-04-18 07:00:00,43.1,13.9,1.8,146.0,275.0,35.2,21,15.0,984.8
2026-04-18 08:00:00,44.8,13.5,2.1,145.0,279.0,36.1,19,14.1,984.2
2026-04-18 09:00:00,47.7,13.7,2.9,144.0,298.0,36.6,18,12.1,983.1
2026-04-18 10:00:00,51.3,14.4,2.0,148.0,329.0,36.7,17,11.1,982.1
2026-04-18 11:00:00,55.9,15.5,1.6,153.0,375.0,36.4,18,10.5,981.5
2026-04-18 12:00:00,41.3,12.4,6.4,145.0,430.0,35.7,17,8.3,981.2
2026-04-18 13:00:00,37.1,15.3,14.7,125.0,503.0,34.4,20,8.8,981.0
2026-04-18 14:00:00,38.8,20.8,25.9,97.0,586.0,32.3,24,12.3,981.4
2026-04-18 15:00:00,38.9,21.9,32.8,77.0,645.0,30.9,26,12.1,981.7
2026-04-18 16:00:00,38.4,22.1,31.4,72.0,674.0,30.2,26,11.0,982.1
2026-04-18 17:00:00,36.7,22.4,25.8,75.0,680.0,29.1,29,9.4,982.1
2026-04-18 18:00:00,33.9,22.2,20.5,79.0,652.0,29.0,34,11.2,982.5
2026-04-18 19:00:00,31.5,21.6,16.9,82.0,564.0,27.6,40,13.9,982.7
2026-04-18 20:00:00,30.9,21.2,13.7,86.0,442.0,26.0,47,17.2,982.4
2026-04-18 21:00:00,31.4,21.0,11.5,87.0,347.0,24.9,53,16.2,981.9
2026-04-18 22:00:00,33.2,21.0,10.3,85.0,285.0,24.8,51,14.9,981.7
2026-04-18 23:00:00,36.0,21.2,10.0,80.0,250.0,24.3,49,12.8,981.0
2026-04-19 00:00:00,37.4,21.5,11.3,76.0,289.0,24.2,55,10.3,980.6
2026-04-19 01:00:00,37.3,21.6,16.5,69.0,474.0,24.1,54,9.4,981.1
2026-04-19 02:00:00,35.9,23.4,23.4,60.0,733.0,25.3,50,9.1,981.8
2026-04-19 03:00:00,36.6,23.3,26.9,62.0,895.0,26.7,44,8.0,982.4
2026-04-19 04:00:00,34.5,21.1,23.7,83.0,869.0,28.4,39,7.8,983.0
2026-04-19 05:00:00,33.4,18.7,17.0,115.0,746.0,30.8,33,6.8,983.2
2026-04-19 06:00:00,36.0,17.2,11.2,140.0,627.0,32.8,27,6.1,983.3
2026-04-19 07:00:00,43.5,14.9,7.7,152.0,531.0,33.7,24,9.9,983.4
2026-04-19 08:00:00,49.8,15.1,5.1,157.0,438.0,34.5,22,8.6,982.9
2026-04-19 09:00:00,60.1,17.1,3.9,158.0,391.0,35.5,20,6.3,982.2
2026-04-19 10:00:00,69.8,19.5,2.4,158.0,408.0,35.5,19,9.6,981.8
2026-04-19 11:00:00,76.1,22.1,2.2,154.0,471.0,34.8,20,6.2,981.5
2026-04-19 12:00:00,53.0,15.5,6.6,154.0,571.0,32.6,25,16.3,981.3
2026-04-19 13:00:00,51.1,18.3,29.1,124.0,733.0,31.2,27,5.0,981.3
2026-04-19 14:00:00,62.2,29.9,60.0,83.0,933.0,29.7,30,3.1,982.0
2026-04-19 15:00:00,75.9,41.8,82.7,50.0,1087.0,28.4,35,2.9,982.0
2026-04-19 16:00:00,87.1,51.3,90.7,34.0,1178.0,27.4,37,3.6,982.1
2026-04-19 17:00:00,95.9,59.1,90.5,27.0,1224.0,27.0,37,5.1,982.0
2026-04-19 18:00:00,99.2,62.4,85.1,25.0,1188.0,26.7,42,4.9,982.2
2026-04-19 19:00:00,93.6,57.9,72.7,29.0,1012.0,26.7,40,5.4,981.7
2026-04-19 20:00:00,81.7,47.8,55.1,39.0,756.0,25.2,45,4.5,981.4
2026-04-19 21:00:00,71.5,39.6,40.0,47.0,560.0,24.6,46,5.5,981.1
2026-04-19 22:00:00,63.8,35.0,29.8,49.0,462.0,24.5,44,9.5,981.0
2026-04-19 23:00:00,56.7,32.0,22.0,50.0,425.0,24.5,45,11.8,980.9
2026-04-20 00:00:00,62.4,38.0,30.2,36.0,482.0,24.0,51,10.7,980.6
2026-04-20 01:00:00,52.6,33.1,30.6,46.0,735.0,23.7,51,11.1,981.0
2026-04-20 02:00:00,45.3,32.0,30.8,62.0,1082.0,25.0,46,11.1,981.6
2026-04-20 03:00:00,44.7,30.3,28.4,81.0,1248.0,27.3,40,6.4,982.3
2026-04-20 04:00:00,43.7,24.3,21.0,107.0,1053.0,30.4,32,5.5,982.9
2026-04-20 05:00:00,46.1,18.7,11.1,137.0,677.0,33.4,23,8.0,983.2
2026-04-20 06:00:00,41.4,14.1,3.8,158.0,386.0,35.3,15,11.0,983.3
2026-04-20 07:00:00,35.5,12.0,1.6,164.0,289.0,36.8,12,10.1,982.9
2026-04-20 08:00:00,33.2,11.7,2.1,162.0,276.0,37.6,10,9.7,982.2
2026-04-20 09:00:00,32.1,12.0,3.0,158.0,287.0,37.8,10,10.4,981.3
2026-04-20 10:00:00,31.4,12.0,3.0,155.0,297.0,37.7,10,9.4,980.4
2026-04-20 11:00:00,30.9,12.1,3.5,151.0,330.0,37.3,11,9.5,980.0
2026-04-20 12:00:00,34.8,14.3,6.3,155.0,397.0,36.6,11,8.7,980.0
2026-04-20 13:00:00,32.6,15.7,14.3,135.0,520.0,35.5,13,6.2,979.9
2026-04-20 14:00:00,34.2,21.2,25.3,106.0,676.0,33.2,17,5.5,980.2
2026-04-20 15:00:00,35.9,23.6,32.5,85.0,807.0,32.2,20,7.3,980.8
2026-04-20 16:00:00,35.6,23.5,32.6,77.0,908.0,30.7,25,7.1,981.2
2026-04-20 17:00:00,36.1,23.4,29.0,76.0,984.0,29.6,29,7.3,981.3
2026-04-20 18:00:00,36.8,23.4,25.3,76.0,992.0,28.6,36,5.5,981.6
2026-04-20 19:00:00,36.6,22.5,22.4,76.0,883.0,28.3,38,5.6,981.3
2026-04-20 20:00:00,36.3,21.7,19.4,77.0,706.0,27.7,39,6.9,980.8
2026-04-20 21:00:00,36.3,21.5,17.1,77.0,569.0,26.7,42,8.0,980.3
2026-04-20 22:00:00,36.2,21.6,15.7,73.0,470.0,25.9,42,6.6,979.9
2026-04-20 23:00:00,35.2,22.0,15.0,67.0,410.0,25.1,42,6.0,979.4
2026-04-21 00:00:00,45.9,30.5,23.4,50.0,502.0,25.1,49,6.9,979.3
2026-04-21 01:00:00,44.5,30.2,25.9,58.0,936.0,25.2,47,6.9,979.6
2026-04-21 02:00:00,42.1,30.9,28.9,69.0,1522.0,26.7,43,7.4,980.3
2026-04-21 03:00:00,42.7,30.5,28.6,85.0,1802.0,29.4,36,3.1,981.0
2026-04-21 04:00:00,40.9,24.4,21.6,109.0,1470.0,31.9,30,3.8,981.4
2026-04-21 05:00:00,39.1,17.8,11.3,138.0,833.0,34.4,25,4.5,981.6
2026-04-21 06:00:00,35.4,13.6,3.7,158.0,349.0,36.1,18,8.5,981.4
2026-04-21 07:00:00,32.0,12.2,1.5,164.0,216.0,37.4,15,10.2,981.1
2026-04-21 08:00:00,29.0,11.6,2.0,162.0,237.0,38.1,14,11.8,980.6
2026-04-21 09:00:00,26.8,11.2,2.8,159.0,276.0,38.4,14,12.9,979.8
2026-04-21 10:00:00,25.1,10.8,2.3,158.0,277.0,38.3,14,14.1,979.1
2026-04-21 11:00:00,23.8,10.3,2.2,155.0,296.0,37.6,15,15.2,979.1
2026-04-21 12:00:00,20.9,10.0,5.9,153.0,374.0,36.3,16,12.6,978.9
2026-04-21 13:00:00,19.8,10.9,14.1,132.0,540.0,35.3,17,10.2,979.1
2026-04-21 14:00:00,22.4,15.7,25.5,102.0,765.0,33.9,19,6.5,979.4
2026-04-21 15:00:00,26.7,20.0,35.4,78.0,994.0,32.6,22,5.0,979.5
2026-04-21 16:00:00,30.9,23.4,42.2,64.0,1264.0,32.0,23,5.4,979.5
2026-04-21 17:00:00,36.8,27.8,47.3,55.0,1539.0,31.1,25,5.2,979.7
2026-04-21 18:00:00,42.3,32.0,50.4,48.0,1658.0,29.8,30,4.9,979.9
2026-04-21 19:00:00,44.7,33.4,50.5,43.0,1497.0,29.3,31,4.9,979.9
2026-04-21 20:00:00,46.3,34.8,48.5,40.0,1181.0,28.6,32,5.0,979.7
2026-04-21 21:00:00,47.8,36.7,47.0,37.0,924.0,27.7,34,6.1,979.5
2026-04-21 22:00:00,49.4,38.9,47.0,28.0,768.0,26.4,39,5.8,979.3
2026-04-21 23:00:00,51.9,41.8,47.4,19.0,672.0,25.8,41,5.9,978.9
2026-04-22 00:00:00,49.5,37.0,41.5,35.0,724.0,26.0,42,6.1,978.5
2026-04-22 01:00:00,52.9,40.5,44.4,50.0,1093.0,25.8,42,5.4,978.9
2026-04-22 02:00:00,53.9,45.3,47.9,72.0,1610.0,27.0,40,6.2,979.6
2026-04-22 03:00:00,48.1,38.5,46.3,97.0,1859.0,29.2,37,3.7,980.3
2026-04-22 04:00:00,38.2,26.7,34.8,129.0,1573.0,32.4,29,1.6,980.8
2026-04-22 05:00:00,30.5,19.6,18.2,165.0,1018.0,35.4,23,1.8,980.8
2026-04-22 06:00:00,28.1,16.5,5.9,190.0,576.0,37.3,18,5.2,980.8
2026-04-22 07:00:00,29.9,16.7,2.0,195.0,400.0,39.1,15,6.4,980.3
2026-04-22 08:00:00,33.9,17.9,2.3,190.0,337.0,39.9,14,8.6,979.8
2026-04-22 09:00:00,38.0,19.3,3.2,184.0,315.0,40.2,14,9.9,979.0
2026-04-22 10:00:00,40.9,20.7,2.2,184.0,291.0,40.2,14,10.6,978.4
2026-04-22 11:00:00,43.1,21.9,1.9,184.0,308.0,39.6,14,11.9,978.0
2026-04-22 12:00:00,39.1,19.8,6.6,171.0,414.0,38.6,14,12.4,978.0
2026-04-22 13:00:00,38.8,21.7,20.2,146.0,685.0,37.8,14,9.2,977.9
2026-04-22 14:00:00,45.3,30.5,39.2,111.0,1045.0,36.3,16,6.2,978.1
2026-04-22 15:00:00,54.6,38.5,55.5,82.0,1321.0,35.1,18,5.6,978.7
2026-04-22 16:00:00,61.9,44.1,66.2,65.0,1459.0,33.2,22,4.2,979.0
2026-04-22 17:00:00,68.7,49.7,74.1,53.0,1513.0,31.7,26,1.5,979.3
2026-04-22 18:00:00,76.1,56.0,79.6,44.0,1470.0,31.3,28,1.1,979.6
2026-04-22 19:00:00,82.0,60.8,83.0,37.0,1268.0,30.4,29,1.1,979.4
2026-04-22 20:00:00,86.4,65.0,83.9,33.0,970.0,28.3,33,5.3,978.9
2026-04-22 21:00:00,85.0,65.0,81.7,29.0,751.0,27.1,38,5.0,978.5
2026-04-22 22:00:00,79.6,62.2,74.2,24.0,641.0,26.3,42,4.5,978.5
2026-04-22 23:00:00,73.1,58.2,63.6,19.0,612.0,25.9,42,6.2,978.4
2026-04-23 00:00:00,74.7,58.9,42.1,35.0,750.0,25.1,54,1.0,978.7
2026-04-23 01:00:00,79.4,63.8,45.6,51.0,1265.0,25.4,53,1.7,979.4
2026-04-23 02:00:00,71.9,62.2,49.7,74.0,1948.0,27.2,47,3.6,980.0
2026-04-23 03:00:00,59.5,49.5,48.3,99.0,2263.0,31.2,37,2.6,981.0
2026-04-23 04:00:00,54.4,39.7,35.8,129.0,1846.0,34.9,28,4.1,981.7
2026-04-23 05:00:00,47.4,29.6,17.6,162.0,1062.0,37.6,21,5.8,981.9
2026-04-23 06:00:00,41.6,23.2,4.3,183.0,465.0,38.9,16,6.8,981.9
2026-04-23 07:00:00,41.9,21.8,0.7,186.0,296.0,40.5,12,5.6,981.4
2026-04-23 08:00:00,42.4,21.0,1.8,178.0,315.0,41.1,12,2.9,980.5
2026-04-23 09:00:00,43.4,20.5,3.5,168.0,357.0,41.4,11,2.7,979.5
2026-04-23 10:00:00,44.6,20.3,3.8,161.0,364.0,41.5,12,7.5,978.6
2026-04-23 11:00:00,45.9,20.0,4.6,152.0,394.0,40.2,13,13.9,978.5
2026-04-23 12:00:00,36.7,17.1,7.9,146.0,458.0,38.5,15,9.6,978.5
2026-04-23 13:00:00,34.6,18.9,14.7,128.0,583.0,34.4,28,18.9,978.6
2026-04-23 14:00:00,35.6,23.5,24.2,104.0,742.0,33.0,29,11.8,979.3
2026-04-23 15:00:00,38.1,26.1,31.6,84.0,862.0,32.6,28,8.1,979.8
2026-04-23 16:00:00,41.9,29.6,35.4,73.0,917.0,32.2,29,5.7,980.1
2026-04-23 17:00:00,46.7,33.9,37.1,67.0,934.0,31.0,31,4.9,979.9
2026-04-23 18:00:00,47.3,34.7,36.3,65.0,918.0,30.7,35,5.0,979.6
2026-04-23 19:00:00,45.8,33.3,31.5,68.0,854.0,30.8,35,4.3,979.5
2026-04-23 20:00:00,45.3,32.1,24.3,75.0,756.0,30.3,36,6.3,979.6
2026-04-23 21:00:00,46.1,31.7,19.2,78.0,678.0,29.0,40,8.1,979.4
2026-04-23 22:00:00,47.6,31.7,18.4,72.0,610.0,27.9,44,5.3,979.5
2026-04-23 23:00:00,49.7,32.2,19.8,63.0,561.0,27.1,49,2.7,979.3
2026-04-24 00:00:00,85.2,67.3,63.7,16.0,611.0,27.8,52,7.3,979.7
2026-04-24 01:00:00,90.3,73.1,58.0,39.0,888.0,27.8,52,6.5,980.1
2026-04-24 02:00:00,82.9,73.1,49.6,73.0,1264.0,28.8,49,4.9,981.1
2026-04-24 03:00:00,64.5,50.9,40.0,105.0,1435.0,31.1,43,1.9,981.6
2026-04-24 04:00:00,59.6,41.4,27.9,137.0,1199.0,34.0,36,2.8,981.9
2026-04-24 05:00:00,63.3,34.8,14.5,168.0,760.0,36.8,26,5.3,981.9
2026-04-24 06:00:00,60.5,24.6,4.8,184.0,419.0,38.4,19,8.8,981.9
2026-04-24 07:00:00,58.2,20.3,1.6,175.0,306.0,39.9,17,8.7,981.4
2026-04-24 08:00:00,64.7,19.4,2.2,151.0,293.0,40.7,15,9.4,980.4
2026-04-24 09:00:00,84.1,21.9,3.3,132.0,298.0,41.0,14,12.2,979.4
2026-04-24 10:00:00,100.1,22.6,3.6,125.0,292.0,40.3,13,13.3,978.9
2026-04-24 11:00:00,109.7,24.2,4.5,122.0,303.0,39.7,14,18.0,979.0
2026-04-24 12:00:00,120.6,27.7,6.3,116.0,337.0,40.2,12,13.4,978.1
2026-04-24 13:00:00,82.4,28.6,9.0,111.0,414.0,37.7,16,14.2,978.6
2026-04-24 14:00:00,65.0,27.1,12.9,103.0,514.0,36.2,17,12.0,979.5
2026-04-24 15:00:00,57.0,27.6,16.5,95.0,578.0,35.1,18,6.6,980.1
2026-04-24 16:00:00,54.7,28.7,19.7,86.0,579.0,34.1,20,6.4,980.8
2026-04-24 17:00:00,54.6,30.5,22.5,76.0,544.0,32.8,22,9.7,981.2
2026-04-24 18:00:00,55.6,32.4,23.9,68.0,499.0,32.3,26,7.1,981.5
2026-04-24 19:00:00,56.5,32.7,22.7,65.0,438.0,31.4,32,7.6,981.7
2026-04-24 20:00:00,58.4,32.2,19.9,64.0,368.0,30.4,35,4.7,981.6
2026-04-24 21:00:00,61.0,31.7,17.7,63.0,333.0,29.3,38,7.6,981.1
2026-04-24 22:00:00,59.5,30.9,16.5,60.0,336.0,28.5,41,5.6,981.3
2026-04-24 23:00:00,53.4,29.9,15.8,57.0,373.0,27.6,44,4.2,981.1
2026-04-25 00:00:00,48.1,25.8,13.3,71.0,481.0,27.2,51,8.2,981.1
2026-04-25 01:00:00,48.5,26.4,15.9,74.0,754.0,26.8,53,9.1,981.8
2026-04-25 02:00:00,52.6,27.6,19.2,79.0,1097.0,28.1,49,7.8,982.9
2026-04-25 03:00:00,71.0,30.3,20.0,87.0,1262.0,30.3,43,6.5,983.6
2026-04-25 04:00:00,84.5,31.5,15.6,103.0,1083.0,33.5,34,6.5,984.1
2026-04-25 05:00:00,101.0,30.4,8.7,122.0,726.0,35.8,28,4.5,984.3
2026-04-25 06:00:00,115.0,28.6,3.6,136.0,442.0,38.2,20,6.7,983.4
2026-04-25 07:00:00,130.9,31.2,2.2,141.0,326.0,38.7,18,4.4,983.4
2026-04-25 08:00:00,145.3,34.2,2.7,140.0,283.0,39.2,16,12.6,983.3
2026-04-25 09:00:00,158.8,37.6,3.7,138.0,273.0,39.7,16,6.3,982.3
2026-04-25 10:00:00,163.4,38.3,3.0,138.0,268.0,38.9,16,8.8,982.1
2026-04-25 11:00:00,175.1,40.5,2.8,137.0,296.0,35.4,27,15.5,982.5
2026-04-25 12:00:00,102.9,32.1,9.8,147.0,400.0,38.2,16,15.3,980.6
2026-04-25 13:00:00,104.1,31.7,16.2,127.0,612.0,37.1,18,11.0,980.4
2026-04-25 14:00:00,85.4,32.6,25.0,100.0,901.0,35.1,22,4.8,980.8
2026-04-25 15:00:00,82.7,35.2,31.7,78.0,1216.0,34.2,24,7.1,981.2
2026-04-25 16:00:00,86.6,38.3,34.6,66.0,1644.0,33.8,25,8.4,981.9
2026-04-25 17:00:00,92.0,41.0,35.5,59.0,2098.0,32.9,26,7.7,981.9
2026-04-25 18:00:00,95.0,41.6,34.7,55.0,2262.0,32.3,29,10.9,982.1
2026-04-25 19:00:00,95.9,40.4,31.6,53.0,1884.0,31.4,31,10.0,981.7
2026-04-25 20:00:00,97.1,39.8,26.8,53.0,1216.0,30.6,33,8.8,981.2
2026-04-25 21:00:00,95.7,39.6,23.1,52.0,700.0,29.8,34,8.8,980.5
2026-04-25 22:00:00,92.2,39.2,21.3,48.0,499.0,29.1,35,9.3,980.2
2026-04-25 23:00:00,89.2,38.6,20.6,44.0,450.0,28.5,36,7.8,980.0
2026-04-26 00:00:00,108.3,48.8,34.9,26.0,506.0,27.3,45,10.7,980.4
2026-04-26 01:00:00,83.8,40.9,32.6,44.0,749.0,27.0,45,7.8,980.6
2026-04-26 02:00:00,70.3,39.8,29.1,69.0,1097.0,28.1,43,5.1,981.3
2026-04-26 03:00:00,79.6,36.8,24.5,94.0,1259.0,30.7,37,3.4,981.7
2026-04-26 04:00:00,72.6,28.1,17.6,117.0,1044.0,33.9,29,4.1,982.1
2026-04-26 05:00:00,47.4,18.0,9.5,138.0,644.0,36.5,20,7.0,981.8
2026-04-26 06:00:00,37.1,13.6,3.6,153.0,339.0,37.4,18,11.9,981.7
2026-04-26 07:00:00,34.6,12.3,1.7,157.0,251.0,38.7,16,12.3,981.1
2026-04-26 08:00:00,33.3,12.1,2.0,155.0,259.0,39.5,14,13.1,980.5
2026-04-26 09:00:00,32.2,12.0,2.7,151.0,281.0,39.9,13,14.1,979.4
2026-04-26 10:00:00,32.0,11.8,2.3,149.0,269.0,39.9,13,14.6,978.5
2026-04-26 11:00:00,31.7,11.5,2.3,146.0,271.0,39.2,14,13.7,977.6
2026-04-26 12:00:00,13.4,5.1,5.1,141.0,348.0,38.6,14,12.2,977.2
2026-04-26 13:00:00,12.2,5.5,11.2,126.0,583.0,37.6,15,10.7,977.3
2026-04-26 14:00:00,13.7,9.2,19.5,105.0,894.0,36.4,16,9.2,977.6
2026-04-26 15:00:00,16.1,12.2,26.0,88.0,1096.0,35.5,18,9.0,977.8
2026-04-26 16:00:00,17.5,13.5,28.5,78.0,1096.0,34.7,20,7.1,978.1
2026-04-26 17:00:00,19.9,15.5,29.2,72.0,988.0,33.2,23,5.5,977.8
2026-04-26 18:00:00,23.3,18.0,29.7,67.0,869.0,32.0,26,6.9,977.8
2026-04-26 19:00:00,27.1,20.4,30.7,61.0,756.0,30.8,29,5.5,977.4
2026-04-26 20:00:00,30.3,22.8,31.7,56.0,632.0,29.8,32,5.6,977.2
2026-04-26 21:00:00,31.5,24.0,32.7,51.0,547.0,28.9,34,6.1,976.7
2026-04-26 22:00:00,32.1,25.1,34.1,41.0,486.0,27.6,37,4.7,976.5
2026-04-26 23:00:00,32.5,26.4,35.6,32.0,464.0,27.0,38,4.7,976.2
2026-04-27 00:00:00,38.9,29.7,35.1,43.0,570.0,27.5,37,2.0,976.0
2026-04-27 01:00:00,43.7,34.0,35.6,58.0,962.0,27.4,40,0.9,976.3
2026-04-27 02:00:00,45.5,38.9,36.0,80.0,1482.0,28.6,34,5.2,977.4
2026-04-27 03:00:00,35.0,27.0,33.3,104.0,1750.0,30.9,30,3.4,978.0
2026-04-27 04:00:00,27.1,18.3,24.8,131.0,1527.0,33.9,24,2.5,978.6
2026-04-27 05:00:00,19.6,11.3,13.2,160.0,1051.0,36.5,19,1.3,978.7
2026-04-27 06:00:00,22.1,10.9,4.7,179.0,653.0,37.6,18,2.2,978.5
2026-04-27 07:00:00,28.1,12.5,2.0,180.0,444.0,39.7,16,3.5,978.1
2026-04-27 08:00:00,33.6,13.8,2.2,171.0,312.0,40.6,15,5.1,977.0
2026-04-27 09:00:00,37.7,15.0,3.0,162.0,252.0,40.4,14,9.6,976.3
2026-04-27 10:00:00,40.6,16.0,3.2,157.0,284.0,39.9,16,11.6,975.6
2026-04-27 11:00:00,42.8,17.0,3.9,152.0,388.0,36.8,22,19.2,976.1
2026-04-27 12:00:00,36.8,20.7,8.1,140.0,499.0,36.3,23,15.4,974.5
2026-04-27 13:00:00,41.6,21.6,24.9,115.0,567.0,37.2,20,6.0,974.2
2026-04-27 14:00:00,47.4,29.5,47.9,80.0,643.0,35.4,23,3.5,974.6
2026-04-27 15:00:00,58.7,39.8,64.1,54.0,813.0,34.5,24,8.1,975.2
2026-04-27 16:00:00,66.8,48.0,67.0,46.0,1190.0,33.2,27,5.4,975.7
2026-04-27 17:00:00,69.2,50.9,63.1,46.0,1661.0,32.2,30,4.0,975.9
2026-04-27 18:00:00,64.0,45.3,58.4,47.0,1971.0,33.1,31,7.2,976.1
2026-04-27 19:00:00,62.6,42.0,55.0,47.0,2010.0,32.8,30,10.5,975.9
2026-04-27 20:00:00,66.6,44.0,50.8,47.0,1888.0,32.5,28,8.6,976.0
2026-04-27 21:00:00,69.8,45.8,45.8,48.0,1682.0,32.2,26,6.0,975.9
2026-04-27 22:00:00,67.3,43.8,38.8,47.0,1318.0,31.1,29,7.3,976.1
2026-04-27 23:00:00,62.4,40.0,30.9,46.0,869.0,30.0,34,6.3,976.4
2026-04-28 00:00:00,35.0,17.8,7.1,86.0,630.0,28.7,41,9.4,976.7
2026-04-28 01:00:00,37.5,18.5,9.9,84.0,837.0,28.4,43,4.1,976.6
2026-04-28 02:00:00,39.6,19.8,13.7,82.0,1255.0,28.8,42,5.5,977.8
2026-04-28 03:00:00,48.5,21.7,16.1,82.0,1471.0,30.2,39,5.1,978.3
2026-04-28 04:00:00,52.9,21.4,16.2,83.0,1244.0,31.1,37,9.8,978.5
2026-04-28 05:00:00,56.1,21.5,14.9,85.0,815.0,32.4,35,13.1,979.4
2026-04-28 06:00:00,59.4,21.9,13.1,94.0,494.0,31.9,36,5.7,979.7
2026-04-28 07:00:00,64.7,23.7,10.3,115.0,419.0,32.3,36,15.6,978.9
2026-04-28 08:00:00,69.6,24.5,7.1,143.0,451.0,33.9,28,20.9,978.5
2026-04-28 09:00:00,68.2,23.4,5.4,159.0,483.0,34.4,26,12.7,977.8
2026-04-28 10:00:00,61.7,22.1,6.5,156.0,462.0,34.9,25,9.4,977.2
2026-04-28 11:00:00,58.7,21.4,9.3,142.0,441.0,35.0,24,11.0,976.2
2026-04-28 12:00:00,55.5,23.8,9.2,141.0,467.0,33.3,27,13.0,976.3
2026-04-28 13:00:00,47.5,23.5,25.1,116.0,588.0,33.2,27,12.0,976.0
2026-04-28 14:00:00,46.9,30.6,46.9,81.0,758.0,32.1,30,11.4,976.4
2026-04-28 15:00:00,48.7,35.5,62.8,53.0,883.0,30.8,36,13.0,977.2
2026-04-28 16:00:00,51.8,38.9,68.0,39.0,936.0,29.9,39,11.7,977.4
2026-04-28 17:00:00,55.5,43.3,67.3,33.0,945.0,29.2,42,9.8,977.5
2026-04-28 18:00:00,54.0,42.0,62.8,31.0,901.0,26.9,52,18.2,979.2
2026-04-28 19:00:00,51.0,39.2,53.0,36.0,762.0,25.8,56,16.2,978.6
2026-04-28 20:00:00,48.2,37.3,39.5,45.0,571.0,25.2,55,11.9,977.7
2026-04-28 21:00:00,46.3,36.8,29.2,51.0,442.0,24.8,56,7.4,977.3
2026-04-28 22:00:00,45.6,37.4,25.3,47.0,423.0,24.6,57,8.1,977.2
2026-04-28 23:00:00,46.2,38.8,24.6,40.0,466.0,24.2,58,6.7,977.2
2026-04-29 00:00:00,51.9,41.0,26.3,48.0,549.0,22.9,76,5.6,976.6
2026-04-29 01:00:00,55.6,44.8,27.5,57.0,708.0,22.8,78,3.0,977.6
2026-04-29 02:00:00,57.2,44.9,28.9,71.0,907.0,24.0,73,4.3,978.3
2026-04-29 03:00:00,60.1,43.5,27.6,92.0,1012.0,25.7,65,1.6,979.0
2026-04-29 04:00:00,56.3,34.6,21.2,125.0,934.0,28.0,57,1.5,979.6
2026-04-29 05:00:00,56.5,29.9,12.1,165.0,763.0,30.0,48,2.7,979.8
2026-04-29 06:00:00,57.2,27.5,5.3,193.0,630.0,29.5,48,1.0,980.1
2026-04-29 07:00:00,52.6,25.4,3.0,200.0,590.0,30.9,43,2.6,979.6
2026-04-29 08:00:00,48.7,23.7,3.0,196.0,588.0,31.9,40,3.9,978.7
2026-04-29 09:00:00,46.9,22.8,3.6,190.0,595.0,32.8,37,3.5,977.9
2026-04-29 10:00:00,45.8,21.7,1.3,187.0,611.0,32.7,35,7.6,977.3
2026-04-29 11:00:00,45.3,20.7,0.0,183.0,637.0,30.5,39,5.2,977.3
2026-04-29 12:00:00,23.9,15.6,6.7,193.0,644.0,32.7,27,8.1,976.4
2026-04-29 13:00:00,23.7,15.9,19.4,166.0,607.0,30.9,35,9.6,976.5
2026-04-29 14:00:00,28.6,22.7,36.6,128.0,552.0,28.7,47,12.3,977.2
2026-04-29 15:00:00,31.4,25.8,46.9,98.0,525.0,26.7,57,10.9,977.8
2026-04-29 16:00:00,29.2,23.2,43.3,86.0,564.0,25.5,62,9.3,977.9
2026-04-29 17:00:00,27.6,21.3,32.7,82.0,632.0,24.9,64,8.1,977.8
2026-04-29 18:00:00,27.9,21.6,24.8,78.0,664.0,25.5,65,8.1,977.4
2026-04-29 19:00:00,29.3,22.9,23.4,70.0,619.0,25.3,65,6.2,977.2
2026-04-29 20:00:00,32.4,25.2,24.7,62.0,538.0,24.7,67,4.8,977.1
2026-04-29 21:00:00,37.3,29.0,26.5,54.0,476.0,24.2,69,4.1,976.7
2026-04-29 22:00:00,41.8,32.8,28.9,43.0,425.0,23.6,72,3.2,976.8
2026-04-29 23:00:00,44.8,35.9,31.8,32.0,392.0,23.0,76,3.1,976.9
2026-04-30 00:00:00,40.3,33.9,33.9,41.0,455.0,22.8,70,5.2,976.7
2026-04-30 01:00:00,34.9,29.7,29.9,56.0,735.0,23.0,70,3.8,977.3
2026-04-30 02:00:00,32.1,26.8,24.1,78.0,1112.0,24.3,65,2.9,978.3
2026-04-30 03:00:00,33.8,22.9,18.6,102.0,1300.0,27.1,54,5.7,978.5
2026-04-30 04:00:00,36.4,20.8,13.5,130.0,1113.0,30.2,41,6.6,979.2
2026-04-30 05:00:00,36.6,19.8,8.6,160.0,738.0,32.2,34,5.5,979.4
2026-04-30 06:00:00,34.2,19.1,5.1,182.0,452.0,32.9,31,1.8,979.3
2026-04-30 07:00:00,31.3,17.5,3.6,191.0,371.0,34.2,28,3.1,978.7
2026-04-30 08:00:00,29.5,16.2,3.5,191.0,380.0,34.7,25,3.0,978.2
2026-04-30 09:00:00,29.8,16.2,3.8,188.0,410.0,29.7,40,17.5,978.6
2026-04-30 10:00:00,28.9,15.8,2.9,184.0,428.0,26.1,54,1.6,979.9
2026-04-30 11:00:00,28.4,14.4,2.5,177.0,467.0,28.0,47,2.0,978.3
2026-04-30 12:00:00,25.1,15.3,7.9,187.0,563.0,33.7,25,10.5,976.1
2026-04-30 13:00:00,26.1,15.5,38.1,146.0,777.0,31.9,29,9.5,976.4
2026-04-30 14:00:00,39.0,30.2,78.9,90.0,1047.0,30.1,37,8.1,976.7
2026-04-30 15:00:00,52.6,43.8,103.6,51.0,1220.0,28.6,41,4.7,977.0
2026-04-30 16:00:00,49.5,41.3,96.5,46.0,1221.0,27.5,43,6.2,977.4
2026-04-30 17:00:00,44.9,36.1,73.3,57.0,1125.0,26.5,46,4.1,977.7
2026-04-30 18:00:00,46.3,35.3,53.6,66.0,1005.0,28.0,43,8.7,977.7
2026-04-30 19:00:00,52.6,36.7,45.2,63.0,865.0,27.6,43,8.8,978.2
2026-04-30 20:00:00,67.8,39.7,40.3,57.0,702.0,26.5,46,7.5,977.8
2026-04-30 21:00:00,90.6,42.7,35.6,53.0,576.0,25.3,49,5.7,977.5
2026-04-30 22:00:00,124.3,45.9,29.4,52.0,503.0,24.1,55,7.2,977.6
2026-04-30 23:00:00,174.6,52.0,23.3,52.0,468.0,23.5,58,2.7,977.5
2026-05-01 00:00:00,101.7,53.9,49.6,21.0,486.0,23.0,62,8.3,977.6
2026-05-01 01:00:00,103.8,52.3,45.5,40.0,609.0,23.7,58,7.7,978.4
2026-05-01 02:00:00,147.1,60.1,39.6,68.0,786.0,25.3,55,8.7,979.5
2026-05-01 03:00:00,314.8,80.3,32.4,98.0,881.0,27.4,52,8.9,979.9
2026-05-01 04:00:00,351.1,82.0,22.9,133.0,812.0,29.8,45,7.7,980.2
2026-05-01 05:00:00,203.0,53.1,12.1,171.0,660.0,32.0,39,6.4,980.3
2026-05-01 06:00:00,119.2,35.0,4.4,198.0,536.0,32.8,34,3.3,980.3
2026-05-01 07:00:00,86.4,26.8,1.9,207.0,476.0,35.0,28,0.6,979.8
2026-05-01 08:00:00,61.2,21.1,2.5,204.0,443.0,35.8,25,2.4,978.9
2026-05-01 09:00:00,41.8,17.8,3.4,199.0,435.0,36.3,23,4.7,977.8
2026-05-01 10:00:00,29.3,15.7,2.9,195.0,425.0,36.5,23,5.7,976.8
2026-05-01 11:00:00,24.3,14.5,2.9,188.0,440.0,36.3,21,6.6,976.0
2026-05-01 12:00:00,39.3,16.5,6.5,202.0,556.0,36.2,19,6.2,975.8
2026-05-01 13:00:00,28.5,15.4,18.0,171.0,887.0,34.7,23,10.7,975.8
2026-05-01 14:00:00,28.5,22.1,33.9,128.0,1320.0,32.8,26,7.6,976.3
2026-05-01 15:00:00,30.4,26.2,46.2,93.0,1586.0,31.9,25,4.2,976.6
2026-05-01 16:00:00,31.9,27.9,52.3,73.0,1544.0,31.0,27,3.6,976.9
2026-05-01 17:00:00,35.9,31.4,54.7,61.0,1335.0,29.7,29,4.2,977.1
2026-05-01 18:00:00,39.7,34.7,53.7,54.0,1122.0,28.6,37,5.6,977.1
2026-05-01 19:00:00,41.9,35.9,47.5,52.0,937.0,28.2,42,7.1,977.0
2026-05-01 20:00:00,42.0,34.9,37.7,54.0,746.0,27.5,45,6.5,976.5
2026-05-01 21:00:00,41.2,33.8,29.5,57.0,611.0,26.4,49,4.4,976.2
2026-05-01 22:00:00,40.0,32.2,24.4,57.0,535.0,25.4,53,3.8,976.0
2026-05-01 23:00:00,38.3,30.6,20.8,58.0,514.0,24.7,56,4.2,975.8
2026-05-02 00:00:00,51.0,44.6,35.2,38.0,600.0,25.0,49,2.7,975.9
2026-05-02 01:00:00,54.1,44.4,34.5,59.0,920.0,25.4,49,6.6,976.3
2026-05-02 02:00:00,55.8,45.1,33.1,89.0,1347.0,27.1,46,3.8,977.2
2026-05-02 03:00:00,68.7,43.9,29.5,119.0,1550.0,30.3,39,2.4,977.9
2026-05-02 04:00:00,63.6,32.4,21.5,149.0,1310.0,33.5,31,2.4,978.5
2026-05-02 05:00:00,37.7,19.7,11.3,180.0,845.0,35.6,23,1.8,978.4
2026-05-02 06:00:00,32.2,17.9,3.9,202.0,485.0,35.4,23,2.0,978.4
2026-05-02 07:00:00,31.0,17.5,1.7,210.0,357.0,37.1,20,3.1,978.0
2026-05-02 08:00:00,31.8,17.8,2.4,209.0,333.0,37.9,19,5.0,976.9
2026-05-02 09:00:00,34.0,18.3,3.4,206.0,357.0,38.2,19,6.5,975.9
2026-05-02 10:00:00,36.0,19.0,3.2,204.0,424.0,38.4,18,5.1,974.9
2026-05-02 11:00:00,37.3,19.6,3.4,200.0,538.0,38.2,18,3.8,974.1
2026-05-02 12:00:00,40.5,21.1,6.8,212.0,654.0,37.9,13,2.8,973.2
2026-05-02 13:00:00,38.0,21.2,28.7,174.0,778.0,36.4,18,6.9,973.3
2026-05-02 14:00:00,44.8,31.2,58.4,122.0,905.0,34.1,23,5.9,974.0
2026-05-02 15:00:00,55.6,42.1,76.5,84.0,969.0,33.2,23,4.8,974.1
2026-05-02 16:00:00,62.9,50.1,72.5,73.0,929.0,32.3,24,7.4,974.7
2026-05-02 17:00:00,56.0,46.3,56.8,76.0,826.0,30.7,27,10.8,974.9
2026-05-02 18:00:00,41.4,34.2,41.7,81.0,724.0,29.6,33,9.7,974.8
2026-05-02 19:00:00,33.6,26.7,30.3,85.0,632.0,29.0,37,10.7,974.7
2026-05-02 20:00:00,31.1,24.0,19.4,91.0,540.0,28.6,38,10.5,974.3
2026-05-02 21:00:00,30.9,24.0,12.0,94.0,485.0,27.3,42,2.4,975.2
2026-05-02 22:00:00,31.8,25.3,10.0,90.0,491.0,26.7,43,6.3,975.0
2026-05-02 23:00:00,33.3,26.9,11.4,82.0,533.0,26.0,46,6.1,974.9
2026-05-03 00:00:00,27.2,24.4,16.4,66.0,575.0,23.8,57,21.0,977.8
2026-05-03 01:00:00,30.3,24.9,18.5,74.0,621.0,23.5,59,15.9,977.6
2026-05-03 02:00:00,32.7,28.0,21.2,87.0,667.0,24.8,55,13.5,977.6
2026-05-03 03:00:00,36.7,29.5,21.4,105.0,665.0,27.0,48,16.5,977.9
2026-05-03 04:00:00,52.2,32.6,16.8,135.0,568.0,29.3,41,17.6,978.4
2026-05-03 05:00:00,78.9,34.2,9.9,171.0,423.0,31.9,34,19.5,978.4
2026-05-03 06:00:00,107.3,36.3,4.6,196.0,317.0,31.4,33,18.6,979.2
2026-05-03 07:00:00,127.1,39.1,2.7,201.0,286.0,32.7,32,17.4,979.4
2026-05-03 08:00:00,152.3,42.3,2.6,195.0,294.0,34.0,30,13.9,979.2
2026-05-03 09:00:00,180.2,45.6,3.1,188.0,320.0,33.4,28,5.7,979.3
2026-05-03 10:00:00,198.4,48.1,3.6,185.0,368.0,33.5,28,7.0,978.3
2026-05-03 11:00:00,207.7,49.4,4.8,181.0,434.0,33.3,28,10.2,977.7
2026-05-03 12:00:00,202.6,40.0,8.4,163.0,488.0,31.4,34,4.2,977.6
2026-05-03 13:00:00,194.6,43.8,15.6,143.0,510.0,31.0,34,15.3,977.0
2026-05-03 14:00:00,161.6,47.5,25.4,115.0,519.0,29.2,39,8.9,976.8
2026-05-03 15:00:00,154.1,48.8,31.3,96.0,544.0,28.5,42,7.8,978.2
2026-05-03 16:00:00,188.1,51.6,29.6,93.0,619.0,28.3,42,8.9,978.8
2026-05-03 17:00:00,231.9,56.1,23.9,98.0,709.0,28.0,42,8.8,978.8
2026-05-03 18:00:00,255.2,59.8,19.0,103.0,744.0,26.7,47,12.0,977.8
2026-05-03 19:00:00,254.3,60.8,16.5,104.0,669.0,27.0,43,7.4,977.6
2026-05-03 20:00:00,236.6,58.2,14.7,104.0,537.0,23.3,62,14.3,978.5
2026-05-03 21:00:00,218.9,55.5,12.9,106.0,438.0,23.3,63,13.5,977.7
2026-05-03 22:00:00,199.8,52.6,10.2,111.0,404.0,23.8,62,6.6,978.0
2026-05-03 23:00:00,168.6,47.4,7.5,117.0,401.0,23.3,64,5.1,978.4
2026-05-04 00:00:00,34.0,21.2,6.6,124.0,424.0,24.5,65,2.9,977.8
2026-05-04 01:00:00,20.0,17.5,8.1,123.0,492.0,25.6,53,12.6,979.3
2026-05-04 02:00:00,40.9,23.3,10.1,121.0,584.0,25.9,59,13.2,980.5
2026-05-04 03:00:00,317.6,70.8,10.8,124.0,631.0,27.1,53,9.9,981.4
2026-05-04 04:00:00,344.6,78.0,9.0,134.0,589.0,29.1,45,10.7,981.9
2026-05-04 05:00:00,252.4,61.2,5.9,147.0,502.0,30.8,39,15.0,982.1
2026-05-04 06:00:00,207.7,51.2,3.8,158.0,432.0,31.7,34,14.6,981.6
2026-05-04 07:00:00,213.3,48.8,3.6,164.0,401.0,32.7,30,14.8,980.7
2026-05-04 08:00:00,205.4,47.8,4.3,168.0,388.0,33.8,26,14.1,980.3
2026-05-04 09:00:00,191.4,46.4,5.1,168.0,393.0,30.1,32,20.5,981.4
2026-05-04 10:00:00,175.1,43.0,5.6,164.0,423.0,25.2,58,10.4,982.8
2026-05-04 11:00:00,163.4,39.8,6.3,156.0,471.0,24.6,67,14.6,981.4
2026-05-04 12:00:00,111.8,29.2,6.7,159.0,517.0,28.6,43,9.4,979.4
2026-05-04 13:00:00,102.0,28.9,18.3,139.0,562.0,25.0,53,25.8,980.3
2026-05-04 14:00:00,92.4,30.0,33.9,111.0,606.0,23.1,62,14.6,980.3
2026-05-04 15:00:00,97.8,39.6,43.5,90.0,625.0,22.9,61,9.7,981.4
2026-05-04 16:00:00,107.3,52.4,41.5,84.0,602.0,23.0,60,9.5,982.1
2026-05-04 17:00:00,110.1,53.9,33.3,85.0,554.0,22.8,59,9.8,982.6
2026-05-04 18:00:00,116.6,42.8,25.4,88.0,509.0,20.0,89,3.1,983.0
2026-05-04 19:00:00,116.9,39.8,19.2,94.0,473.0,19.9,85,5.5,982.5
2026-05-04 20:00:00,100.8,36.3,13.3,102.0,441.0,19.9,83,5.1,982.4
2026-05-04 21:00:00,80.3,32.8,9.5,106.0,421.0,19.9,82,5.4,982.6
2026-05-04 22:00:00,65.2,30.4,9.1,99.0,414.0,19.9,81,8.3,983.1
2026-05-04 23:00:00,60.8,30.7,10.8,87.0,419.0,19.9,79,5.6,983.8
2026-05-05 00:00:00,21.6,21.2,6.1,117.0,446.0,20.6,77,8.0,983.8
2026-05-05 01:00:00,30.7,23.5,8.3,118.0,523.0,20.7,76,10.8,985.0
2026-05-05 02:00:00,42.5,25.1,11.1,119.0,622.0,21.4,71,12.2,986.3
2026-05-05 03:00:00,60.5,25.7,12.3,125.0,671.0,22.7,69,7.4,986.8
2026-05-05 04:00:00,95.9,29.9,10.1,140.0,625.0,24.7,67,6.7,986.8
2026-05-05 05:00:00,132.2,34.1,6.2,159.0,529.0,26.8,62,6.3,986.9
2026-05-05 06:00:00,147.1,36.6,3.3,174.0,450.0,28.3,51,3.2,987.2
2026-05-05 07:00:00,144.8,36.3,2.5,180.0,398.0,29.7,44,1.1,986.8
2026-05-05 08:00:00,142.0,35.9,2.6,180.0,363.0,30.7,38,0.2,986.2
2026-05-05 09:00:00,138.8,35.5,3.1,180.0,385.0,31.1,36,1.0,985.2
2026-05-05 10:00:00,135.0,34.8,2.2,182.0,394.0,31.2,35,2.5,984.5
2026-05-05 11:00:00,127.1,33.2,1.8,183.0,460.0,30.9,36,4.0,983.9
2026-05-05 12:00:00,71.5,18.8,6.0,170.0,829.0,29.9,38,9.5,983.6
2026-05-05 13:00:00,63.3,18.5,30.7,137.0,1820.0,28.0,46,9.4,983.4
2026-05-05 14:00:00,62.2,27.3,64.5,90.0,3114.0,26.3,54,5.8,983.5
2026-05-05 15:00:00,77.3,42.7,88.2,55.0,4005.0,26.2,57,3.3,983.6
2026-05-05 16:00:00,85.7,52.5,91.8,42.0,4197.0,25.6,57,2.0,983.9
2026-05-05 17:00:00,86.8,55.8,85.3,40.0,3985.0,24.9,58,2.2,983.8
2026-05-05 18:00:00,82.7,53.6,79.4,38.0,3547.0,24.4,61,6.1,983.6
2026-05-05 19:00:00,80.3,51.5,78.0,33.0,2780.0,24.5,62,5.7,983.2
2026-05-05 20:00:00,82.0,51.7,77.3,28.0,1787.0,23.7,64,5.5,982.9
2026-05-05 21:00:00,84.1,52.7,76.5,24.0,1060.0,23.2,65,4.4,982.4
2026-05-05 22:00:00,83.4,52.9,76.3,16.0,810.0,22.5,66,2.4,982.3
2026-05-05 23:00:00,82.2,52.7,76.0,8.0,827.0,21.7,70,0.8,982.3
2026-05-06 00:00:00,62.6,44.5,45.3,31.0,968.0,20.9,80,3.6,982.2
2026-05-06 01:00:00,68.7,49.5,42.3,50.0,1321.0,21.9,76,3.5,982.7
2026-05-06 02:00:00,69.8,50.2,37.7,78.0,1799.0,23.5,71,3.2,983.2
2026-05-06 03:00:00,73.6,44.6,31.6,108.0,2002.0,26.3,59,1.9,983.8
2026-05-06 04:00:00,61.5,31.0,22.5,141.0,1656.0,28.5,49,0.3,984.0
2026-05-06 05:00:00,55.4,22.7,11.8,175.0,1035.0,30.1,39,2.5,983.9
2026-05-06 06:00:00,52.9,21.0,4.1,199.0,558.0,31.0,34,3.3,983.6
2026-05-06 07:00:00,50.4,20.4,1.8,208.0,391.0,31.9,33,3.9,982.9
2026-05-06 08:00:00,47.7,19.9,2.4,207.0,369.0,32.3,31,4.6,982.4
2026-05-06 09:00:00,45.5,19.4,3.4,203.0,409.0,32.6,31,3.3,981.5
2026-05-06 10:00:00,43.8,18.7,2.6,201.0,433.0,33.0,30,2.8,980.5
2026-05-06 11:00:00,42.3,18.2,2.1,197.0,519.0,32.6,30,6.4,979.8
2026-05-06 12:00:00,32.0,15.6,6.3,203.0,827.0,31.9,32,11.0,978.9
2026-05-06 13:00:00,32.0,15.7,18.3,176.0,1666.0,29.6,37,8.9,978.8
2026-05-06 14:00:00,33.6,21.2,35.4,139.0,2726.0,27.1,46,6.6,979.0
2026-05-06 15:00:00,43.9,30.9,51.7,104.0,3233.0,26.6,50,5.8,979.3
2026-05-06 16:00:00,53.7,40.2,68.4,75.0,2658.0,26.0,53,5.4,979.3
2026-05-06 17:00:00,65.2,52.0,84.4,50.0,1531.0,25.8,56,1.4,979.5
2026-05-06 18:00:00,70.8,59.4,90.3,34.0,664.0,26.9,50,0.7,979.4
2026-05-06 19:00:00,60.3,52.4,78.5,35.0,405.0,24.5,57,5.4,979.0
2026-05-06 20:00:00,47.0,42.1,56.7,45.0,406.0,23.3,61,8.3,978.7
2026-05-06 21:00:00,38.9,35.2,38.6,55.0,439.0,22.8,66,8.1,978.8
2026-05-06 22:00:00,35.4,31.8,29.3,58.0,404.0,22.4,70,7.3,979.3
2026-05-06 23:00:00,34.6,30.4,23.6,59.0,402.0,21.9,72,6.9,979.6
2026-05-07 00:00:00,19.6,19.4,13.9,81.0,505.0,20.9,75,6.1,979.8
2026-05-07 01:00:00,30.2,23.5,15.4,88.0,849.0,21.5,73,6.8,980.2
2026-05-07 02:00:00,67.8,31.9,17.2,100.0,1299.0,23.3,68,7.4,981.0
2026-05-07 03:00:00,197.0,52.6,17.1,116.0,1518.0,26.0,59,6.0,981.8
2026-05-07 04:00:00,259.8,61.9,13.3,142.0,1280.0,29.0,48,6.8,982.2
2026-05-07 05:00:00,202.1,51.6,7.6,173.0,812.0,31.2,38,9.7,982.6
2026-05-07 06:00:00,155.5,43.0,3.4,195.0,459.0,32.1,35,9.7,982.5
2026-05-07 07:00:00,143.0,39.3,2.1,201.0,362.0,32.9,32,9.1,982.1
2026-05-07 08:00:00,142.5,38.2,2.4,198.0,380.0,33.7,30,7.8,981.7
2026-05-07 09:00:00,148.1,38.2,3.0,194.0,439.0,34.2,27,6.6,981.2
2026-05-07 10:00:00,155.5,38.6,3.7,194.0,519.0,34.0,27,8.4,980.9
2026-05-07 11:00:00,162.1,39.3,4.8,193.0,639.0,33.7,27,8.3,981.0
2026-05-07 12:00:00,232.8,51.0,6.2,194.0,782.0,34.4,18,0.6,980.2
2026-05-07 13:00:00,258.9,53.8,9.3,181.0,995.0,31.6,32,4.9,980.4
2026-05-07 14:00:00,241.2,57.3,13.5,162.0,1231.0,28.9,36,11.2,980.6
2026-05-07 15:00:00,248.7,61.7,16.0,149.0,1330.0,27.7,39,11.0,981.1
2026-05-07 16:00:00,235.6,61.0,15.3,147.0,1175.0,26.6,42,10.4,981.9
2026-05-07 17:00:00,214.7,57.3,13.0,149.0,883.0,25.6,48,10.6,982.2
2026-05-07 18:00:00,207.7,54.6,11.0,149.0,643.0,25.5,54,10.3,982.2
2026-05-07 19:00:00,211.4,54.1,10.0,143.0,525.0,25.6,56,9.9,982.2
2026-05-07 20:00:00,225.4,57.0,9.3,134.0,460.0,25.1,60,10.4,982.0
2026-05-07 21:00:00,243.1,61.9,9.0,125.0,421.0,24.6,64,9.7,981.7
2026-05-07 22:00:00,259.8,66.6,9.0,116.0,399.0,24.0,67,8.7,981.8
2026-05-07 23:00:00,271.9,70.5,9.4,108.0,405.0,23.5,69,8.0,981.9
2026-05-08 00:00:00,368.8,79.6,10.5,106.0,444.0,22.7,73,6.8,982.3
2026-05-08 01:00:00,340.9,80.8,11.4,111.0,556.0,22.9,73,8.5,983.0
2026-05-08 02:00:00,379.0,82.9,12.4,120.0,702.0,24.1,68,8.3,983.6
2026-05-08 03:00:00,339.0,75.0,12.3,132.0,773.0,26.0,62,9.2,984.1
2026-05-08 04:00:00,324.1,68.0,9.9,152.0,694.0,28.3,54,9.5,984.5
2026-05-08 05:00:00,398.6,71.7,6.2,176.0,541.0,30.6,44,9.8,984.6
2026-05-08 06:00:00,366.0,66.4,3.6,194.0,428.0,31.6,41,8.0,984.5
2026-05-08 07:00:00,309.2,58.7,2.9,200.0,402.0,32.9,37,6.6,984.1
2026-05-08 08:00:00,271.0,53.7,3.1,200.0,416.0,33.8,34,5.0,983.6
2026-05-08 09:00:00,242.1,50.3,3.7,198.0,452.0,34.3,32,2.6,982.9
2026-05-08 10:00:00,219.8,47.8,4.2,197.0,486.0,34.0,32,3.7,982.5
2026-05-08 11:00:00,204.9,46.0,5.1,195.0,542.0,33.1,34,4.2,982.2
2026-05-08 12:00:00,271.9,60.3,7.3,200.0,669.0,34.0,28,4.8,981.6
2026-05-08 13:00:00,250.5,58.3,16.3,173.0,961.0,33.3,30,5.2,982.0
2026-05-08 14:00:00,198.8,57.6,28.4,137.0,1323.0,31.2,36,8.1,982.0
2026-05-08 15:00:00,175.1,59.1,35.4,111.0,1525.0,29.9,40,11.3,982.3
2026-05-08 16:00:00,130.4,53.6,32.2,108.0,1424.0,28.7,43,9.4,982.9
2026-05-08 17:00:00,103.4,50.4,23.8,115.0,1161.0,27.8,46,7.2,982.7
2026-05-08 18:00:00,93.6,49.2,16.9,121.0,932.0,27.7,50,6.3,982.8
2026-05-08 19:00:00,92.4,48.5,13.9,121.0,802.0,26.9,52,5.8,982.4
2026-05-08 20:00:00,92.4,48.0,12.3,120.0,705.0,25.9,60,3.6,982.3
2026-05-08 21:00:00,89.9,47.0,11.5,117.0,634.0,25.5,58,3.5,982.0
2026-05-08 22:00:00,86.1,46.2,11.2,109.0,566.0,24.8,61,4.1,982.0
2026-05-08 23:00:00,82.7,45.8,11.7,98.0,523.0,24.3,63,4.6,982.2
2026-05-09 00:00:00,43.3,43.3,12.8,92.0,566.0,24.5,65,6.4,982.2
2026-05-09 01:00:00,46.1,44.1,14.4,100.0,799.0,24.8,64,6.6,982.9
2026-05-09 02:00:00,59.4,43.9,16.4,113.0,1118.0,26.3,60,5.5,983.6
2026-05-09 03:00:00,113.9,43.4,16.6,131.0,1273.0,28.9,53,4.8,984.3
2026-05-09 04:00:00,327.8,64.0,13.1,158.0,1097.0,31.6,45,5.1,984.7
2026-05-09 05:00:00,525.3,86.4,7.8,190.0,756.0,33.8,36,5.3,984.5
2026-05-09 06:00:00,478.7,85.2,3.9,214.0,503.0,34.0,36,4.8,984.4
2026-05-09 07:00:00,436.8,83.1,2.7,223.0,450.0,35.7,32,3.1,983.9
2026-05-09 08:00:00,392.1,79.4,2.8,224.0,485.0,36.4,30,3.3,983.2
2026-05-09 09:00:00,343.7,74.3,3.3,223.0,518.0,36.9,28,3.6,982.2
2026-05-09 10:00:00,302.7,69.2,1.2,225.0,463.0,37.1,27,5.1,981.5
2026-05-09 11:00:00,273.8,65.9,0.0,224.0,407.0,37.1,28,7.2,981.0
2026-05-09 12:00:00,322.2,76.8,7.2,216.0,525.0,36.7,27,6.7,980.7
2026-05-09 13:00:00,303.6,75.9,30.2,182.0,1013.0,35.7,29,6.6,980.7
2026-05-09 14:00:00,303.6,86.1,61.3,135.0,1677.0,33.9,33,5.2,980.7
2026-05-09 15:00:00,315.7,101.0,81.1,98.0,2104.0,33.0,36,7.3,981.0
2026-05-09 16:00:00,299.0,101.5,79.1,79.0,2091.0,32.1,38,6.7,981.5
2026-05-09 17:00:00,253.3,93.8,65.8,69.0,1842.0,30.3,43,7.5,981.9
2026-05-09 18:00:00,197.4,82.0,52.4,65.0,1561.0,29.7,48,4.6,982.2
2026-05-09 19:00:00,162.1,72.6,42.1,67.0,1277.0,29.3,49,6.4,981.6
2026-05-09 20:00:00,146.7,66.4,31.9,74.0,960.0,28.6,51,5.8,981.4
2026-05-09 21:00:00,154.6,64.0,23.8,79.0,726.0,28.0,53,4.1,980.9
2026-05-09 22:00:00,176.0,64.7,18.9,79.0,620.0,27.6,54,5.9,981.0
2026-05-09 23:00:00,201.2,66.1,16.2,78.0,596.0,27.3,55,5.9,981.2
2026-05-10 00:00:00,248.7,76.4,16.3,75.0,639.0,27.1,59,3.7,981.3
2026-05-10 01:00:00,260.8,79.9,17.1,85.0,806.0,27.4,57,6.9,981.9
2026-05-10 02:00:00,354.8,91.3,18.0,100.0,1040.0,28.7,53,7.2,982.5
2026-05-10 03:00:00,421.0,99.7,17.3,121.0,1146.0,30.9,47,7.5,983.1
2026-05-10 04:00:00,465.7,102.4,13.5,153.0,996.0,33.4,41,6.9,983.7
2026-05-10 05:00:00,488.0,101.5,8.1,190.0,719.0,35.7,33,6.9,983.6
2026-05-10 06:00:00,420.0,94.5,4.2,217.0,512.0,36.3,32,5.4,983.4
2026-05-10 07:00:00,363.2,87.5,3.0,225.0,460.0,37.9,29,4.4,982.8
2026-05-10 08:00:00,326.9,82.7,3.3,223.0,478.0,38.6,27,4.9,982.2
2026-05-10 09:00:00,299.0,78.5,3.9,219.0,507.0,38.9,26,7.3,981.4
2026-05-10 10:00:00,274.7,74.0,3.2,221.0,527.0,38.5,26,11.0,980.7
2026-05-10 11:00:00,250.5,69.4,2.9,221.0,559.0,37.4,27,10.8,979.3
2026-05-10 12:00:00,237.0,66.6,7.3,210.0,601.0,38.4,23,9.7,978.5
2026-05-10 13:00:00,220.3,65.0,22.1,176.0,664.0,37.2,25,10.6,978.7
2026-05-10 14:00:00,203.5,70.5,41.5,130.0,738.0,35.5,28,7.8,978.9
2026-05-10 15:00:00,204.4,77.5,53.0,97.0,793.0,33.9,36,8.3,979.3
2026-05-10 16:00:00,186.7,76.4,49.3,87.0,821.0,32.4,43,7.7,980.2
2026-05-10 17:00:00,188.6,76.8,37.6,89.0,829.0,31.5,46,8.7,980.6
2026-05-10 18:00:00,194.2,77.1,27.1,93.0,809.0,31.0,47,10.0,981.9
2026-05-10 19:00:00,202.6,75.9,20.8,96.0,737.0,30.3,53,4.5,983.2
2026-05-10 20:00:00,216.5,75.0,15.7,101.0,636.0,27.5,66,12.6,982.6
2026-05-10 21:00:00,224.0,74.7,12.1,104.0,575.0,25.6,79,8.6,981.8
2026-05-10 22:00:00,224.4,74.5,10.4,102.0,587.0,25.8,77,9.2,980.5
2026-05-10 23:00:00,231.0,75.4,10.1,99.0,639.0,25.8,76,9.3,981.4
2026-05-11 00:00:00,116.6,68.9,12.9,99.0,689.0,24.1,73,16.6,982.7
2026-05-11 01:00:00,122.9,70.3,14.6,106.0,740.0,24.5,70,12.0,983.0
2026-05-11 02:00:00,137.8,71.2,16.7,117.0,789.0,25.6,66,11.4,983.3
2026-05-11 03:00:00,167.2,71.0,16.9,134.0,796.0,27.5,59,10.6,984.1
2026-05-11 04:00:00,244.9,70.8,13.3,161.0,718.0,30.5,49,10.7,984.4
2026-05-11 05:00:00,334.3,77.8,7.9,194.0,597.0,32.9,42,9.1,984.4
2026-05-11 06:00:00,418.2,84.8,3.9,217.0,513.0,32.8,45,3.1,984.2
2026-05-11 07:00:00,432.1,87.3,2.8,223.0,501.0,30.9,51,13.7,985.5
2026-05-11 08:00:00,406.1,84.8,3.1,219.0,526.0,29.2,59,14.7,984.5
2026-05-11 09:00:00,380.0,82.2,3.8,214.0,558.0,30.7,54,9.9,983.1
2026-05-11 10:00:00,350.2,78.9,3.1,213.0,580.0,32.1,49,9.9,982.3
2026-05-11 11:00:00,319.4,75.2,2.8,210.0,609.0,32.2,48,6.8,981.8
2026-05-11 12:00:00,224.0,60.5,7.1,195.0,664.0,33.7,41,4.7,980.6
2026-05-11 13:00:00,208.2,60.3,16.7,171.0,770.0,32.6,47,6.5,980.6
2026-05-11 14:00:00,174.2,64.5,30.3,137.0,902.0,31.4,54,6.3,980.6
2026-05-11 15:00:00,180.2,71.5,42.5,106.0,1006.0,30.5,55,8.3,980.0
2026-05-11 16:00:00,185.3,76.8,52.2,83.0,1070.0,29.5,58,7.9,980.3
2026-05-11 17:00:00,189.5,82.0,60.5,65.0,1107.0,28.6,62,6.5,980.5
2026-05-11 18:00:00,200.7,90.3,66.1,50.0,1092.0,28.3,68,8.3,979.9
2026-05-11 19:00:00,205.8,96.9,68.7,40.0,992.0,27.2,72,9.6,979.9
2026-05-11 20:00:00,201.6,100.4,68.5,34.0,841.0,26.8,69,9.2,979.7
2026-05-11 21:00:00,184.9,98.0,64.4,33.0,723.0,26.3,69,8.8,979.7
2026-05-11 22:00:00,163.9,93.1,53.5,37.0,652.0,25.6,72,5.2,979.3
2026-05-11 23:00:00,148.1,88.5,38.6,46.0,614.0,24.9,78,3.1,979.4
2026-05-12 00:00:00,119.7,78.7,26.9,61.0,653.0,24.9,71,7.3,979.8
2026-05-12 01:00:00,115.5,79.6,26.5,78.0,861.0,25.5,68,7.2,980.0
2026-05-12 02:00:00,114.6,79.2,25.8,102.0,1147.0,27.1,65,5.6,980.4
2026-05-12 03:00:00,105.5,68.7,23.2,125.0,1281.0,29.9,54,5.1,981.1
2026-05-12 04:00:00,80.3,52.7,17.1,144.0,1109.0,32.3,43,6.7,981.5
2026-05-12 05:00:00,82.9,46.6,9.2,162.0,786.0,34.3,36,7.1,981.4
2026-05-12 06:00:00,95.7,46.7,3.5,174.0,542.0,35.6,33,5.6,981.3
2026-05-12 07:00:00,97.6,44.8,1.9,176.0,475.0,36.3,31,3.9,980.4
2026-05-12 08:00:00,112.9,46.3,2.4,172.0,488.0,36.9,29,4.6,979.7
2026-05-12 09:00:00,125.3,48.2,3.5,168.0,523.0,36.7,28,6.6,978.9
2026-05-12 10:00:00,141.1,49.9,4.3,168.0,560.0,36.7,27,7.7,978.1
2026-05-12 11:00:00,132.2,50.5,5.6,167.0,619.0,36.8,26,7.3,977.4
2026-05-12 12:00:00,130.4,51.0,8.2,161.0,696.0,37.5,23,10.8,976.5
2026-05-12 13:00:00,132.7,52.2,13.6,144.0,812.0,36.3,26,11.6,976.5
2026-05-12 14:00:00,112.9,54.8,20.4,122.0,946.0,34.3,30,12.6,976.9
2026-05-12 15:00:00,103.1,55.4,25.1,104.0,1035.0,33.1,31,7.3,977.3
2026-05-12 16:00:00,104.3,56.2,25.7,96.0,1045.0,31.7,35,7.2,978.0
2026-05-12 17:00:00,109.2,58.8,24.2,93.0,1009.0,30.5,39,6.3,978.2
2026-05-12 18:00:00,111.3,61.2,23.0,90.0,962.0,31.0,44,6.6,978.0
2026-05-12 19:00:00,111.5,63.3,23.1,85.0,909.0,30.1,48,7.2,977.7
2026-05-12 20:00:00,112.2,64.7,23.5,79.0,844.0,29.4,52,5.9,977.5
2026-05-12 21:00:00,117.6,67.8,24.2,73.0,783.0,28.8,54,5.5,977.2
2026-05-12 22:00:00,123.9,73.3,25.3,65.0,702.0,28.0,58,4.3,977.1
2026-05-12 23:00:00,119.7,75.0,26.5,57.0,624.0,27.4,60,2.7,977.6
2026-05-13 00:00:00,57.7,56.5,26.1,41.0,637.0,28.0,58,5.8,978.0
2026-05-13 01:00:00,62.9,57.6,27.3,48.0,856.0,27.7,60,8.5,978.3
2026-05-13 02:00:00,67.3,58.7,28.7,59.0,1166.0,29.1,58,6.3,979.1
2026-05-13 03:00:00,80.6,54.9,27.5,79.0,1309.0,31.2,54,7.6,979.5
2026-05-13 04:00:00,131.8,57.3,21.2,115.0,1115.0,33.7,47,8.6,979.6
2026-05-13 05:00:00,199.3,67.8,12.3,160.0,755.0,36.0,34,8.2,979.6
2026-05-13 06:00:00,244.0,78.9,5.7,192.0,484.0,37.3,24,5.7,979.6
2026-05-13 07:00:00,257.0,82.7,3.3,199.0,416.0,37.7,22,3.4,978.7
2026-05-13 08:00:00,240.3,78.2,3.2,193.0,437.0,38.3,19,5.9,977.8
2026-05-13 09:00:00,227.7,74.3,3.9,187.0,467.0,38.2,20,7.2,976.9
2026-05-13 10:00:00,224.4,72.6,3.8,187.0,463.0,38.0,19,9.7,976.6
2026-05-13 11:00:00,214.2,71.2,4.6,187.0,467.0,37.8,19,9.5,976.2
2026-05-13 12:00:00,179.3,64.7,8.6,169.0,524.0,38.0,18,8.6,974.7
2026-05-13 13:00:00,131.8,64.5,19.0,142.0,669.0,36.3,21,11.5,974.9
2026-05-13 14:00:00,115.7,67.3,33.0,104.0,867.0,34.5,25,9.7,975.5
2026-05-13 15:00:00,97.6,63.1,41.0,78.0,1063.0,32.1,34,9.9,976.0
2026-05-13 16:00:00,82.2,55.2,36.9,76.0,1248.0,31.0,38,11.6,976.6
2026-05-13 17:00:00,74.3,49.1,26.9,85.0,1430.0,29.5,41,10.6,977.2
2026-05-13 18:00:00,71.0,45.8,20.0,90.0,1575.0,27.3,52,10.1,977.4
2026-05-13 19:00:00,69.2,43.9,20.7,85.0,1714.0,26.6,54,7.1,977.0
2026-05-13 20:00:00,71.0,44.2,24.6,75.0,1817.0,26.3,53,7.9,976.3
2026-05-13 21:00:00,75.9,47.3,27.6,67.0,1757.0,25.8,54,6.6,975.8
2026-05-13 22:00:00,79.9,51.6,27.9,60.0,1369.0,25.1,56,6.2,975.6
2026-05-13 23:00:00,70.3,49.0,27.2,53.0,819.0,24.5,58,5.5,975.7
2026-05-14 00:00:00,103.1,51.0,23.5,48.0,476.0,23.7,62,8.4,976.2
2026-05-14 01:00:00,86.8,50.1,24.2,55.0,565.0,23.5,66,7.3,977.1
2026-05-14 02:00:00,81.3,50.6,25.0,66.0,860.0,25.1,62,5.5,977.4
2026-05-14 03:00:00,83.6,48.0,23.9,85.0,1056.0,27.9,52,4.2,977.8
2026-05-14 04:00:00,74.3,43.1,19.3,119.0,1015.0,30.7,42,2.3,978.4
2026-05-14 05:00:00,69.8,42.4,12.8,161.0,875.0,33.3,33,1.5,978.8
2026-05-14 06:00:00,77.1,44.6,7.8,192.0,742.0,35.1,28,1.2,979.0
2026-05-14 07:00:00,83.6,46.2,5.4,205.0,646.0,37.1,25,3.4,978.7
2026-05-14 08:00:00,80.3,43.7,4.5,209.0,557.0,37.6,24,7.7,978.1
2026-05-14 09:00:00,73.8,39.9,4.6,207.0,490.0,38.1,23,7.4,976.8
2026-05-14 10:00:00,75.7,38.8,4.3,204.0,416.0,38.2,21,7.0,976.1
2026-05-14 11:00:00,79.9,39.2,5.1,196.0,364.0,36.9,21,10.5,976.0
2026-05-14 12:00:00,83.4,41.1,12.4,152.0,431.0,37.4,18,3.1,974.9
2026-05-14 13:00:00,83.6,54.9,35.6,116.0,717.0,36.4,21,9.1,974.9
2026-05-14 14:00:00,99.4,67.5,67.1,67.0,1123.0,34.7,25,9.5,975.6
2026-05-14 15:00:00,106.2,74.0,87.9,30.0,1447.0,32.6,30,15.1,976.9
2026-05-14 16:00:00,98.7,71.9,87.8,20.0,1636.0,30.9,36,19.1,979.1
2026-05-14 17:00:00,94.1,69.2,76.8,22.0,1744.0,26.9,59,8.5,978.3
2026-05-14 18:00:00,91.7,68.2,66.3,25.0,1729.0,26.3,59,8.0,977.1
2026-05-14 19:00:00,88.9,67.3,59.7,24.0,1514.0,26.6,53,11.7,976.6
2026-05-14 20:00:00,86.4,66.8,53.4,23.0,1176.0,25.6,54,10.9,976.2
2026-05-14 21:00:00,83.4,66.1,48.1,23.0,902.0,25.3,57,0.9,976.6
2026-05-14 22:00:00,80.8,65.0,44.1,21.0,756.0,24.8,61,0.5,976.1
2026-05-14 23:00:00,78.5,63.8,41.1,19.0,674.0,24.5,61,3.2,976.8
2026-05-15 00:00:00,80.3,56.7,26.3,49.0,649.0,25.4,58,2.5,977.4
2026-05-15 01:00:00,74.7,56.7,25.3,57.0,724.0,25.6,58,3.0,978.2
2026-05-15 02:00:00,76.1,56.8,23.7,70.0,857.0,26.8,54,3.6,979.0
2026-05-15 03:00:00,77.3,53.0,21.2,88.0,912.0,28.7,50,5.4,979.6
2026-05-15 04:00:00,75.9,49.7,17.1,118.0,804.0,30.9,44,5.6,979.9
2026-05-15 05:00:00,76.1,48.3,12.2,153.0,618.0,32.8,38,4.3,980.2
2026-05-15 06:00:00,81.7,46.6,8.2,178.0,472.0,33.4,35,8.6,981.2
2026-05-15 07:00:00,83.4,43.9,5.8,185.0,410.0,33.8,33,11.5,980.5
2026-05-15 08:00:00,78.9,37.4,4.4,181.0,388.0,35.0,29,10.6,979.7
2026-05-15 09:00:00,75.4,34.1,4.2,174.0,386.0,35.4,27,9.6,978.6
2026-05-15 10:00:00,72.6,32.1,4.4,166.0,404.0,35.6,27,9.7,978.0
2026-05-15 11:00:00,68.0,32.1,5.8,154.0,443.0,35.5,26,9.2,977.4
2026-05-15 12:00:00,73.6,36.1,7.8,157.0,483.0,35.5,25,6.6,976.7
2026-05-15 13:00:00,64.0,41.0,30.9,121.0,498.0,34.7,27,5.1,976.8
2026-05-15 14:00:00,75.2,53.3,62.2,73.0,513.0,33.4,30,3.3,977.1
2026-05-15 15:00:00,82.4,62.9,82.0,38.0,592.0,32.7,32,4.9,977.5
2026-05-15 16:00:00,75.4,60.5,79.2,32.0,821.0,32.4,33,9.1,978.5
2026-05-15 17:00:00,61.9,52.0,64.8,40.0,1113.0,31.5,36,8.5,978.7
2026-05-15 18:00:00,53.7,46.3,51.9,47.0,1265.0,30.6,42,8.7,978.8
2026-05-15 19:00:00,48.0,41.9,44.7,48.0,1149.0,29.5,45,7.7,978.2
2026-05-15 20:00:00,44.0,38.6,39.0,48.0,895.0,28.5,49,7.9,977.7
2026-05-15 21:00:00,40.5,35.6,34.9,47.0,686.0,27.7,51,6.3,977.1
2026-05-15 22:00:00,38.1,33.4,32.8,44.0,575.0,27.1,52,6.2,977.1
2026-05-15 23:00:00,37.4,32.6,32.3,41.0,511.0,26.4,55,4.9,977.2
2026-05-16 00:00:00,43.3,30.3,26.5,56.0,523.0,26.7,54,6.7,977.4
2026-05-16 01:00:00,45.6,31.5,26.5,59.0,688.0,26.3,58,6.8,977.9
2026-05-16 02:00:00,47.1,33.3,26.3,65.0,929.0,27.4,55,5.4,978.7
2026-05-16 03:00:00,52.0,32.9,24.3,79.0,1047.0,29.4,49,5.7,979.5
2026-05-16 04:00:00,48.7,29.8,19.0,112.0,916.0,31.9,40,7.2,980.2
2026-05-16 05:00:00,42.1,27.2,12.0,153.0,662.0,34.0,33,3.9,980.1
2026-05-16 06:00:00,37.0,24.2,6.6,182.0,467.0,35.8,27,2.6,980.2
2026-05-16 07:00:00,44.0,23.2,4.2,187.0,408.0,36.8,25,5.3,980.1
2026-05-16 08:00:00,53.1,23.2,3.4,180.0,407.0,37.5,24,7.4,979.5
2026-05-16 09:00:00,60.5,24.2,3.4,172.0,417.0,37.9,22,9.7,978.9
2026-05-16 10:00:00,65.7,25.5,1.5,169.0,384.0,37.9,21,10.6,978.2
2026-05-16 11:00:00,69.4,26.8,0.4,164.0,361.0,37.5,21,10.5,977.6
2026-05-16 12:00:00,68.7,25.8,6.7,147.0,462.0,37.5,20,11.5,977.3
2026-05-16 13:00:00,57.6,28.6,27.3,114.0,818.0,36.8,21,9.2,977.3
2026-05-16 14:00:00,68.5,39.9,55.6,69.0,1297.0,35.3,23,7.0,977.7
2026-05-16 15:00:00,79.9,50.8,76.6,34.0,1620.0,34.5,25,5.7,978.0
2026-05-16 16:00:00,84.8,56.1,84.1,19.0,1653.0,33.5,29,4.6,978.6
2026-05-16 17:00:00,86.6,58.8,84.2,15.0,1529.0,32.4,33,4.5,978.7
2026-05-16 18:00:00,88.0,60.5,80.6,14.0,1368.0,32.1,41,4.0,978.5
2026-05-16 19:00:00,85.4,58.7,72.3,17.0,1180.0,30.4,46,5.2,978.3
2026-05-16 20:00:00,80.1,54.6,60.2,24.0,954.0,29.4,50,6.2,978.2
2026-05-16 21:00:00,76.6,51.6,50.9,29.0,776.0,28.8,50,7.7,978.1
2026-05-16 22:00:00,75.4,50.3,47.8,25.0,668.0,28.3,49,7.9,977.8
2026-05-16 23:00:00,73.6,49.5,47.5,20.0,609.0,27.4,50,6.5,977.6
2026-05-17 00:00:00,69.6,43.1,36.3,38.0,617.0,28.3,52,7.4,978.0
2026-05-17 01:00:00,76.1,46.6,33.0,53.0,764.0,27.6,60,3.5,977.9
2026-05-17 02:00:00,68.9,45.4,28.1,75.0,979.0,28.8,57,1.8,978.5
2026-05-17 03:00:00,76.1,40.7,22.6,98.0,1071.0,30.9,49,1.3,978.8
2026-05-17 04:00:00,75.0,36.4,15.9,124.0,915.0,33.3,41,2.6,979.3
2026-05-17 05:00:00,62.4,29.2,8.7,150.0,637.0,35.4,34,3.3,979.3
2026-05-17 06:00:00,49.4,21.9,3.4,168.0,420.0,37.6,24,7.9,979.5
2026-05-17 07:00:00,48.7,20.7,1.6,170.0,340.0,38.4,22,10.1,978.9
2026-05-17 08:00:00,48.8,20.7,1.8,163.0,321.0,39.1,20,12.9,978.4
2026-05-17 09:00:00,47.7,20.7,2.4,157.0,320.0,39.5,20,13.1,977.6
2026-05-17 10:00:00,45.8,20.5,1.7,157.0,320.0,39.5,20,13.8,976.9
2026-05-17 11:00:00,43.8,20.3,1.3,158.0,337.0,39.1,20,13.8,976.4
2026-05-17 12:00:00,40.4,18.9,4.5,150.0,377.0,38.7,20,13.1,976.3
2026-05-17 13:00:00,35.3,20.0,13.8,127.0,461.0,37.6,22,12.3,975.9
2026-05-17 14:00:00,38.1,25.8,26.5,96.0,569.0,36.0,27,9.0,976.0
2026-05-17 15:00:00,43.1,31.2,35.4,72.0,645.0,34.8,31,8.8,975.9
2026-05-17 16:00:00,46.3,34.3,37.1,63.0,662.0,33.7,35,7.4,976.2
2026-05-17 17:00:00,47.0,35.3,35.1,62.0,646.0,32.9,37,6.4,976.5
2026-05-17 18:00:00,45.6,34.1,32.0,63.0,626.0,32.8,39,6.8,976.2
2026-05-17 19:00:00,43.2,31.8,28.0,65.0,601.0,31.8,42,7.9,975.4
2026-05-17 20:00:00,41.3,30.2,23.0,69.0,572.0,31.2,43,8.4,975.0
2026-05-17 21:00:00,40.0,29.2,19.5,71.0,561.0,30.5,44,8.5,974.4
2026-05-17 22:00:00,39.1,28.9,18.7,67.0,570.0,30.0,45,8.8,974.3
2026-05-17 23:00:00,38.8,28.8,19.5,62.0,598.0,29.5,46,8.5,974.3
2026-05-18 00:00:00,41.6,29.7,22.5,55.0,667.0,29.3,49,7.1,974.4
2026-05-18 01:00:00,42.3,30.6,24.1,61.0,843.0,29.1,51,7.1,974.5
2026-05-18 02:00:00,42.7,34.0,26.0,71.0,1060.0,30.7,47,5.6,975.1
2026-05-18 03:00:00,44.9,31.9,25.3,87.0,1147.0,33.2,41,2.2,975.9
2026-05-18 04:00:00,41.6,27.8,19.6,116.0,977.0,35.9,34,3.1,976.3
2026-05-18 05:00:00,34.8,22.3,11.3,151.0,675.0,38.4,26,3.7,976.6
2026-05-18 06:00:00,31.1,18.5,5.1,176.0,451.0,40.0,23,7.2,976.5
2026-05-18 07:00:00,33.4,18.2,3.1,184.0,396.0,40.9,23,7.8,976.2
2026-05-18 08:00:00,39.5,19.0,3.1,182.0,418.0,41.7,23,6.7,975.8
2026-05-18 09:00:00,48.2,20.8,3.7,177.0,445.0,42.3,22,5.6,975.0
2026-05-18 10:00:00,58.8,23.2,3.2,174.0,415.0,42.6,21,6.2,974.6
2026-05-18 11:00:00,66.4,25.4,3.2,168.0,389.0,42.5,20,7.9,974.4
2026-05-18 12:00:00,56.9,22.0,7.1,147.0,485.0,41.8,22,12.1,974.1
2026-05-18 13:00:00,46.3,24.2,18.9,124.0,837.0,40.8,24,11.4,974.2
2026-05-18 14:00:00,49.4,31.4,35.1,93.0,1310.0,39.6,25,7.5,974.0
2026-05-18 15:00:00,49.9,34.6,47.1,69.0,1612.0,38.4,29,8.3,974.2
2026-05-18 16:00:00,50.3,35.4,50.5,60.0,1590.0,36.8,32,5.9,974.5
2026-05-18 17:00:00,52.4,37.4,49.7,58.0,1398.0,36.0,34,5.4,974.6
2026-05-18 18:00:00,55.1,39.1,49.0,56.0,1204.0,35.6,36,3.5,974.3
2026-05-18 19:00:00,57.3,39.7,49.5,53.0,1055.0,34.9,35,2.4,973.9
2026-05-18 20:00:00,61.0,41.4,50.0,51.0,904.0,33.9,38,1.2,973.6
2026-05-18 21:00:00,65.7,44.5,51.3,47.0,783.0,32.8,40,1.3,973.5
2026-05-18 22:00:00,74.0,51.8,55.0,37.0,685.0,31.4,43,1.0,973.6
2026-05-18 23:00:00,80.3,58.3,59.4,25.0,617.0,30.0,50,2.4,974.0
2026-05-19 00:00:00,69.8,53.8,54.2,22.0,633.0,30.1,50,1.5,975.0
2026-05-19 01:00:00,66.6,53.8,49.8,39.0,832.0,29.6,50,4.8,975.7
2026-05-19 02:00:00,63.1,52.6,43.3,64.0,1114.0,31.7,43,4.8,976.5
2026-05-19 03:00:00,68.9,47.5,35.8,93.0,1237.0,34.6,33,5.0,977.5
2026-05-19 04:00:00,72.4,41.6,26.5,130.0,1039.0,36.8,25,5.1,977.8
2026-05-19 05:00:00,59.6,34.2,16.2,170.0,681.0,38.8,21,5.4,978.0
2026-05-19 06:00:00,48.1,27.4,8.4,196.0,407.0,40.9,15,9.1,978.3
2026-05-19 07:00:00,75.9,29.6,4.9,196.0,318.0,41.8,13,10.1,977.8
2026-05-19 08:00:00,101.3,29.8,4.0,182.0,312.0,42.5,11,10.0,977.1
2026-05-19 09:00:00,86.4,25.8,3.9,168.0,325.0,42.8,9,11.0,976.3
2026-05-19 10:00:00,68.5,22.0,2.1,162.0,311.0,42.4,10,11.3,975.7
2026-05-19 11:00:00,53.3,18.9,1.1,157.0,315.0,41.8,10,11.2,975.1
2026-05-19 12:00:00,19.9,10.6,7.3,135.0,408.0,41.8,10,12.2,974.7
2026-05-19 13:00:00,19.4,14.5,27.1,106.0,668.0,40.6,11,11.8,974.6
2026-05-19 14:00:00,30.9,26.9,54.4,67.0,1018.0,38.6,17,9.1,974.7
2026-05-19 15:00:00,36.4,33.4,74.0,37.0,1297.0,36.6,21,5.0,975.0
2026-05-19 16:00:00,37.3,34.0,78.6,28.0,1425.0,34.6,24,4.8,975.5
2026-05-19 17:00:00,40.2,36.1,75.6,28.0,1482.0,33.9,27,4.6,976.0
2026-05-19 18:00:00,47.8,42.6,72.3,28.0,1554.0,34.0,34,0.9,975.8
2026-05-19 19:00:00,57.2,50.3,71.1,23.0,1728.0,33.1,31,0.8,975.4
2026-05-19 20:00:00,62.4,53.9,69.6,17.0,1917.0,30.9,33,4.3,974.9
2026-05-19 21:00:00,66.4,55.2,67.6,12.0,1939.0,29.3,37,4.6,974.5
2026-05-19 22:00:00,70.5,56.3,65.5,7.0,1611.0,28.2,40,4.8,974.5
2026-05-19 23:00:00,74.7,57.7,62.9,4.0,1118.0,27.4,43,4.4,974.7
2026-05-20 00:00:00,73.1,54.7,47.3,20.0,827.0,28.5,43,5.1,974.6
2026-05-20 01:00:00,75.2,54.5,44.9,37.0,1000.0,28.1,45,6.5,975.0
2026-05-20 02:00:00,73.6,56.9,41.2,62.0,1377.0,30.0,42,5.0,975.6
2026-05-20 03:00:00,83.4,57.7,35.8,93.0,1544.0,33.0,36,2.9,976.3
2026-05-20 04:00:00,85.0,53.0,27.3,139.0,1252.0,36.9,28,1.8,976.7
2026-05-20 05:00:00,75.7,44.2,17.1,191.0,749.0,40.2,17,3.6,976.6
2026-05-20 06:00:00,82.9,40.9,9.3,225.0,372.0,41.8,13,7.6,976.7
2026-05-20 07:00:00,89.4,35.3,5.6,226.0,268.0,42.6,12,8.7,976.3
2026-05-20 08:00:00,80.8,31.5,4.4,209.0,290.0,43.0,12,9.5,975.4
2026-05-20 09:00:00,78.7,30.4,4.1,192.0,325.0,43.1,12,10.5,974.5
2026-05-20 10:00:00,78.0,29.8,3.2,185.0,317.0,42.8,13,9.8,973.9
2026-05-20 11:00:00,76.4,29.3,3.4,178.0,322.0,42.2,14,10.8,973.6
2026-05-20 12:00:00,51.2,18.5,8.2,143.0,403.0,42.4,13,10.0,972.8
2026-05-20 13:00:00,43.0,21.1,22.0,115.0,655.0,41.2,15,9.9,972.9
2026-05-20 14:00:00,44.0,26.8,40.7,77.0,982.0,40.1,18,8.3,973.3
2026-05-20 15:00:00,43.9,30.2,52.8,51.0,1157.0,39.1,20,7.1,974.2
2026-05-20 16:00:00,43.9,31.4,52.0,47.0,1037.0,37.9,22,5.2,974.8
2026-05-20 17:00:00,44.7,31.8,44.5,55.0,766.0,36.7,26,3.8,975.0
2026-05-20 18:00:00,45.1,31.2,37.4,62.0,547.0,36.5,29,4.8,974.4
2026-05-20 19:00:00,44.1,29.8,32.5,66.0,462.0,35.2,32,8.0,974.4
2026-05-20 20:00:00,43.0,28.8,28.1,70.0,428.0,33.6,34,10.4,974.4
2026-05-20 21:00:00,42.7,28.6,25.8,70.0,406.0,32.7,30,8.6,974.1
2026-05-20 22:00:00,44.8,29.8,27.6,61.0,375.0,31.6,30,12.0,974.5
2026-05-20 23:00:00,47.6,32.1,31.5,48.0,354.0,29.7,33,16.0,975.4
2026-05-21 00:00:00,37.1,24.9,19.8,62.0,362.0,31.6,31,15.7,975.8
2026-05-21 01:00:00,39.7,25.5,20.9,67.0,432.0,31.2,30,14.8,976.2
2026-05-21 02:00:00,42.8,28.0,22.1,75.0,530.0,32.0,31,10.8,976.6
2026-05-21 03:00:00,48.9,29.0,21.3,88.0,574.0,33.8,25,13.5,977.9
2026-05-21 04:00:00,49.2,26.3,16.3,112.0,507.0,35.8,23,11.4,977.9
2026-05-21 05:00:00,47.5,23.4,9.2,141.0,386.0,38.4,20,11.4,978.0
2026-05-21 06:00:00,53.6,23.9,4.0,159.0,294.0,39.0,18,17.8,978.6
2026-05-21 07:00:00,54.0,23.5,2.4,156.0,268.0,39.7,18,15.4,978.0
2026-05-21 08:00:00,49.5,21.4,2.8,142.0,271.0,40.5,17,13.1,977.5
2026-05-21 09:00:00,44.6,19.2,3.5,130.0,282.0,41.3,15,13.9,976.7
2026-05-21 10:00:00,43.5,18.5,2.2,127.0,293.0,40.4,16,13.7,975.9
2026-05-21 11:00:00,46.6,18.6,1.2,126.0,310.0,40.7,15,11.1,975.8
2026-05-21 12:00:00,47.5,19.0,6.9,118.0,334.0,41.6,12,7.6,974.9
2026-05-21 13:00:00,48.1,25.4,24.5,92.0,368.0,40.5,13,9.2,975.0
2026-05-21 14:00:00,56.1,34.7,48.1,57.0,407.0,38.8,15,8.3,975.4
2026-05-21 15:00:00,54.7,34.6,60.4,37.0,440.0,37.8,16,7.0,976.0
2026-05-21 16:00:00,49.7,28.2,50.1,47.0,468.0,36.7,20,12.5,976.9
2026-05-21 17:00:00,48.3,25.6,28.6,72.0,489.0,35.5,22,12.4,977.3
2026-05-21 18:00:00,47.1,25.3,12.2,91.0,483.0,34.0,30,17.2,977.7
2026-05-21 19:00:00,46.8,25.4,8.1,96.0,429.0,32.0,38,21.2,978.2
2026-05-21 20:00:00,48.2,25.9,9.2,95.0,349.0,29.6,41,18.9,979.0
2026-05-21 21:00:00,51.7,26.9,10.7,92.0,289.0,28.2,46,12.6,978.5
2026-05-21 22:00:00,56.7,28.3,11.0,88.0,257.0,28.0,48,14.0,978.9
2026-05-21 23:00:00,61.5,29.7,11.8,83.0,245.0,27.9,47,12.8,978.8
2026-05-22 00:00:00,65.7,29.0,14.2,73.0,273.0,27.8,51,9.2,979.7
2026-05-22 01:00:00,54.7,26.7,15.7,75.0,383.0,28.0,50,8.9,979.3
2026-05-22 02:00:00,55.4,26.1,17.6,78.0,533.0,29.0,47,10.3,979.9
2026-05-22 03:00:00,59.6,27.1,17.6,86.0,612.0,31.0,43,7.7,980.9
2026-05-22 04:00:00,68.7,28.2,13.9,105.0,548.0,34.2,32,8.4,981.1
2026-05-22 05:00:00,71.2,28.1,8.4,130.0,414.0,36.6,25,8.1,981.6
2026-05-22 06:00:00,70.5,26.1,4.2,148.0,314.0,37.8,20,8.8,981.7
2026-05-22 07:00:00,81.5,26.6,2.8,154.0,294.0,38.9,19,4.8,981.3
2026-05-22 08:00:00,96.2,28.9,2.8,154.0,309.0,39.4,18,3.6,980.9
2026-05-22 09:00:00,102.0,30.3,3.3,153.0,327.0,39.4,19,4.0,979.7
2026-05-22 10:00:00,104.1,31.2,2.4,156.0,311.0,39.3,19,5.2,979.3
2026-05-22 11:00:00,103.6,31.7,2.1,157.0,297.0,38.8,19,6.3,979.3
2026-05-22 12:00:00,64.3,24.2,6.5,149.0,363.0,38.6,18,7.3,978.7
2026-05-22 13:00:00,69.4,26.3,18.4,126.0,555.0,38.0,19,5.7,978.5
2026-05-22 14:00:00,59.6,30.7,34.9,95.0,827.0,36.3,27,1.9,978.9
2026-05-22 15:00:00,61.0,36.2,48.8,68.0,1116.0,35.5,31,0.6,979.2
2026-05-22 16:00:00,60.8,39.0,58.0,51.0,1475.0,35.0,32,0.2,979.6
2026-05-22 17:00:00,64.7,43.7,64.5,39.0,1851.0,34.2,30,1.9,979.6
2026-05-22 18:00:00,67.1,46.3,66.7,31.0,2022.0,33.9,30,6.7,979.1
2026-05-22 19:00:00,63.3,43.4,61.6,30.0,1835.0,32.4,32,6.9,978.8
2026-05-22 20:00:00,60.8,40.9,52.3,33.0,1444.0,31.4,35,7.2,978.8
2026-05-22 21:00:00,61.0,41.0,46.4,33.0,1087.0,30.7,36,6.8,978.5
2026-05-22 22:00:00,63.6,42.7,49.1,24.0,814.0,30.2,38,5.2,978.4
2026-05-22 23:00:00,69.6,46.9,55.1,12.0,576.0,30.1,38,10.4,979.6
2026-05-23 00:00:00,64.7,43.4,40.3,29.0,464.0,29.6,46,4.1,979.1
2026-05-23 01:00:00,71.9,47.7,36.9,47.0,587.0,29.4,47,6.5,979.4
2026-05-23 02:00:00,78.9,50.8,32.0,73.0,836.0,30.7,45,4.6,979.7
2026-05-23 03:00:00,93.1,48.4,26.3,100.0,977.0,33.8,35,2.2,980.1
2026-05-23 04:00:00,98.0,45.9,19.1,131.0,886.0,36.0,28,4.0,981.0
2026-05-23 05:00:00,99.7,41.9,11.1,163.0,687.0,36.6,29,5.9,981.0
2026-05-23 06:00:00,102.4,38.3,5.2,184.0,517.0,38.6,19,2.2,981.0
2026-05-23 07:00:00,96.2,35.2,2.9,186.0,425.0,39.9,15,2.9,980.4
2026-05-23 08:00:00,89.2,32.7,2.7,176.0,362.0,40.4,15,3.8,979.8
2026-05-23 09:00:00,80.3,29.7,3.1,167.0,324.0,40.6,15,7.9,978.9
2026-05-23 10:00:00,72.6,27.5,3.2,162.0,309.0,40.3,16,13.5,978.4
2026-05-23 11:00:00,66.1,25.8,3.8,158.0,317.0,39.5,17,15.0,978.2
2026-05-23 12:00:00,60.8,23.5,6.1,154.0,347.0,40.0,12,10.0,977.7
2026-05-23 13:00:00,49.6,23.7,14.8,134.0,394.0,39.0,14,7.8,978.0
2026-05-23 14:00:00,47.0,27.4,27.0,105.0,461.0,37.4,17,8.0,978.2
2026-05-23 15:00:00,48.2,29.9,36.8,81.0,559.0,35.7,22,5.1,978.0
2026-05-23 16:00:00,47.1,29.6,42.5,65.0,736.0,34.1,25,3.6,978.3
2026-05-23 17:00:00,48.7,31.8,45.8,53.0,943.0,33.2,27,3.7,978.4
2026-05-23 18:00:00,52.5,36.1,46.3,45.0,1044.0,34.1,27,5.6,978.5
2026-05-23 19:00:00,52.9,37.3,42.7,44.0,941.0,32.9,30,6.7,977.9
2026-05-23 20:00:00,49.1,35.0,36.4,47.0,732.0,31.7,33,4.3,977.6
2026-05-23 21:00:00,45.5,32.2,30.9,50.0,572.0,30.6,35,8.1,977.5
2026-05-23 22:00:00,43.1,30.5,27.7,49.0,530.0,30.3,34,7.5,977.1
2026-05-23 23:00:00,41.4,29.3,25.4,48.0,537.0,29.7,34,7.6,977.3
2026-05-24 00:00:00,46.2,27.0,12.9,89.0,540.0,29.9,40,5.5,977.7
2026-05-24 01:00:00,45.1,27.2,14.4,91.0,524.0,29.3,41,8.0,978.0
2026-05-24 02:00:00,44.7,29.1,16.4,95.0,503.0,30.8,38,7.9,978.6
2026-05-24 03:00:00,50.4,29.2,16.4,102.0,466.0,31.9,34,13.3,980.0
2026-05-24 04:00:00,53.4,27.6,12.7,117.0,396.0,35.3,26,4.0,979.6
2026-05-24 05:00:00,55.1,24.5,7.2,135.0,311.0,37.5,20,9.3,979.6
2026-05-24 06:00:00,59.1,22.5,3.0,149.0,249.0,38.3,19,9.0,980.2
2026-05-24 07:00:00,59.4,21.7,1.7,153.0,229.0,39.5,16,8.4,979.9
2026-05-24 08:00:00,60.3,21.8,1.8,152.0,233.0,39.2,19,15.6,979.2
2026-05-24 09:00:00,61.2,22.3,2.3,151.0,245.0,38.6,20,15.2,978.2
2026-05-24 10:00:00,62.9,23.2,0.5,155.0,259.0,38.9,19,11.4,977.8
2026-05-24 11:00:00,65.2,24.3,0.0,159.0,280.0,38.9,19,9.8,977.0
2026-05-24 12:00:00,46.9,19.4,4.8,139.0,309.0,37.7,19,10.5,977.0
2026-05-24 13:00:00,42.3,22.2,13.6,119.0,349.0,36.8,20,10.2,977.1
2026-05-24 14:00:00,45.9,28.9,25.5,91.0,397.0,35.6,22,9.6,977.1
2026-05-24 15:00:00,45.9,29.7,33.7,69.0,438.0,34.3,25,11.2,977.3
2026-05-24 16:00:00,46.7,29.6,34.3,60.0,474.0,33.1,27,9.4,977.5
2026-05-24 17:00:00,48.3,31.1,31.0,56.0,504.0,32.3,29,7.2,977.9
2026-05-24 18:00:00,49.7,33.1,28.4,53.0,509.0,32.5,31,3.7,977.6
2026-05-24 19:00:00,49.8,34.2,27.8,48.0,466.0,31.5,33,3.7,977.2
2026-05-24 20:00:00,49.5,34.8,27.8,43.0,398.0,31.0,33,4.8,976.4
2026-05-24 21:00:00,49.6,34.7,28.3,39.0,355.0,30.7,33,9.0,975.7
2026-05-24 22:00:00,51.0,34.8,29.7,35.0,353.0,30.2,34,7.5,975.9
2026-05-24 23:00:00,54.5,36.2,31.5,31.0,375.0,29.5,42,0.7,976.2
2026-05-25 00:00:00,67.5,43.2,37.0,34.0,422.0,30.0,39,4.1,976.8
2026-05-25 01:00:00,65.4,42.6,34.4,50.0,527.0,30.0,38,8.1,977.5
2026-05-25 02:00:00,63.3,42.3,30.4,74.0,656.0,31.6,35,9.6,977.9
2026-05-25 03:00:00,65.7,38.9,25.4,97.0,711.0,33.6,31,7.9,978.2
2026-05-25 04:00:00,63.3,32.5,18.2,121.0,620.0,35.3,26,6.0,978.4
2026-05-25 05:00:00,59.8,27.8,9.8,145.0,453.0,37.3,22,5.5,978.4
2026-05-25 06:00:00,53.7,23.7,3.8,162.0,325.0,39.4,15,9.7,978.7
2026-05-25 07:00:00,47.8,21.0,2.0,168.0,283.0,39.9,14,9.3,978.2
2026-05-25 08:00:00,44.8,19.6,2.5,168.0,279.0,40.6,13,8.3,977.4
2026-05-25 09:00:00,43.3,19.0,3.5,167.0,285.0,40.8,14,8.3,976.6
2026-05-25 10:00:00,42.0,18.6,3.1,169.0,280.0,40.8,14,11.0,976.2
2026-05-25 11:00:00,41.4,18.7,3.0,171.0,285.0,40.1,14,15.0,975.8
2026-05-25 12:00:00,35.6,18.0,6.3,158.0,329.0,40.8,10,14.4,975.3
2026-05-25 13:00:00,35.2,21.4,15.6,138.0,437.0,39.3,13,14.5,975.6
2026-05-25 14:00:00,38.2,27.3,28.2,109.0,583.0,37.5,17,11.7,976.3
2026-05-25 15:00:00,38.9,28.9,36.5,88.0,724.0,36.0,19,10.0,977.0
2026-05-25 16:00:00,36.6,27.2,36.3,81.0,875.0,34.5,22,9.8,977.2
2026-05-25 17:00:00,35.0,26.0,31.8,82.0,1021.0,33.4,22,8.7,977.5
2026-05-25 18:00:00,34.3,25.6,28.1,80.0,1067.0,33.2,25,5.1,977.0
2026-05-25 19:00:00,34.0,26.5,27.0,72.0,923.0,31.5,28,4.3,976.7
2026-05-25 20:00:00,34.1,28.1,26.8,62.0,679.0,30.9,29,4.3,976.5
2026-05-25 21:00:00,34.8,29.3,27.4,53.0,512.0,30.2,28,5.9,976.7
2026-05-25 22:00:00,36.4,30.4,29.5,43.0,488.0,29.1,29,5.3,976.7
2026-05-25 23:00:00,38.6,31.9,32.5,33.0,542.0,27.8,33,4.1,976.7
2026-05-26 00:00:00,43.2,36.3,34.2,36.0,648.0,27.9,36,3.6,977.1
2026-05-26 01:00:00,49.1,41.7,33.0,56.0,871.0,27.7,38,6.7,977.5
2026-05-26 02:00:00,51.1,44.2,31.0,83.0,1147.0,29.4,36,6.4,978.1
2026-05-26 03:00:00,43.4,33.1,27.3,110.0,1261.0,32.2,31,5.6,978.6
2026-05-26 04:00:00,32.5,24.0,20.0,134.0,1062.0,35.6,23,6.4,979.2
2026-05-26 05:00:00,24.3,17.2,11.0,157.0,701.0,38.3,17,7.4,979.3
2026-05-26 06:00:00,20.7,11.1,4.4,173.0,418.0,40.2,12,9.8,979.6
2026-05-26 07:00:00,20.7,10.4,2.4,180.0,312.0,41.0,11,11.6,979.4
2026-05-26 08:00:00,19.7,10.5,2.9,181.0,284.0,41.4,10,13.0,978.7
2026-05-26 09:00:00,19.4,11.1,3.7,180.0,278.0,41.6,10,13.1,978.0
2026-05-26 10:00:00,20.6,11.9,2.1,180.0,267.0,41.3,11,13.8,977.3
2026-05-26 11:00:00,22.1,12.7,0.8,179.0,278.0,40.8,12,12.3,977.0
2026-05-26 12:00:00,26.3,15.7,6.4,158.0,341.0,41.2,11,11.1,976.7
2026-05-26 13:00:00,26.7,17.2,17.0,137.0,480.0,39.9,13,8.7,977.0
2026-05-26 14:00:00,31.4,24.4,31.7,107.0,670.0,37.8,17,5.9,977.3
2026-05-26 15:00:00,36.4,29.2,43.4,83.0,868.0,36.3,20,3.5,977.5
2026-05-26 16:00:00,38.9,31.4,49.3,72.0,1093.0,35.1,22,3.5,977.6
2026-05-26 17:00:00,40.7,33.4,52.2,68.0,1325.0,33.8,23,4.8,977.7
2026-05-26 18:00:00,42.0,34.8,54.0,63.0,1463.0,33.7,25,4.4,977.9
2026-05-26 19:00:00,42.5,35.7,55.0,56.0,1449.0,32.8,25,5.8,977.8
2026-05-26 20:00:00,43.7,37.4,54.9,48.0,1341.0,32.5,26,7.1,977.6
2026-05-26 21:00:00,43.8,38.2,54.5,42.0,1211.0,31.4,28,5.4,976.9
2026-05-26 22:00:00,43.5,38.8,54.5,34.0,1037.0,30.7,30,6.1,976.7
2026-05-26 23:00:00,43.5,39.1,54.1,27.0,841.0,30.1,31,5.7,976.7
2026-05-27 00:00:00,41.3,37.3,51.9,35.0,758.0,29.8,36,5.0,976.7
2026-05-27 01:00:00,44.2,40.0,47.3,59.0,926.0,30.2,35,6.5,977.3
2026-05-27 02:00:00,38.8,35.9,40.7,93.0,1207.0,32.0,32,4.4,977.7
2026-05-27 03:00:00,31.0,28.2,33.0,124.0,1325.0,34.7,28,4.9,978.4
2026-05-27 04:00:00,25.1,21.0,23.4,151.0,1101.0,37.8,21,6.1,978.8
2026-05-27 05:00:00,24.5,16.4,12.8,176.0,714.0,40.3,16,8.9,978.4
2026-05-27 06:00:00,29.9,14.4,5.1,191.0,420.0,41.9,13,10.3,978.8
2026-05-27 07:00:00,38.8,16.4,2.4,190.0,332.0,42.9,12,11.3,978.3
2026-05-27 08:00:00,42.4,17.6,2.7,180.0,336.0,43.2,12,10.9,977.4
2026-05-27 09:00:00,38.6,16.5,3.5,172.0,354.0,43.5,12,11.8,976.7
2026-05-27 10:00:00,36.0,16.0,2.4,174.0,304.0,43.2,12,12.8,976.1
2026-05-27 11:00:00,35.4,16.1,1.8,179.0,266.0,42.5,12,13.1,975.7
2026-05-27 12:00:00,42.4,18.7,6.9,165.0,404.0,42.3,12,14.4,975.5
2026-05-27 13:00:00,38.0,20.2,22.3,139.0,882.0,41.3,13,14.6,975.9
2026-05-27 14:00:00,44.4,29.2,44.0,103.0,1536.0,40.2,14,8.8,975.9
2026-05-27 15:00:00,55.2,39.0,64.0,71.0,2031.0,39.0,16,5.2,976.2
2026-05-27 16:00:00,65.7,47.6,81.8,48.0,2213.0,37.9,18,3.0,976.4
2026-05-27 17:00:00,78.0,58.4,97.9,30.0,2236.0,36.3,20,1.6,976.3
2026-05-27 18:00:00,88.9,68.2,105.9,19.0,2234.0,36.3,23,0.9,976.2
2026-05-27 19:00:00,89.6,68.5,100.3,19.0,2280.0,34.8,23,4.2,975.9
2026-05-27 20:00:00,82.9,62.6,86.6,27.0,2301.0,34.1,26,4.5,975.7
2026-05-27 21:00:00,78.2,59.1,75.5,31.0,2203.0,33.4,28,4.7,975.4
2026-05-27 22:00:00,75.7,59.0,71.7,23.0,1868.0,32.9,30,2.7,975.0
2026-05-27 23:00:00,73.6,59.0,70.3,13.0,1415.0,31.9,32,2.3,975.2
2026-05-28 00:00:00,97.1,75.4,98.6,8.0,1112.0,30.1,36,6.2,975.2
2026-05-28 01:00:00,92.4,71.2,85.0,39.0,1141.0,29.2,40,7.4,976.5
2026-05-28 02:00:00,82.7,67.3,65.6,83.0,1321.0,30.3,41,2.8,977.3
2026-05-28 03:00:00,69.4,52.2,47.3,121.0,1373.0,33.3,33,2.7,977.8
2026-05-28 04:00:00,56.9,39.1,31.0,150.0,1136.0,36.8,26,5.8,978.0
2026-05-28 05:00:00,50.1,31.5,15.8,174.0,772.0,39.1,23,7.9,978.0
2026-05-28 06:00:00,48.0,21.9,5.0,188.0,483.0,40.1,18,14.3,978.0
2026-05-28 07:00:00,45.4,19.4,1.3,188.0,348.0,41.7,14,13.1,977.7
2026-05-28 08:00:00,46.7,19.4,2.0,179.0,289.0,40.3,15,13.5,977.6
2026-05-28 09:00:00,49.0,20.0,3.4,169.0,273.0,40.3,15,14.7,976.7
2026-05-28 10:00:00,51.1,20.4,2.3,166.0,298.0,39.1,19,13.6,976.9
2026-05-28 11:00:00,51.6,20.3,1.7,162.0,365.0,39.3,16,13.8,976.8
2026-05-28 12:00:00,48.8,16.5,6.8,146.0,446.0,41.0,10,11.7,975.7
2026-05-28 13:00:00,39.5,18.1,14.5,126.0,543.0,38.7,13,13.4,975.6
2026-05-28 14:00:00,37.8,23.0,25.3,98.0,655.0,36.5,16,13.5,975.6
2026-05-28 15:00:00,37.7,25.7,34.2,76.0,748.0,35.4,17,9.2,976.1
2026-05-28 16:00:00,37.4,27.0,39.9,64.0,824.0,34.0,21,3.3,976.6
2026-05-28 17:00:00,40.9,30.9,43.7,58.0,883.0,33.1,25,0.8,976.8
2026-05-28 18:00:00,46.4,36.0,44.7,55.0,888.0,34.4,21,3.7,976.4
2026-05-28 19:00:00,48.2,38.4,41.4,54.0,800.0,32.9,27,1.3,975.7
2026-05-28 20:00:00,49.4,38.0,35.2,56.0,660.0,32.5,31,0.6,975.1
2026-05-28 21:00:00,107.1,48.7,29.6,60.0,551.0,30.8,27,5.0,974.9
2026-05-28 22:00:00,201.6,71.2,25.7,67.0,505.0,30.0,29,8.1,974.9
2026-05-28 23:00:00,262.6,89.6,22.4,76.0,492.0,29.3,33,5.3,975.2
2026-05-29 00:00:00,353.0,94.1,31.4,63.0,500.0,29.0,34,7.9,975.8
2026-05-29 01:00:00,372.5,106.2,27.6,76.0,548.0,28.2,40,11.9,976.7
2026-05-29 02:00:00,444.2,120.6,22.2,96.0,618.0,29.3,45,12.9,977.3
2026-05-29 03:00:00,506.6,143.9,17.0,118.0,649.0,30.8,46,11.8,978.2
2026-05-29 04:00:00,521.5,152.7,12.3,146.0,601.0,32.5,44,11.9,978.7
2026-05-29 05:00:00,478.7,143.9,7.8,176.0,513.0,34.5,40,14.1,978.8
2026-05-29 06:00:00,432.1,131.3,4.7,198.0,442.0,35.9,33,15.1,979.1
2026-05-29 07:00:00,419.1,123.4,3.6,204.0,401.0,37.4,29,13.9,978.6
2026-05-29 08:00:00,425.6,117.6,3.9,201.0,376.0,38.8,24,12.1,977.8
2026-05-29 09:00:00,412.6,109.2,4.6,198.0,381.0,39.5,21,9.7,976.8
2026-05-29 10:00:00,377.2,101.0,2.9,201.0,428.0,39.7,20,7.9,976.2
2026-05-29 11:00:00,342.7,94.8,1.6,204.0,505.0,35.3,27,22.9,977.2
2026-05-29 12:00:00,417.2,105.0,9.3,189.0,594.0,39.5,15,6.2,975.7
2026-05-29 13:00:00,355.8,98.7,17.9,164.0,719.0,36.9,22,10.9,976.5
2026-05-29 14:00:00,324.1,101.0,29.5,131.0,856.0,34.5,29,10.7,977.2
2026-05-29 15:00:00,330.6,106.4,35.8,108.0,915.0,33.3,31,13.1,977.7
2026-05-29 16:00:00,352.0,107.1,31.7,108.0,834.0,32.7,31,15.9,978.3
2026-05-29 17:00:00,363.2,106.2,22.4,119.0,676.0,31.5,35,12.4,978.6
2026-05-29 18:00:00,383.7,109.4,15.1,127.0,540.0,28.2,50,13.6,977.5
2026-05-29 19:00:00,399.5,112.9,13.0,126.0,460.0,27.3,53,12.8,977.3
2026-05-29 20:00:00,388.4,111.3,12.9,122.0,403.0,27.6,55,12.0,977.4
2026-05-29 21:00:00,357.6,103.8,12.6,118.0,365.0,28.5,57,11.4,977.7
2026-05-29 22:00:00,332.5,96.6,11.1,116.0,321.0,28.5,58,9.6,978.1
2026-05-29 23:00:00,391.2,106.9,9.4,114.0,297.0,28.0,59,10.3,978.6
2026-05-30 00:00:00,571.8,154.1,9.0,112.0,366.0,22.8,80,22.6,980.0
2026-05-30 01:00:00,713.4,186.3,9.5,112.0,644.0,22.9,89,9.5,982.1
2026-05-30 02:00:00,709.7,187.7,10.1,112.0,1016.0,23.2,89,7.5,983.6
2026-05-30 03:00:00,454.5,134.6,10.1,117.0,1208.0,23.6,91,11.9,982.8
2026-05-30 04:00:00,145.3,57.2,9.1,129.0,1043.0,24.6,87,16.7,981.8
2026-05-30 05:00:00,41.2,23.3,7.4,145.0,697.0,27.8,67,15.0,982.5
2026-05-30 06:00:00,55.8,22.9,6.0,158.0,432.0,24.0,75,24.0,984.9
2026-05-30 07:00:00,96.9,31.0,4.9,166.0,347.0,25.4,66,16.3,983.5
2026-05-30 08:00:00,112.0,34.5,4.0,172.0,341.0,27.6,54,13.2,982.3
2026-05-30 09:00:00,112.2,34.9,3.7,175.0,374.0,27.5,52,17.4,981.9
2026-05-30 10:00:00,119.0,36.4,3.7,177.0,398.0,27.8,47,13.5,981.6
2026-05-30 11:00:00,136.4,39.2,4.4,176.0,459.0,27.8,46,13.2,980.9
2026-05-30 12:00:00,9.8,9.8,7.5,163.0,657.0,28.5,60,11.2,980.2
2026-05-30 13:00:00,14.0,11.1,13.3,147.0,1167.0,27.3,64,10.3,979.6
2026-05-30 14:00:00,17.9,14.8,21.3,124.0,1813.0,26.7,64,8.6,979.7
2026-05-30 15:00:00,20.8,17.9,26.9,106.0,2164.0,26.0,67,7.0,980.1
2026-05-30 16:00:00,21.7,18.9,27.9,99.0,1941.0,25.6,68,5.2,981.1
2026-05-30 17:00:00,21.8,19.6,26.6,97.0,1424.0,25.2,71,4.5,981.8
2026-05-30 18:00:00,21.7,20.0,25.3,94.0,1015.0,24.2,73,8.9,981.0
2026-05-30 19:00:00,20.8,19.7,24.7,89.0,885.0,23.4,77,6.8,980.7
2026-05-30 20:00:00,20.2,19.0,24.0,84.0,864.0,23.0,80,4.5,980.9
2026-05-30 21:00:00,21.4,19.8,23.7,79.0,845.0,22.7,83,4.8,981.5
2026-05-30 22:00:00,24.2,22.1,24.3,73.0,790.0,22.4,84,7.2,981.4
2026-05-30 23:00:00,26.5,23.2,25.3,67.0,737.0,22.2,85,7.6,981.5
2026-05-31 00:00:00,47.6,20.1,14.9,95.0,689.0,22.8,85,8.3,982.1
2026-05-31 01:00:00,59.4,21.8,13.9,101.0,653.0,22.9,81,8.6,982.4
2026-05-31 02:00:00,99.2,28.9,12.4,111.0,621.0,24.1,76,9.0,983.0
2026-05-31 03:00:00,157.9,39.8,10.6,123.0,575.0,26.2,66,11.2,983.8
2026-05-31 04:00:00,201.2,49.0,8.1,142.0,495.0,28.1,57,12.3,984.0
2026-05-31 05:00:00,236.1,55.9,5.2,164.0,400.0,29.9,51,12.2,984.1
2026-05-31 06:00:00,244.9,57.9,3.1,179.0,332.0,31.4,43,15.6,984.2
2026-05-31 07:00:00,239.3,56.8,2.3,182.0,309.0,32.3,39,14.2,983.7
2026-05-31 08:00:00,239.3,56.2,2.3,178.0,312.0,33.1,37,12.0,983.3
2026-05-31 09:00:00,245.9,56.5,2.7,173.0,327.0,33.6,34,10.7,982.8
2026-05-31 10:00:00,251.5,56.9,2.6,171.0,345.0,33.6,35,10.7,982.0
2026-05-31 11:00:00,257.0,57.5,2.8,168.0,375.0,33.3,35,11.2,981.6
2026-05-31 12:00:00,191.9,43.5,5.3,163.0,423.0,32.6,35,7.5,981.5
2026-05-31 13:00:00,169.5,44.4,13.3,141.0,509.0,31.5,40,7.6,981.3
2026-05-31 14:00:00,139.7,47.0,24.1,111.0,614.0,30.0,44,8.0,981.7
2026-05-31 15:00:00,129.0,47.7,31.1,89.0,688.0,29.3,47,9.7,982.1
2026-05-31 16:00:00,127.1,46.9,30.5,83.0,711.0,28.5,51,7.6,982.2
2026-05-31 17:00:00,128.5,46.9,26.0,85.0,704.0,27.8,54,7.0,982.6
2026-05-31 18:00:00,139.7,49.2,22.4,85.0,672.0,27.9,58,6.8,982.9
2026-05-31 19:00:00,158.3,52.9,21.2,81.0,603.0,27.0,63,4.4,982.3
2026-05-31 20:00:00,177.4,57.6,20.8,75.0,510.0,26.5,66,4.1,982.0
2026-05-31 21:00:00,192.3,61.9,21.2,68.0,441.0,25.9,67,5.2,981.6
2026-05-31 22:00:00,213.3,66.6,23.2,57.0,403.0,25.5,68,6.5,981.4
2026-05-31 23:00:00,229.6,70.5,26.1,46.0,390.0,25.2,68,6.4,981.4
2026-06-01 00:00:00,98.0,41.6,21.3,64.0,428.0,25.5,63,6.7,981.8
2026-06-01 01:00:00,95.9,43.5,21.1,76.0,580.0,25.6,63,6.8,982.1
2026-06-01 02:00:00,135.0,48.8,20.6,95.0,785.0,27.2,60,6.0,982.9
2026-06-01 03:00:00,248.7,61.5,18.8,114.0,882.0,29.2,54,6.2,983.3
2026-06-01 04:00:00,239.3,58.8,14.2,136.0,763.0,31.3,46,9.5,983.6
2026-06-01 05:00:00,164.4,48.1,8.2,160.0,538.0,32.9,41,8.7,983.9
2026-06-01 06:00:00,123.4,39.8,3.9,177.0,375.0,34.1,34,5.3,983.8
2026-06-01 07:00:00,105.0,36.4,2.6,182.0,349.0,34.7,33,4.0,983.4
2026-06-01 08:00:00,94.8,34.7,2.9,180.0,386.0,35.6,31,5.4,982.8
2026-06-01 09:00:00,85.0,32.6,3.8,178.0,430.0,34.6,34,7.3,982.0
2026-06-01 10:00:00,79.2,31.3,1.6,182.0,446.0,35.1,31,7.4,981.4
2026-06-01 11:00:00,77.8,31.4,0.0,186.0,469.0,35.0,31,8.3,981.0
2026-06-01 12:00:00,39.2,27.2,7.2,161.0,552.0,35.2,29,9.1,980.2
2026-06-01 13:00:00,42.6,31.4,30.6,127.0,739.0,34.2,33,7.2,980.1
2026-06-01 14:00:00,53.6,44.2,62.6,80.0,986.0,32.7,41,4.0,980.2
2026-06-01 15:00:00,70.1,59.3,84.8,45.0,1210.0,32.3,42,4.2,980.3
2026-06-01 16:00:00,82.4,69.8,87.7,33.0,1428.0,31.8,46,4.0,981.1
2026-06-01 17:00:00,87.1,73.1,80.7,33.0,1624.0,30.9,51,3.1,981.6
2026-06-01 18:00:00,87.8,73.8,73.8,34.0,1657.0,30.8,56,1.3,981.9
2026-06-01 19:00:00,85.0,72.6,70.6,31.0,1396.0,29.3,55,4.6,981.5
2026-06-01 20:00:00,78.5,67.3,67.4,28.0,974.0,28.9,53,5.9,981.4
2026-06-01 21:00:00,88.7,61.2,63.1,27.0,650.0,28.5,51,7.8,981.3
2026-06-01 22:00:00,139.2,63.8,56.5,28.0,526.0,28.0,51,8.0,981.4
2026-06-01 23:00:00,215.6,75.7,48.8,32.0,501.0,27.5,52,5.1,981.4
2026-06-02 00:00:00,347.4,106.4,22.4,76.0,526.0,27.3,60,4.8,981.6
2026-06-02 01:00:00,312.9,105.2,21.6,83.0,632.0,27.3,61,4.4,982.0
2026-06-02 02:00:00,339.0,106.9,20.3,93.0,790.0,28.9,55,5.0,982.9
2026-06-02 03:00:00,338.1,102.4,18.0,109.0,862.0,31.0,49,5.9,983.5
2026-06-02 04:00:00,280.3,88.9,13.9,136.0,759.0,33.1,42,7.6,983.4
2026-06-02 05:00:00,272.9,75.9,8.8,169.0,571.0,34.8,35,5.2,983.3
2026-06-02 06:00:00,300.8,72.9,5.0,192.0,433.0,36.0,31,6.1,983.3
2026-06-02 07:00:00,252.4,61.0,3.5,196.0,402.0,36.8,29,4.9,982.2
2026-06-02 08:00:00,211.4,53.9,3.3,191.0,421.0,37.3,28,3.5,981.6
2026-06-02 09:00:00,182.1,49.7,3.8,186.0,454.0,37.5,28,4.2,980.6
2026-06-02 10:00:00,168.1,48.0,2.1,190.0,472.0,37.5,27,5.7,979.8
2026-06-02 11:00:00,163.9,48.4,1.0,196.0,503.0,37.1,28,7.7,979.4
2026-06-02 12:00:00,207.2,58.0,8.5,190.0,597.0,38.3,24,4.0,978.0
2026-06-02 13:00:00,203.5,59.3,40.4,150.0,828.0,37.3,25,4.7,978.3
2026-06-02 14:00:00,209.1,76.6,84.1,94.0,1122.0,35.8,28,6.9,978.8
2026-06-02 15:00:00,231.4,96.9,115.4,51.0,1303.0,34.6,31,7.3,978.9
2026-06-02 16:00:00,241.2,111.3,122.2,34.0,1271.0,34.0,34,2.5,978.9
2026-06-02 17:00:00,242.1,121.1,116.6,29.0,1125.0,33.0,34,4.3,979.1
2026-06-02 18:00:00,239.3,126.7,110.6,25.0,991.0,31.7,39,7.9,979.8
2026-06-02 19:00:00,229.1,125.3,108.0,18.0,908.0,30.5,43,7.4,979.8
2026-06-02 20:00:00,220.7,122.9,105.0,11.0,837.0,29.7,46,7.8,979.3
2026-06-02 21:00:00,206.8,120.1,101.6,7.0,779.0,28.8,50,8.3,978.9
2026-06-02 22:00:00,189.5,114.1,98.5,3.0,733.0,28.3,53,7.8,978.6
2026-06-02 23:00:00,164.4,103.4,95.1,1.0,700.0,28.1,54,8.1,978.8
2026-06-03 00:00:00,107.3,64.5,46.6,43.0,693.0,27.5,61,4.9,979.0
2026-06-03 01:00:00,94.5,60.5,40.4,61.0,739.0,27.2,64,6.9,979.8
2026-06-03 02:00:00,92.4,58.4,31.6,87.0,809.0,27.5,63,12.2,980.8
2026-06-03 03:00:00,97.3,52.6,23.3,114.0,830.0,28.3,62,7.5,980.3
2026-06-03 04:00:00,115.3,50.8,16.0,145.0,750.0,30.9,52,7.9,980.4
2026-06-03 05:00:00,136.0,53.3,9.1,178.0,620.0,33.2,42,7.9,980.4
2026-06-03 06:00:00,128.5,50.4,4.3,201.0,523.0,32.5,43,5.3,980.5
2026-06-03 07:00:00,122.0,48.5,2.6,209.0,498.0,34.5,37,2.8,979.8
2026-06-03 08:00:00,112.5,47.1,3.0,208.0,506.0,35.7,34,2.7,978.7
2026-06-03 09:00:00,104.3,46.1,3.9,205.0,512.0,36.5,31,7.0,977.5
2026-06-03 10:00:00,98.5,45.6,3.8,203.0,494.0,37.0,31,9.0,976.6
2026-06-03 11:00:00,93.4,45.2,4.1,199.0,474.0,36.9,31,9.9,975.8
2026-06-03 12:00:00,68.5,34.9,7.2,176.0,486.0,37.8,27,8.5,975.1
2026-06-03 13:00:00,63.8,34.3,25.7,145.0,515.0,36.9,29,9.3,974.9
2026-06-03 14:00:00,69.4,44.8,51.5,101.0,576.0,36.1,31,8.3,975.2
2026-06-03 15:00:00,80.1,56.1,73.8,64.0,747.0,35.2,38,1.9,975.3
2026-06-03 16:00:00,86.1,62.2,89.1,41.0,1141.0,34.4,36,3.1,975.5
2026-06-03 17:00:00,94.8,69.4,100.8,25.0,1646.0,33.5,40,3.4,975.6
2026-06-03 18:00:00,106.2,79.4,108.3,13.0,2005.0,33.8,41,3.4,975.8
2026-06-03 19:00:00,112.2,84.8,111.7,4.0,2118.0,33.0,43,1.5,975.2
2026-06-03 20:00:00,116.2,88.9,111.0,0.0,2085.0,32.4,46,0.3,975.0
2026-06-03 21:00:00,116.9,92.4,105.5,0.0,1951.0,30.7,50,2.1,974.7
2026-06-03 22:00:00,109.7,88.5,92.3,5.0,1662.0,29.5,55,3.2,974.5
2026-06-03 23:00:00,97.1,79.9,74.4,15.0,1272.0,28.9,58,2.7,974.5
2026-06-04 00:00:00,106.6,86.4,76.1,14.0,989.0,30.1,52,5.1,975.1
2026-06-04 01:00:00,103.6,86.1,65.8,40.0,920.0,29.9,52,7.5,975.4
2026-06-04 02:00:00,95.0,76.6,51.1,76.0,959.0,31.4,49,5.4,975.8
2026-06-04 03:00:00,87.8,61.5,37.3,114.0,996.0,33.7,42,7.8,975.7
2026-06-04 04:00:00,85.9,55.8,25.1,154.0,1003.0,36.0,34,5.7,976.3
2026-06-04 05:00:00,83.8,53.2,13.7,194.0,1008.0,26.5,75,18.7,979.0
2026-06-04 06:00:00,86.1,49.1,5.6,221.0,992.0,31.1,48,5.6,976.5
2026-06-04 07:00:00,92.4,46.1,2.5,226.0,928.0,35.7,36,4.7,975.9
2026-06-04 08:00:00,114.1,54.0,2.7,218.0,841.0,35.3,34,8.4,976.2
2026-06-04 09:00:00,97.1,46.4,4.0,208.0,790.0,34.9,36,5.0,975.5
2026-06-04 10:00:00,97.8,47.1,5.8,200.0,681.0,35.9,32,7.0,975.0
2026-06-04 11:00:00,88.7,46.7,8.6,189.0,607.0,36.1,31,5.0,974.8
2026-06-04 12:00:00,99.9,56.2,11.5,180.0,903.0,31.1,46,20.8,975.0
2026-06-04 13:00:00,93.1,54.0,14.9,162.0,1952.0,28.8,53,13.6,975.1
2026-06-04 14:00:00,83.8,52.4,19.8,136.0,3371.0,27.8,57,8.4,975.5
2026-06-04 15:00:00,77.5,52.3,23.8,113.0,4350.0,27.2,59,7.6,975.9
2026-06-04 16:00:00,75.2,51.8,26.2,97.0,4495.0,26.5,62,5.8,976.1
2026-06-04 17:00:00,73.1,52.0,27.9,84.0,4199.0,26.2,66,3.6,976.4
2026-06-04 18:00:00,71.0,51.8,29.2,74.0,3830.0,25.7,58,5.9,975.5
2026-06-04 19:00:00,68.5,51.0,29.9,68.0,3480.0,24.9,60,6.4,975.8
2026-06-04 20:00:00,66.8,50.4,30.2,64.0,3056.0,25.2,57,8.8,975.3
2026-06-04 21:00:00,66.6,51.1,31.5,60.0,2652.0,24.6,62,4.8,975.3
2026-06-04 22:00:00,70.1,54.1,35.6,50.0,2292.0,24.1,66,4.3,975.6
2026-06-04 23:00:00,73.6,57.2,40.7,39.0,1952.0,23.7,68,4.5,976.0
2026-06-05 00:00:00,59.1,48.4,28.2,52.0,1651.0,24.2,71,6.3,976.9
2026-06-05 01:00:00,61.2,48.8,25.5,65.0,1400.0,24.0,73,6.5,977.5
2026-06-05 02:00:00,72.6,48.7,21.6,85.0,1189.0,25.3,68,6.3,978.4
2026-06-05 03:00:00,75.4,46.3,17.5,109.0,1006.0,27.5,58,6.7,978.9
2026-06-05 04:00:00,75.2,44.8,13.0,140.0,846.0,29.4,52,7.7,979.1
2026-06-05 05:00:00,75.2,44.0,8.4,176.0,714.0,31.0,49,7.3,979.0
2026-06-05 06:00:00,76.4,43.9,5.0,201.0,616.0,32.6,44,5.0,979.4
2026-06-05 07:00:00,77.8,43.7,3.6,209.0,562.0,34.0,41,4.3,978.9
2026-06-05 08:00:00,77.8,43.0,3.5,208.0,542.0,34.9,38,3.5,977.9
2026-06-05 09:00:00,75.0,41.4,3.9,205.0,536.0,35.5,35,2.8,977.2
2026-06-05 10:00:00,72.4,40.6,2.9,207.0,511.0,35.9,33,4.4,976.6
2026-06-05 11:00:00,69.4,39.6,2.4,207.0,501.0,35.9,31,6.0,976.0
2026-06-05 12:00:00,32.8,24.7,8.1,222.0,584.0,35.9,29,2.6,975.5
2026-06-05 13:00:00,33.9,25.4,18.5,202.0,842.0,35.2,32,2.9,975.6
2026-06-05 14:00:00,39.0,30.5,33.6,172.0,1194.0,33.3,44,3.0,975.6
2026-06-05 15:00:00,50.2,41.9,49.4,141.0,1477.0,32.2,46,3.9,975.9
2026-06-05 16:00:00,61.7,53.8,67.9,107.0,1649.0,31.4,47,4.4,976.2
2026-06-05 17:00:00,73.6,65.9,87.2,72.0,1752.0,31.3,49,0.6,976.6
2026-06-05 18:00:00,84.5,76.8,98.0,46.0,1756.0,30.4,49,2.9,976.7
2026-06-05 19:00:00,86.8,79.2,93.8,36.0,1598.0,29.9,47,4.0,976.6
2026-06-05 20:00:00,85.2,77.3,81.1,37.0,1340.0,29.3,46,4.5,976.4
2026-06-05 21:00:00,82.4,74.0,70.0,37.0,1134.0,28.9,44,5.5,975.9
2026-06-05 22:00:00,79.9,71.2,64.5,32.0,1023.0,28.3,45,5.3,975.9
2026-06-05 23:00:00,77.8,70.1,60.6,27.0,963.0,27.7,47,4.5,975.9
2026-06-06 00:00:00,109.7,100.4,100.3,8.0,978.0,27.4,62,3.9,976.4
2026-06-06 01:00:00,104.8,97.3,80.5,40.0,1154.0,27.5,58,5.1,976.9
2026-06-06 02:00:00,78.0,71.9,52.9,86.0,1404.0,29.4,54,2.8,977.6
2026-06-06 03:00:00,48.1,41.3,30.3,128.0,1494.0,32.2,44,3.2,978.4
2026-06-06 04:00:00,43.5,35.5,17.6,165.0,1259.0,34.9,34,4.8,978.5
2026-06-06 05:00:00,43.4,33.3,9.9,198.0,864.0,36.6,29,5.0,978.5
2026-06-06 06:00:00,41.2,31.0,4.9,221.0,564.0,37.8,23,3.1,978.7
2026-06-06 07:00:00,39.3,29.2,2.6,227.0,469.0,38.6,21,4.0,978.4
2026-06-06 08:00:00,40.3,28.6,3.0,223.0,469.0,39.3,20,4.7,977.6
2026-06-06 09:00:00,41.8,28.5,3.9,218.0,488.0,39.8,19,4.4,976.8
2026-06-06 10:00:00,44.0,28.5,2.1,220.0,484.0,40.0,19,2.4,976.0
2026-06-06 11:00:00,46.1,28.8,0.9,222.0,500.0,39.8,19,4.3,975.7
2026-06-06 12:00:00,44.8,31.8,7.8,217.0,589.0,39.4,17,7.7,975.0
2026-06-06 13:00:00,44.6,32.2,23.0,186.0,815.0,38.3,18,3.7,975.1
2026-06-06 14:00:00,53.3,42.6,44.3,142.0,1113.0,37.1,28,0.8,975.7
2026-06-06 15:00:00,61.0,50.4,63.1,103.0,1346.0,35.7,26,3.0,976.3
2026-06-06 16:00:00,65.2,55.1,76.6,73.0,1476.0,34.6,26,4.6,976.6
2026-06-06 17:00:00,71.5,61.5,87.6,47.0,1541.0,34.1,27,3.9,976.5
2026-06-06 18:00:00,77.1,67.5,95.5,27.0,1515.0,34.0,29,3.8,976.4
2026-06-06 19:00:00,79.6,70.3,99.8,15.0,1342.0,32.9,30,4.0,976.5
2026-06-06 20:00:00,82.9,73.8,101.1,9.0,1078.0,31.9,32,2.3,976.5
2026-06-06 21:00:00,85.9,77.1,100.0,5.0,863.0,30.9,34,3.4,976.5
2026-06-06 22:00:00,89.9,81.3,97.4,0.0,741.0,30.0,36,6.5,976.5
2026-06-06 23:00:00,93.1,85.0,92.5,0.0,667.0,28.7,41,4.1,976.7
2026-06-07 00:00:00,61.9,55.2,51.6,32.0,650.0,29.0,42,2.3,977.2
2026-06-07 01:00:00,68.9,62.4,44.1,56.0,740.0,29.0,42,3.1,977.6
2026-06-07 02:00:00,56.2,49.2,33.6,89.0,886.0,30.9,36,1.8,978.3
2026-06-07 03:00:00,48.2,40.0,23.9,123.0,943.0,33.7,30,2.2,978.7
2026-06-07 04:00:00,41.3,32.9,15.9,156.0,818.0,36.2,25,2.8,978.9
2026-06-07 05:00:00,37.6,28.2,8.6,188.0,605.0,38.3,20,1.3,978.8
2026-06-07 06:00:00,45.3,30.6,3.6,212.0,437.0,38.9,19,1.3,978.8
2026-06-07 07:00:00,47.3,31.2,1.9,222.0,372.0,40.3,17,2.6,978.3
2026-06-07 08:00:00,46.3,30.6,2.3,222.0,352.0,41.0,16,5.3,977.6
2026-06-07 09:00:00,45.2,29.9,3.1,220.0,345.0,41.3,16,7.4,976.5
2026-06-07 10:00:00,43.3,28.8,2.8,219.0,332.0,41.2,16,8.1,975.9
2026-06-07 11:00:00,41.7,27.8,2.8,215.0,332.0,40.9,16,10.9,975.7
2026-06-07 12:00:00,49.0,30.3,5.1,193.0,361.0,40.6,16,9.2,975.1
2026-06-07 13:00:00,45.2,29.6,11.3,169.0,439.0,39.5,17,10.5,974.9
2026-06-07 14:00:00,45.6,34.0,20.0,135.0,546.0,38.1,20,7.0,975.4
2026-06-07 15:00:00,46.3,36.7,27.4,106.0,645.0,36.7,24,8.0,976.0
2026-06-07 16:00:00,46.1,38.0,31.6,87.0,734.0,35.7,24,6.6,976.2
2026-06-07 17:00:00,46.9,39.9,34.5,72.0,815.0,34.8,25,5.2,976.1
2026-06-07 18:00:00,49.2,42.7,38.7,58.0,854.0,34.5,29,3.6,975.7
2026-06-07 19:00:00,52.4,46.0,45.9,44.0,829.0,33.4,32,3.7,974.9
2026-06-07 20:00:00,56.1,49.6,54.4,32.0,762.0,32.8,32,4.3,974.7
2026-06-07 21:00:00,59.8,53.2,61.3,22.0,692.0,32.1,33,4.6,974.3
2026-06-07 22:00:00,63.6,56.8,66.8,11.0,596.0,31.2,36,4.2,974.5
2026-06-07 23:00:00,68.0,61.2,70.8,3.0,497.0,30.5,37,4.2,974.7
2026-06-08 00:00:00,63.6,56.7,62.9,14.0,497.0,31.2,38,3.6,975.1
2026-06-08 01:00:00,71.9,64.7,53.6,46.0,717.0,31.4,39,3.5,975.5
2026-06-08 02:00:00,59.6,53.6,40.4,92.0,1036.0,33.0,35,2.0,976.1
2026-06-08 03:00:00,46.9,38.4,28.5,133.0,1194.0,35.5,29,1.6,976.7
2026-06-08 04:00:00,42.8,32.8,19.1,167.0,1026.0,37.7,26,2.2,976.8
2026-06-08 05:00:00,41.0,30.0,11.0,196.0,696.0,39.3,23,2.7,976.7
2026-06-08 06:00:00,37.0,25.1,5.2,213.0,435.0,40.5,19,6.0,976.5
2026-06-08 07:00:00,32.6,20.4,2.8,211.0,335.0,41.5,16,7.3,976.1
2026-06-08 08:00:00,31.0,18.3,2.8,198.0,305.0,41.8,15,8.5,975.3
2026-06-08 09:00:00,29.9,17.3,3.3,185.0,300.0,42.0,15,9.9,974.4
2026-06-08 10:00:00,28.9,16.6,2.6,181.0,294.0,41.9,15,10.6,974.1
2026-06-08 11:00:00,28.3,16.3,2.5,177.0,313.0,41.5,16,11.1,973.7
2026-06-08 12:00:00,37.1,21.8,6.2,170.0,391.0,41.5,15,12.8,973.3
2026-06-08 13:00:00,37.6,23.3,15.0,149.0,562.0,40.7,16,11.4,973.1
2026-06-08 14:00:00,41.1,29.7,27.2,120.0,791.0,39.5,18,8.1,973.4
2026-06-08 15:00:00,46.9,35.6,36.1,97.0,1008.0,38.1,21,6.5,973.5
2026-06-08 16:00:00,51.8,39.2,38.9,87.0,1242.0,37.2,23,5.5,973.6
2026-06-08 17:00:00,56.3,42.3,38.5,84.0,1463.0,36.2,25,4.2,973.7
2026-06-08 18:00:00,60.8,44.9,37.2,84.0,1520.0,36.2,29,3.7,973.4
2026-06-08 19:00:00,64.3,46.0,34.3,88.0,1270.0,34.8,32,3.6,973.1
2026-06-08 20:00:00,67.3,46.3,30.5,95.0,855.0,34.0,34,4.5,972.7
2026-06-08 21:00:00,71.0,47.0,30.6,94.0,545.0,33.6,35,6.2,972.6
2026-06-08 22:00:00,75.0,51.0,39.4,74.0,434.0,33.1,36,6.1,972.7
2026-06-08 23:00:00,78.0,56.7,52.0,46.0,428.0,32.5,38,5.1,972.6
2026-06-09 00:00:00,77.8,56.9,55.3,46.0,514.0,32.5,39,3.8,972.5
2026-06-09 01:00:00,77.8,61.2,48.5,68.0,781.0,32.4,40,1.5,973.0
2026-06-09 02:00:00,67.1,53.0,38.9,100.0,1140.0,33.7,36,5.1,973.5
2026-06-09 03:00:00,67.3,47.3,29.5,133.0,1312.0,36.2,31,3.8,973.8
2026-06-09 04:00:00,68.9,43.7,20.7,168.0,1115.0,38.7,27,3.1,974.1
2026-06-09 05:00:00,69.4,41.4,12.1,204.0,731.0,40.6,22,7.5,974.3
2026-06-09 06:00:00,66.1,38.1,5.9,228.0,433.0,41.4,15,8.6,974.3
2026-06-09 07:00:00,61.5,35.4,3.4,231.0,332.0,42.4,15,6.7,974.1
2026-06-09 08:00:00,58.4,33.3,3.4,222.0,317.0,43.1,15,7.3,973.1
2026-06-09 09:00:00,56.9,31.1,3.9,210.0,324.0,43.4,14,9.8,972.3
2026-06-09 10:00:00,58.0,29.3,3.6,197.0,321.0,43.1,15,13.2,972.0
2026-06-09 11:00:00,63.3,29.2,3.9,181.0,341.0,42.5,15,13.4,971.9
2026-06-09 12:00:00,82.2,34.9,6.7,171.0,420.0,43.0,13,9.7,970.8
2026-06-09 13:00:00,81.0,36.4,11.6,150.0,600.0,41.8,14,9.5,970.9
2026-06-09 14:00:00,80.6,38.4,18.6,121.0,840.0,40.1,17,4.9,971.2
2026-06-09 15:00:00,85.4,41.1,26.2,95.0,1053.0,39.0,20,4.5,971.5
2026-06-09 16:00:00,96.9,45.4,34.5,78.0,1224.0,37.9,24,3.1,971.7
2026-06-09 17:00:00,108.5,51.3,43.3,65.0,1369.0,36.7,27,3.6,972.1
2026-06-09 18:00:00,114.8,54.1,50.7,54.0,1449.0,36.8,31,4.1,972.1
2026-06-09 19:00:00,119.2,54.4,56.0,47.0,1429.0,35.6,36,4.2,971.8
2026-06-09 20:00:00,125.3,57.6,59.9,42.0,1343.0,34.5,40,0.4,971.6
2026-06-09 21:00:00,129.9,62.9,62.9,37.0,1259.0,33.2,40,3.2,971.3
2026-06-09 22:00:00,127.6,68.2,66.1,25.0,1185.0,32.3,44,1.3,971.2
2026-06-09 23:00:00,116.6,68.5,68.4,12.0,1112.0,31.1,46,2.9,971.7
2026-06-10 00:00:00,71.2,54.4,55.9,21.0,1082.0,32.0,50,3.8,972.4
2026-06-10 01:00:00,63.1,50.5,47.7,47.0,1162.0,31.5,53,6.1,972.6
2026-06-10 02:00:00,57.6,47.1,36.2,85.0,1283.0,33.3,48,5.4,973.0
2026-06-10 03:00:00,59.1,42.6,25.7,121.0,1285.0,35.9,41,6.6,973.6
2026-06-10 04:00:00,65.2,41.1,17.5,156.0,1042.0,38.0,35,7.9,973.9
2026-06-10 05:00:00,73.3,40.3,10.4,189.0,679.0,40.0,30,7.6,973.9
2026-06-10 06:00:00,74.3,38.1,5.4,212.0,406.0,41.3,25,4.8,973.8
2026-06-10 07:00:00,64.7,33.1,3.4,218.0,319.0,42.7,21,4.8,973.5
2026-06-10 08:00:00,57.6,29.4,3.5,214.0,323.0,43.3,18,4.5,972.5
2026-06-10 09:00:00,53.2,27.2,4.2,208.0,341.0,43.6,18,6.3,971.7
2026-06-10 10:00:00,51.3,26.4,3.9,207.0,318.0,43.4,17,8.3,971.3
2026-06-10 11:00:00,51.6,26.5,4.2,205.0,310.0,42.8,18,12.7,971.1
2026-06-10 12:00:00,58.8,29.0,7.4,188.0,404.0,42.4,18,14.3,970.7
2026-06-10 13:00:00,58.7,32.1,17.2,160.0,663.0,41.4,16,12.9,970.7
2026-06-10 14:00:00,64.0,41.1,30.9,121.0,1025.0,40.3,15,7.8,970.9
2026-06-10 15:00:00,71.9,47.4,41.9,89.0,1386.0,39.1,18,4.9,971.0
2026-06-10 16:00:00,78.9,51.6,46.9,73.0,1777.0,37.7,21,4.5,971.4
2026-06-10 17:00:00,88.7,56.6,49.3,63.0,2168.0,37.1,30,0.4,971.6
2026-06-10 18:00:00,100.8,62.9,52.4,54.0,2368.0,35.7,26,2.2,971.6
2026-06-10 19:00:00,106.4,69.4,59.4,40.0,2252.0,35.2,29,0.5,971.1
2026-06-10 20:00:00,102.2,71.0,67.2,27.0,1945.0,33.2,29,4.9,970.8
2026-06-10 21:00:00,88.2,65.9,69.7,20.0,1633.0,32.3,33,3.2,970.8
2026-06-10 22:00:00,72.9,58.7,62.8,23.0,1343.0,31.2,35,3.5,970.6
2026-06-10 23:00:00,57.4,50.4,50.7,32.0,1047.0,30.6,36,10.9,971.0
2026-06-11 00:00:00,58.3,47.0,32.9,52.0,847.0,32.0,42,10.4,970.8
2026-06-11 01:00:00,49.4,42.6,30.5,74.0,829.0,31.7,44,9.7,971.2
2026-06-11 02:00:00,51.3,41.4,27.0,105.0,907.0,32.8,46,8.3,971.6
2026-06-11 03:00:00,98.7,51.8,22.7,136.0,924.0,35.1,43,9.4,972.0
2026-06-11 04:00:00,182.5,71.9,16.7,167.0,793.0,37.4,37,8.3,972.8
2026-06-11 05:00:00,239.3,85.4,9.9,196.0,602.0,39.4,32,10.1,972.8
2026-06-11 06:00:00,258.0,87.3,4.9,214.0,453.0,41.4,22,9.7,972.7
2026-06-11 07:00:00,279.4,87.5,3.0,211.0,389.0,42.7,19,8.8,972.4
2026-06-11 08:00:00,321.3,92.4,2.9,195.0,368.0,42.2,18,11.8,972.0
2026-06-11 09:00:00,362.3,98.3,3.5,181.0,366.0,42.1,17,14.2,971.6
2026-06-11 10:00:00,398.6,103.6,4.4,174.0,379.0,42.1,15,11.8,971.7
2026-06-11 11:00:00,417.2,105.9,5.9,169.0,411.0,41.7,17,8.5,971.7
2026-06-11 12:00:00,369.7,109.4,16.3,140.0,452.0,40.7,18,12.9,970.7
2026-06-11 13:00:00,434.0,114.6,16.4,138.0,512.0,38.7,23,16.2,971.3
2026-06-11 14:00:00,516.0,129.9,16.5,136.0,581.0,35.9,35,22.7,972.5
2026-06-11 15:00:00,596.0,151.8,16.3,134.0,619.0,33.1,45,21.6,973.7
2026-06-11 16:00:00,590.5,154.1,15.4,133.0,604.0,30.4,56,15.1,974.9
2026-06-11 17:00:00,501.1,138.3,14.1,132.0,559.0,30.5,59,13.5,975.0
2026-06-11 18:00:00,370.7,113.6,13.0,129.0,512.0,27.0,69,10.8,974.0
2026-06-11 19:00:00,256.1,88.7,12.3,122.0,469.0,26.7,69,14.7,974.3
2026-06-11 20:00:00,183.5,68.9,11.8,114.0,424.0,26.3,70,12.4,974.9
2026-06-11 21:00:00,152.7,57.2,11.4,106.0,388.0,25.7,72,13.0,974.9
2026-06-11 22:00:00,170.0,56.0,11.1,100.0,359.0,25.7,72,11.8,975.4
2026-06-11 23:00:00,250.5,69.6,10.9,95.0,340.0,25.7,71,11.1,976.0
2026-06-12 00:00:00,344.6,87.5,9.6,92.0,347.0,25.8,70,14.4,976.8
2026-06-12 01:00:00,348.3,90.6,10.5,94.0,411.0,25.5,74,11.0,977.8
2026-06-12 02:00:00,400.5,97.3,11.7,98.0,501.0,26.5,71,12.7,978.5
2026-06-12 03:00:00,421.0,102.2,11.7,106.0,546.0,27.9,68,13.9,979.2
2026-06-12 04:00:00,390.2,99.2,9.5,122.0,489.0,29.7,61,16.1,979.8
2026-06-12 05:00:00,366.9,96.2,6.3,142.0,387.0,31.8,53,19.2,979.3
2026-06-12 06:00:00,391.2,97.3,3.8,155.0,336.0,33.1,47,17.0,980.5
2026-06-12 07:00:00,423.8,100.1,2.9,157.0,397.0,33.7,45,13.4,981.2
2026-06-12 08:00:00,466.6,106.2,2.8,153.0,509.0,32.3,47,22.9,980.4
2026-06-12 09:00:00,517.8,112.7,3.2,148.0,588.0,31.3,50,14.2,979.4
2026-06-12 10:00:00,571.8,119.2,2.9,146.0,572.0,32.6,46,13.8,979.7
2026-06-12 11:00:00,597.9,121.5,3.1,144.0,523.0,32.3,47,15.4,979.3
2026-06-12 12:00:00,627.7,88.9,8.0,122.0,539.0,33.3,46,15.5,977.8
2026-06-12 13:00:00,610.9,91.3,13.0,109.0,696.0,32.3,51,10.5,977.5
2026-06-12 14:00:00,497.3,84.1,20.1,90.0,917.0,31.0,57,8.9,978.2
2026-06-12 15:00:00,367.9,76.4,26.7,73.0,1072.0,30.4,58,9.1,978.5
2026-06-12 16:00:00,302.7,71.7,32.9,59.0,1108.0,29.9,60,9.2,979.2
2026-06-12 17:00:00,244.0,68.9,38.7,46.0,1078.0,29.4,61,9.8,979.8
2026-06-12 18:00:00,197.0,65.0,41.0,39.0,1008.0,23.9,83,12.2,981.7
2026-06-12 19:00:00,156.5,57.4,37.2,43.0,881.0,24.2,84,13.3,978.8
2026-06-12 20:00:00,133.2,51.7,30.0,53.0,716.0,24.5,83,8.1,977.4
2026-06-12 21:00:00,143.9,52.0,24.7,60.0,591.0,24.8,81,5.9,979.7
2026-06-12 22:00:00,172.8,55.3,24.1,57.0,546.0,21.4,94,9.7,980.4
2026-06-12 23:00:00,197.9,59.8,25.4,51.0,542.0,22.0,97,3.8,980.8
2026-06-13 00:00:00,143.4,39.6,11.1,92.0,546.0,21.9,86,18.9,979.7
2026-06-13 01:00:00,109.7,33.2,11.6,95.0,555.0,22.1,89,11.2,979.8
2026-06-13 02:00:00,96.6,29.8,12.2,99.0,572.0,22.8,91,10.6,980.4
2026-06-13 03:00:00,67.1,24.2,11.9,107.0,571.0,23.3,92,13.4,980.9
2026-06-13 04:00:00,66.6,22.5,9.8,122.0,535.0,25.2,83,14.6,981.1
2026-06-13 05:00:00,130.9,33.5,6.8,139.0,481.0,27.2,75,7.7,981.4
2026-06-13 06:00:00,142.0,35.5,4.5,153.0,436.0,28.6,64,11.1,982.6
2026-06-13 07:00:00,152.7,37.5,3.5,158.0,406.0,29.0,61,12.3,982.5
2026-06-13 08:00:00,153.2,38.0,3.1,160.0,386.0,29.9,59,10.4,981.9
2026-06-13 09:00:00,153.2,38.3,3.4,159.0,385.0,30.2,58,12.3,981.3
2026-06-13 10:00:00,147.6,37.6,2.8,160.0,394.0,30.2,58,11.9,980.6
2026-06-13 11:00:00,142.5,37.1,2.8,160.0,424.0,30.4,56,11.3,979.9
2026-06-13 12:00:00,36.9,19.3,8.1,137.0,514.0,30.1,56,14.3,980.0
2026-06-13 13:00:00,35.0,18.1,15.4,120.0,714.0,28.4,64,10.4,979.5
2026-06-13 14:00:00,33.5,21.1,25.7,96.0,974.0,27.0,71,5.5,979.7
2026-06-13 15:00:00,37.8,27.1,35.7,74.0,1191.0,26.2,76,5.1,979.5
2026-06-13 16:00:00,41.4,31.4,44.5,56.0,1346.0,25.6,79,4.2,979.4
2026-06-13 17:00:00,44.9,35.2,52.9,40.0,1457.0,25.5,80,1.4,979.2
2026-06-13 18:00:00,51.3,40.4,59.9,27.0,1477.0,25.6,75,7.3,979.1
2026-06-13 19:00:00,59.6,47.1,65.3,17.0,1348.0,24.9,77,3.6,978.9
2026-06-13 20:00:00,65.0,51.6,69.4,9.0,1129.0,24.7,78,2.1,978.9
2026-06-13 21:00:00,65.2,51.6,71.5,4.0,944.0,24.3,80,3.1,978.4
2026-06-13 22:00:00,67.5,52.6,72.2,0.0,833.0,23.9,82,3.5,978.2
2026-06-13 23:00:00,71.2,54.0,71.0,0.0,757.0,23.6,82,4.4,978.0
2026-06-14 00:00:00,63.6,44.4,51.5,15.0,728.0,24.5,85,2.5,978.4
2026-06-14 01:00:00,59.1,42.3,41.9,40.0,790.0,25.0,81,3.9,978.7
2026-06-14 02:00:00,64.7,36.7,28.4,76.0,899.0,26.7,75,1.5,978.9
2026-06-14 03:00:00,65.0,32.1,17.3,109.0,932.0,28.7,60,3.7,979.2
2026-06-14 04:00:00,57.7,27.7,10.8,134.0,808.0,30.2,51,5.9,979.3
2026-06-14 05:00:00,53.0,24.6,6.6,156.0,608.0,31.2,48,4.4,979.3
2026-06-14 06:00:00,46.1,21.3,3.8,173.0,455.0,32.4,44,2.8,979.1
2026-06-14 07:00:00,40.0,18.9,2.5,183.0,398.0,33.1,44,1.0,978.8
2026-06-14 08:00:00,38.5,18.7,2.6,187.0,387.0,33.7,43,0.8,978.0
2026-06-14 09:00:00,38.3,19.1,3.1,189.0,401.0,34.0,42,1.9,977.2
2026-06-14 10:00:00,39.7,20.0,0.7,193.0,368.0,34.3,40,2.2,976.7
2026-06-14 11:00:00,40.4,20.7,0.0,195.0,360.0,34.3,38,2.1,976.1
2026-06-14 12:00:00,36.8,18.5,5.8,175.0,567.0,33.9,35,3.5,975.5
2026-06-14 13:00:00,36.6,19.8,32.5,138.0,1227.0,31.8,52,2.8,975.3
2026-06-14 14:00:00,49.8,37.0,69.4,88.0,2102.0,30.4,56,0.2,975.0
2026-06-14 15:00:00,67.5,53.8,98.7,47.0,2667.0,29.7,57,3.4,975.0
2026-06-14 16:00:00,84.8,70.5,112.9,27.0,2630.0,29.4,56,2.7,975.6
2026-06-14 17:00:00,92.9,78.7,119.4,18.0,2283.0,28.9,57,2.7,975.9
2026-06-14 18:00:00,92.2,77.5,122.3,12.0,1977.0,29.2,60,4.7,975.8
2026-06-14 19:00:00,90.6,75.7,123.2,6.0,1846.0,28.7,61,4.7,975.4
2026-06-14 20:00:00,91.0,75.9,120.4,3.0,1757.0,28.5,61,3.1,975.2
2026-06-14 21:00:00,93.8,79.2,113.6,3.0,1660.0,28.2,63,0.9,975.4
2026-06-14 22:00:00,91.0,78.7,100.8,3.0,1515.0,28.0,63,0.0,975.5
2026-06-14 23:00:00,80.6,70.5,83.9,6.0,1363.0,27.2,64,2.1,975.6
2026-06-15 00:00:00,61.7,51.8,50.1,51.0,1275.0,27.3,67,6.0,976.0
2026-06-15 01:00:00,60.1,52.6,44.6,70.0,1338.0,27.3,68,6.3,976.4
2026-06-15 02:00:00,56.6,49.4,36.8,98.0,1465.0,29.0,65,4.9,977.2
2026-06-15 03:00:00,45.4,37.5,28.7,126.0,1471.0,28.3,64,16.6,978.5
2026-06-15 04:00:00,35.7,30.4,20.0,156.0,1219.0,29.2,60,7.9,979.6
2026-06-15 05:00:00,32.1,26.7,11.1,187.0,845.0,30.9,55,9.1,980.0
2026-06-15 06:00:00,38.6,26.4,4.7,207.0,571.0,32.8,50,4.4,979.0
2026-06-15 07:00:00,49.2,27.8,2.6,210.0,497.0,33.1,47,4.5,978.7
2026-06-15 08:00:00,56.5,29.3,3.0,203.0,522.0,33.3,46,4.2,978.0
2026-06-15 09:00:00,58.6,30.3,4.0,197.0,567.0,34.4,44,4.8,977.6
2026-06-15 10:00:00,61.9,31.8,1.9,200.0,576.0,34.4,42,4.0,977.3
2026-06-15 11:00:00,70.3,34.9,0.3,204.0,604.0,34.6,40,2.6,976.8
2026-06-15 12:00:00,102.2,48.0,8.4,207.0,738.0,34.8,38,1.7,976.2
2026-06-15 13:00:00,96.2,49.7,13.3,181.0,1066.0,33.6,54,0.9,976.4
2026-06-15 14:00:00,74.0,47.7,19.9,146.0,1499.0,31.5,61,4.4,976.6
2026-06-15 15:00:00,67.8,45.3,24.9,116.0,1861.0,30.2,63,6.0,976.6
2026-06-15 16:00:00,65.9,44.1,26.4,100.0,2087.0,29.3,63,6.3,977.2
2026-06-15 17:00:00,66.4,44.4,26.1,90.0,2243.0,28.5,64,5.8,977.6
2026-06-15 18:00:00,68.0,45.3,25.8,81.0,2343.0,29.0,65,5.2,978.0
2026-06-15 19:00:00,69.8,46.2,26.1,72.0,2425.0,28.0,68,4.5,977.3
2026-06-15 20:00:00,71.2,47.0,26.4,65.0,2452.0,27.4,70,4.5,977.1
2026-06-15 21:00:00,70.3,47.5,26.7,60.0,2331.0,27.1,71,4.7,977.0
2026-06-15 22:00:00,66.8,46.9,27.1,55.0,1894.0,26.7,73,4.7,977.3
2026-06-15 23:00:00,62.4,45.9,27.5,51.0,1310.0,26.3,75,4.4,977.9
2026-06-16 00:00:00,53.4,40.7,18.2,79.0,991.0,26.8,79,6.4,978.3
2026-06-16 01:00:00,53.4,40.4,18.8,82.0,1258.0,26.0,71,12.2,979.6
2026-06-16 02:00:00,66.6,43.4,19.4,88.0,1792.0,24.9,80,4.5,980.3
2026-06-16 03:00:00,85.0,47.1,18.5,101.0,2044.0,24.9,90,8.2,979.9
2026-06-16 04:00:00,91.0,47.5,14.7,127.0,1686.0,25.6,85,11.4,980.1
2026-06-16 05:00:00,90.3,46.6,9.3,161.0,1047.0,28.1,71,9.7,980.5
2026-06-16 06:00:00,94.3,47.3,5.3,186.0,566.0,29.8,56,11.9,981.2
2026-06-16 07:00:00,95.9,47.0,3.8,196.0,435.0,30.6,53,5.7,981.3
2026-06-16 08:00:00,95.2,46.3,3.7,198.0,462.0,31.8,52,6.0,980.4
2026-06-16 09:00:00,99.9,48.5,4.2,199.0,516.0,32.4,52,4.6,979.2
2026-06-16 10:00:00,91.7,46.3,2.5,206.0,479.0,33.1,51,1.2,978.9
2026-06-16 11:00:00,92.7,47.5,1.3,212.0,468.0,33.1,50,3.7,978.7
2026-06-16 12:00:00,65.0,39.1,8.6,157.0,705.0,32.9,43,3.7,977.7
2026-06-16 13:00:00,64.3,40.5,21.8,131.0,1488.0,32.5,46,1.1,977.9
2026-06-16 14:00:00,61.7,45.2,40.2,95.0,2518.0,31.2,62,0.4,978.2
2026-06-16 15:00:00,62.6,48.1,54.7,66.0,3124.0,30.7,63,2.5,978.3
2026-06-16 16:00:00,63.6,51.7,61.2,51.0,2905.0,29.8,64,4.9,978.9
2026-06-16 17:00:00,65.0,54.6,63.8,42.0,2262.0,29.1,67,4.9,979.1
2026-06-16 18:00:00,65.9,52.6,66.3,34.0,1726.0,29.4,69,4.7,979.2
2026-06-16 19:00:00,68.2,55.1,70.0,25.0,1511.0,29.0,72,3.0,978.7
2026-06-16 20:00:00,72.2,59.1,73.5,18.0,1403.0,28.5,73,0.7,978.6
2026-06-16 21:00:00,79.4,64.7,76.6,12.0,1293.0,27.3,80,3.4,978.7
2026-06-16 22:00:00,85.4,68.7,81.1,4.0,1110.0,26.8,82,4.0,979.0
2026-06-16 23:00:00,90.3,72.6,85.3,0.0,925.0,26.4,84,3.5,979.2
2026-06-17 00:00:00,75.9,62.4,59.0,23.0,846.0,26.8,86,3.3,979.2
2026-06-17 01:00:00,76.1,62.6,50.5,39.0,993.0,27.0,85,3.4,979.6
2026-06-17 02:00:00,83.4,55.9,38.6,63.0,1246.0,28.2,81,3.2,980.1
2026-06-17 03:00:00,93.6,52.6,27.7,91.0,1350.0,30.0,72,3.1,980.6
2026-06-17 04:00:00,92.4,50.4,19.0,128.0,1143.0,31.5,64,4.9,980.8
2026-06-17 05:00:00,81.7,47.5,11.4,170.0,788.0,32.8,57,5.1,980.6
2026-06-17 06:00:00,77.1,47.7,6.0,201.0,517.0,34.0,44,3.3,980.8
2026-06-17 07:00:00,74.7,47.6,3.8,215.0,425.0,34.6,40,3.7,980.4
2026-06-17 08:00:00,73.3,47.5,3.9,218.0,417.0,34.8,39,2.9,979.7
2026-06-17 09:00:00,71.9,47.4,4.6,220.0,443.0,35.0,38,1.6,978.9
2026-06-17 10:00:00,70.3,47.5,2.8,227.0,418.0,35.0,38,2.7,978.5
2026-06-17 11:00:00,69.2,47.5,1.6,232.0,427.0,34.9,39,2.3,977.8
2026-06-17 12:00:00,76.4,49.6,8.9,212.0,668.0,35.8,37,2.2,976.6
2026-06-17 13:00:00,74.3,49.2,32.1,174.0,1395.0,35.0,42,4.3,976.6
2026-06-17 14:00:00,75.4,57.7,64.3,120.0,2354.0,33.0,56,2.8,977.0
2026-06-17 15:00:00,92.0,71.9,89.2,76.0,2984.0,32.2,64,0.6,977.3
2026-06-17 16:00:00,105.5,85.2,100.2,51.0,3005.0,31.4,68,2.3,977.6
2026-06-17 17:00:00,109.2,90.6,103.9,36.0,2697.0,30.7,70,2.9,977.7
2026-06-17 18:00:00,100.4,83.8,104.7,25.0,2336.0,30.5,64,4.9,978.8
2026-06-17 19:00:00,95.5,79.9,103.2,16.0,1968.0,29.6,67,4.5,978.1
2026-06-17 20:00:00,97.1,80.6,98.8,12.0,1548.0,29.1,68,4.2,977.7
2026-06-17 21:00:00,99.2,82.7,93.6,9.0,1211.0,28.6,68,4.1,977.3
2026-06-17 22:00:00,94.1,80.1,88.6,4.0,992.0,28.0,69,4.4,977.4
2026-06-17 23:00:00,90.1,78.2,82.9,1.0,858.0,27.5,71,4.5,977.7
2026-06-18 00:00:00,92.2,83.4,59.5,32.0,844.0,27.3,73,4.8,978.1
2026-06-18 01:00:00,92.2,84.3,51.1,61.0,1057.0,27.5,72,4.5,978.5
2026-06-18 02:00:00,84.5,72.6,39.2,103.0,1392.0,28.8,69,3.1,978.9
2026-06-18 03:00:00,71.2,57.3,28.3,142.0,1564.0,30.6,61,3.8,979.4
2026-06-18 04:00:00,67.5,53.7,19.3,176.0,1408.0,32.2,56,3.3,979.5
2026-06-18 05:00:00,65.2,50.4,11.3,207.0,1090.0,33.8,50,2.9,979.6
2026-06-18 06:00:00,61.9,45.3,5.6,227.0,828.0,35.0,42,2.0,979.7
2026-06-18 07:00:00,59.1,41.9,3.3,229.0,703.0,35.8,41,1.2,979.3
2026-06-18 08:00:00,58.1,40.4,3.4,220.0,634.0,36.5,37,0.7,978.4
2026-06-18 09:00:00,57.9,39.7,4.0,210.0,593.0,36.8,35,1.0,977.8
2026-06-18 10:00:00,57.4,38.9,3.7,203.0,587.0,36.6,35,2.0,977.2
2026-06-18 11:00:00,55.6,37.5,4.0,195.0,610.0,36.5,33,7.7,977.0
2026-06-18 12:00:00,64.7,42.8,7.7,185.0,618.0,37.0,33,4.7,975.6
2026-06-18 13:00:00,60.8,42.0,17.4,156.0,564.0,35.7,41,5.1,975.4
2026-06-18 14:00:00,62.6,45.4,30.6,117.0,496.0,34.0,45,4.9,976.0
2026-06-18 15:00:00,65.4,49.8,38.4,89.0,514.0,33.0,44,5.7,976.5
2026-06-18 16:00:00,66.8,51.1,35.5,85.0,725.0,31.8,52,4.5,977.0
2026-06-18 17:00:00,64.5,48.8,27.4,94.0,1023.0,31.2,58,3.7,977.2
2026-06-18 18:00:00,56.3,41.1,21.1,98.0,1192.0,30.2,55,12.9,978.1
2026-06-18 19:00:00,49.2,37.1,19.6,92.0,1097.0,28.9,59,5.2,977.2
2026-06-18 20:00:00,48.0,36.2,20.1,82.0,872.0,28.2,65,3.6,976.9
2026-06-18 21:00:00,47.1,36.1,21.1,73.0,703.0,28.2,62,5.0,976.6
2026-06-18 22:00:00,46.4,35.6,22.7,64.0,658.0,27.8,65,4.3,977.0
2026-06-18 23:00:00,46.4,35.7,24.8,56.0,669.0,27.1,70,3.4,977.7
2026-06-19 00:00:00,53.7,40.2,19.1,76.0,714.0,26.9,70,10.0,977.4
2026-06-19 01:00:00,54.4,42.1,20.0,83.0,822.0,26.9,71,6.1,977.7
2026-06-19 02:00:00,58.4,43.5,21.0,93.0,964.0,27.0,70,14.8,978.7
2026-06-19 03:00:00,62.2,44.0,20.2,109.0,1031.0,25.8,77,5.8,979.4
2026-06-19 04:00:00,64.3,42.5,15.7,135.0,952.0,27.7,72,4.8,979.4
2026-06-19 05:00:00,65.9,41.8,9.5,166.0,798.0,31.4,52,5.8,980.0
2026-06-19 06:00:00,66.6,41.2,4.8,190.0,670.0,32.4,47,4.4,979.9
2026-06-19 07:00:00,68.0,41.2,3.3,201.0,599.0,33.5,44,4.6,979.6
2026-06-19 08:00:00,70.3,41.8,3.5,205.0,553.0,34.4,42,3.1,979.4
2026-06-19 09:00:00,71.2,41.2,4.1,205.0,542.0,35.1,40,2.1,978.8
2026-06-19 10:00:00,71.5,40.4,4.2,202.0,564.0,34.7,39,3.9,978.6
2026-06-19 11:00:00,70.5,39.6,4.6,193.0,620.0,33.8,42,5.8,978.0
2026-06-19 12:00:00,63.6,42.4,7.9,200.0,722.0,31.6,51,5.0,978.3
2026-06-19 13:00:00,62.6,42.6,27.6,165.0,914.0,32.6,48,4.7,978.4
2026-06-19 14:00:00,65.7,50.5,55.3,115.0,1152.0,31.8,51,3.7,978.4
2026-06-19 15:00:00,81.0,65.0,79.5,74.0,1320.0,30.9,57,3.4,978.5
2026-06-19 16:00:00,95.5,78.9,97.0,49.0,1373.0,30.4,63,1.6,979.0
2026-06-19 17:00:00,110.6,94.3,111.1,32.0,1355.0,29.9,65,1.3,979.0
2026-06-19 18:00:00,121.5,105.2,120.0,19.0,1281.0,31.1,56,4.3,979.2
2026-06-19 19:00:00,125.7,109.4,121.3,12.0,1114.0,30.0,59,5.3,978.8
2026-06-19 20:00:00,122.9,107.3,117.5,9.0,890.0,29.1,62,6.1,978.5
2026-06-19 21:00:00,125.3,109.2,114.2,7.0,736.0,28.5,64,6.2,978.5
2026-06-19 22:00:00,129.9,113.9,116.2,0.0,702.0,27.9,67,4.9,978.1
2026-06-19 23:00:00,134.1,117.6,118.8,0.0,738.0,27.5,70,3.1,978.3
2026-06-20 00:00:00,92.4,81.3,68.4,15.0,814.0,27.2,79,1.3,978.1
2026-06-20 01:00:00,92.2,81.7,57.5,43.0,981.0,27.4,80,1.3,978.5
2026-06-20 02:00:00,80.1,69.4,42.1,83.0,1188.0,29.5,65,2.2,979.1
2026-06-20 03:00:00,59.5,46.9,28.5,119.0,1259.0,31.7,52,2.6,979.8
2026-06-20 04:00:00,53.7,40.2,18.5,148.0,1060.0,33.6,44,2.9,980.0
2026-06-20 05:00:00,51.5,36.6,10.2,174.0,725.0,35.1,39,4.3,979.9
2026-06-20 06:00:00,50.6,35.4,4.5,191.0,470.0,36.1,34,5.6,980.2
2026-06-20 07:00:00,49.8,34.7,2.4,196.0,391.0,36.7,33,5.6,979.7
2026-06-20 08:00:00,49.4,34.0,2.8,193.0,394.0,37.4,30,5.6,979.0
2026-06-20 09:00:00,49.6,33.2,3.7,187.0,412.0,37.8,29,6.4,978.5
2026-06-20 10:00:00,49.8,32.1,3.5,182.0,404.0,37.1,29,8.0,977.8
2026-06-20 11:00:00,50.5,31.3,3.9,175.0,411.0,37.4,28,6.9,977.4
2026-06-20 12:00:00,47.7,27.8,7.5,165.0,495.0,38.0,26,8.2,976.8
2026-06-20 13:00:00,47.5,29.2,18.4,140.0,743.0,37.0,27,7.4,976.7
2026-06-20 14:00:00,51.1,36.0,33.3,104.0,1068.0,35.8,31,5.6,977.1
2026-06-20 15:00:00,55.8,40.2,44.4,76.0,1272.0,34.7,33,7.7,977.3
2026-06-20 16:00:00,61.0,42.0,48.3,62.0,1257.0,33.7,36,7.7,977.8
2026-06-20 17:00:00,68.7,46.0,48.3,56.0,1122.0,33.1,38,6.9,977.6
2026-06-20 18:00:00,75.7,50.5,46.6,52.0,964.0,33.2,40,7.1,977.8
2026-06-20 19:00:00,79.2,52.3,42.7,51.0,786.0,32.4,43,7.1,977.3
2026-06-20 20:00:00,81.5,52.7,37.1,54.0,585.0,31.4,49,7.9,977.1
2026-06-20 21:00:00,83.1,53.4,33.3,54.0,454.0,30.8,54,7.2,976.7
2026-06-20 22:00:00,83.4,54.1,33.7,47.0,445.0,30.2,57,5.8,976.5
2026-06-20 23:00:00,83.6,54.8,35.9,37.0,506.0,29.7,59,4.5,976.7
2026-06-21 00:00:00,89.9,51.9,30.5,38.0,576.0,30.0,65,3.2,976.8
2026-06-21 01:00:00,90.3,53.9,26.9,53.0,661.0,30.2,62,3.5,977.1
2026-06-21 02:00:00,93.1,53.4,21.8,74.0,754.0,31.3,58,0.4,977.6
2026-06-21 03:00:00,98.5,51.6,16.7,96.0,780.0,33.3,51,1.8,978.0
2026-06-21 04:00:00,96.4,47.8,11.7,119.0,676.0,34.9,42,4.0,977.9
2026-06-21 05:00:00,91.3,42.6,6.7,144.0,504.0,35.5,38,10.6,978.2
2026-06-21 06:00:00,97.3,43.8,3.2,161.0,370.0,37.0,29,9.6,977.5
2026-06-21 07:00:00,100.8,44.9,2.0,168.0,320.0,37.4,29,8.5,977.2
2026-06-21 08:00:00,102.0,45.3,2.2,167.0,308.0,37.6,28,10.7,976.8
2026-06-21 09:00:00,93.8,42.0,2.8,165.0,309.0,37.1,29,7.7,976.1
2026-06-21 10:00:00,87.1,39.3,2.7,163.0,302.0,37.6,28,7.0,975.8
2026-06-21 11:00:00,82.2,37.6,2.9,159.0,308.0,37.7,27,8.3,975.8
2026-06-21 12:00:00,76.1,35.9,5.5,147.0,361.0,35.1,33,17.8,975.1
2026-06-21 13:00:00,68.0,35.5,10.1,133.0,510.0,32.6,44,7.3,975.4
2026-06-21 14:00:00,66.8,36.7,16.5,113.0,705.0,32.1,47,7.2,975.8
2026-06-21 15:00:00,65.7,39.1,22.3,94.0,832.0,31.5,52,1.9,976.0
2026-06-21 16:00:00,64.7,40.4,26.7,79.0,828.0,30.9,56,3.9,976.3
2026-06-21 17:00:00,61.5,41.4,30.4,66.0,755.0,30.2,59,4.8,976.5
2026-06-21 18:00:00,60.3,42.7,33.5,55.0,682.0,27.1,62,10.1,977.2
2026-06-21 19:00:00,58.7,42.3,35.7,47.0,626.0,27.0,64,8.3,976.7
2026-06-21 20:00:00,57.6,42.3,37.3,40.0,570.0,27.0,63,7.9,976.3
2026-06-21 21:00:00,56.6,43.1,38.8,35.0,528.0,27.2,68,3.1,976.1
2026-06-21 22:00:00,59.3,44.8,41.2,29.0,498.0,26.8,65,10.2,976.6
2026-06-21 23:00:00,59.5,45.6,43.5,24.0,482.0,26.3,64,8.9,976.8
2026-06-22 00:00:00,46.3,34.3,24.8,58.0,503.0,26.6,69,4.4,977.6
2026-06-22 01:00:00,48.1,36.4,23.4,68.0,605.0,26.2,70,3.6,978.0
2026-06-22 02:00:00,54.1,38.5,21.3,83.0,744.0,26.9,67,4.1,979.1
2026-06-22 03:00:00,58.4,38.8,18.4,103.0,814.0,28.6,60,5.3,979.4
2026-06-22 04:00:00,59.6,37.5,14.1,132.0,745.0,30.2,54,6.0,979.8
2026-06-22 05:00:00,61.0,37.6,9.1,165.0,606.0,31.6,49,4.2,979.9
2026-06-22 06:00:00,62.6,37.8,5.4,191.0,502.0,33.6,43,3.6,979.7
2026-06-22 07:00:00,64.3,38.5,4.0,205.0,481.0,34.8,40,2.0,979.4
2026-06-22 08:00:00,65.7,39.0,3.9,211.0,495.0,34.5,40,7.7,979.0
2026-06-22 09:00:00,69.6,41.1,4.2,212.0,501.0,32.8,45,8.9,978.1
2026-06-22 10:00:00,64.3,38.3,4.6,208.0,477.0,32.7,46,8.0,977.9
2026-06-22 11:00:00,62.6,36.6,5.5,199.0,445.0,32.9,47,4.2,977.2
2026-06-22 12:00:00,39.6,27.3,7.9,208.0,433.0,35.3,35,9.2,976.1
2026-06-22 13:00:00,38.6,26.5,18.8,177.0,452.0,34.6,37,7.0,976.1
2026-06-22 14:00:00,41.9,32.0,33.8,134.0,492.0,34.1,38,4.5,976.5
2026-06-22 15:00:00,46.3,37.6,45.9,98.0,546.0,33.4,40,6.0,976.6
2026-06-22 16:00:00,48.3,39.0,52.3,75.0,639.0,32.8,44,2.7,976.9
2026-06-22 17:00:00,51.1,39.9,55.8,60.0,747.0,32.1,47,2.4,977.0
2026-06-22 18:00:00,56.2,42.8,56.8,48.0,789.0,32.2,47,3.4,976.7
2026-06-22 19:00:00,61.0,45.8,54.1,42.0,701.0,31.3,54,1.3,976.3
2026-06-22 20:00:00,61.2,45.6,48.9,40.0,548.0,30.8,55,1.4,976.2
2026-06-22 21:00:00,63.3,46.3,45.9,37.0,441.0,30.2,57,1.2,976.1
2026-06-22 22:00:00,66.8,48.5,48.5,27.0,420.0,29.5,61,0.8,976.0
2026-06-22 23:00:00,70.3,51.7,53.3,16.0,445.0,29.2,66,0.0,975.9
2026-06-23 00:00:00,94.8,72.6,75.6,6.0,512.0,29.7,60,1.3,975.8
2026-06-23 01:00:00,95.5,76.1,63.0,37.0,668.0,29.6,60,4.2,975.9
2026-06-23 02:00:00,79.4,60.8,45.3,81.0,865.0,31.0,55,2.8,976.3
2026-06-23 03:00:00,58.6,42.6,29.9,120.0,954.0,33.1,45,4.6,976.7
2026-06-23 04:00:00,45.9,32.6,19.0,151.0,834.0,34.6,39,6.2,976.7
2026-06-23 05:00:00,43.9,28.1,10.5,177.0,606.0,34.8,39,8.5,976.7
2026-06-23 06:00:00,48.1,28.1,4.6,196.0,425.0,33.2,45,4.8,977.0
2026-06-23 07:00:00,54.2,29.3,2.4,204.0,352.0,35.9,35,6.5,976.3
2026-06-23 08:00:00,60.3,31.0,3.0,204.0,326.0,37.2,30,5.1,975.4
2026-06-23 09:00:00,62.6,31.7,3.9,201.0,320.0,37.8,29,7.0,974.5
2026-06-23 10:00:00,62.6,31.8,3.5,196.0,312.0,38.0,28,7.8,973.8
2026-06-23 11:00:00,61.7,31.3,3.5,188.0,324.0,37.8,28,9.9,973.3
2026-06-23 12:00:00,82.4,36.9,6.6,164.0,396.0,37.2,30,9.0,972.6
2026-06-23 13:00:00,77.1,37.5,16.9,139.0,566.0,36.5,32,9.0,972.7
2026-06-23 14:00:00,78.5,40.3,31.2,103.0,796.0,35.6,34,9.4,973.0
2026-06-23 15:00:00,81.3,47.6,43.1,74.0,1014.0,35.1,35,8.6,973.3
2026-06-23 16:00:00,88.0,54.0,50.5,56.0,1239.0,34.5,36,5.4,973.7
2026-06-23 17:00:00,87.5,55.9,55.5,44.0,1453.0,33.6,40,3.1,974.1
2026-06-23 18:00:00,87.3,55.3,57.8,36.0,1524.0,34.2,40,4.0,974.0
2026-06-23 19:00:00,85.7,54.1,55.8,32.0,1335.0,32.5,49,7.8,974.3
2026-06-23 20:00:00,85.2,53.6,51.2,33.0,1004.0,31.7,52,5.8,974.3
2026-06-23 21:00:00,85.2,53.3,48.5,32.0,755.0,31.1,55,4.8,974.3
2026-06-23 22:00:00,88.2,53.9,51.0,25.0,679.0,29.4,56,11.6,975.2
2026-06-23 23:00:00,92.7,56.0,55.4,17.0,685.0,28.2,63,8.2,975.3
2026-06-24 00:00:00,63.6,41.8,29.1,48.0,718.0,30.7,62,1.2,974.7
2026-06-24 01:00:00,58.4,41.2,28.1,57.0,797.0,29.2,59,12.4,975.7
2026-06-24 02:00:00,65.9,43.1,26.6,72.0,905.0,30.2,56,2.5,975.6
2026-06-24 03:00:00,80.8,44.8,23.7,93.0,932.0,32.3,50,7.4,976.2
2026-06-24 04:00:00,92.0,46.8,18.3,127.0,798.0,34.5,42,7.8,976.6
2026-06-24 05:00:00,105.2,50.2,11.5,168.0,583.0,36.3,35,6.7,976.7
2026-06-24 06:00:00,114.6,51.9,6.4,199.0,427.0,37.8,27,6.1,976.2
2026-06-24 07:00:00,113.9,50.3,4.3,211.0,395.0,38.8,26,4.8,975.7
2026-06-24 08:00:00,105.5,46.8,3.9,212.0,422.0,39.2,25,4.4,975.0
2026-06-24 09:00:00,96.4,43.3,4.2,211.0,446.0,39.4,26,5.6,974.3
2026-06-24 10:00:00,90.6,41.0,3.8,211.0,425.0,39.5,26,6.7,973.9
2026-06-24 11:00:00,88.7,40.2,4.1,208.0,401.0,38.8,28,6.5,973.5
2026-06-24 12:00:00,88.5,40.3,7.9,196.0,445.0,37.2,33,8.5,973.0
2026-06-24 13:00:00,87.3,42.4,18.4,167.0,626.0,36.7,33,9.9,973.3
2026-06-24 14:00:00,88.7,46.6,32.4,129.0,875.0,35.4,37,12.6,973.3
2026-06-24 15:00:00,91.5,54.1,43.3,97.0,1047.0,33.8,44,10.4,973.7
2026-06-24 16:00:00,97.1,59.5,48.7,75.0,1083.0,32.9,47,10.3,974.6
2026-06-24 17:00:00,102.2,63.1,51.0,58.0,1043.0,32.4,48,10.5,975.3
2026-06-24 18:00:00,100.4,60.5,50.8,47.0,964.0,32.1,51,10.1,975.5
2026-06-24 19:00:00,95.5,55.3,46.7,43.0,828.0,31.2,55,9.9,975.5
2026-06-24 20:00:00,92.0,52.6,40.1,45.0,653.0,30.8,57,10.7,975.5
2026-06-24 21:00:00,92.9,51.9,35.5,47.0,525.0,30.3,58,10.2,975.4
2026-06-24 22:00:00,94.1,52.2,35.7,45.0,477.0,29.8,60,9.7,975.1
2026-06-24 23:00:00,94.3,52.0,38.0,42.0,476.0,29.4,63,7.7,975.7
2026-06-25 00:00:00,96.9,53.4,38.6,45.0,507.0,24.5,94,18.5,978.3
2026-06-25 01:00:00,89.6,54.4,36.2,55.0,591.0,24.3,94,16.6,978.5
2026-06-25 02:00:00,85.4,53.7,32.1,72.0,708.0,24.7,92,15.0,978.9
2026-06-25 03:00:00,93.8,51.9,26.9,94.0,774.0,25.6,84,13.6,979.5
2026-06-25 04:00:00,90.1,47.7,19.6,128.0,734.0,26.4,78,12.1,980.1
2026-06-25 05:00:00,81.7,43.4,11.3,169.0,645.0,26.9,76,11.4,979.9
2026-06-25 06:00:00,73.8,41.0,5.2,200.0,594.0,28.4,66,12.3,979.9
2026-06-25 07:00:00,69.4,39.8,3.2,213.0,618.0,27.4,72,10.7,979.3
2026-06-25 08:00:00,67.8,39.7,3.5,216.0,681.0,28.4,69,9.4,978.8
2026-06-25 09:00:00,67.3,40.3,4.3,217.0,759.0,29.5,67,6.8,978.1
2026-06-25 10:00:00,65.9,40.2,4.2,220.0,800.0,30.1,66,4.9,977.4
2026-06-25 11:00:00,65.7,40.5,4.7,221.0,857.0,30.4,65,5.8,976.6
2026-06-25 12:00:00,125.3,52.5,9.1,163.0,1066.0,32.2,54,3.2,976.3
2026-06-25 13:00:00,125.7,53.2,27.8,134.0,1617.0,32.0,56,3.2,976.5
2026-06-25 14:00:00,109.9,57.7,53.3,94.0,2321.0,30.9,65,3.2,976.7
2026-06-25 15:00:00,110.1,66.6,71.1,62.0,2743.0,30.2,68,4.0,976.7
2026-06-25 16:00:00,109.9,69.8,74.0,48.0,2652.0,29.8,71,2.7,977.1
2026-06-25 17:00:00,103.6,68.7,69.0,43.0,2280.0,28.9,74,4.3,977.3
2026-06-25 18:00:00,99.0,66.6,62.9,40.0,1888.0,29.5,72,6.2,977.2
2026-06-25 19:00:00,94.5,62.9,56.7,39.0,1534.0,28.9,74,4.2,977.0
2026-06-25 20:00:00,91.3,60.3,49.4,41.0,1159.0,28.6,75,3.9,977.1
2026-06-25 21:00:00,89.4,59.8,44.0,41.0,853.0,28.3,76,4.6,977.0
2026-06-25 22:00:00,88.5,60.1,42.9,36.0,633.0,28.0,79,3.4,977.0
2026-06-25 23:00:00,86.1,59.8,43.9,29.0,481.0,27.7,81,3.1,977.6
2026-06-26 00:00:00,75.9,56.6,40.4,34.0,433.0,28.1,78,4.4,977.8
2026-06-26 01:00:00,75.9,57.3,36.7,50.0,572.0,28.3,77,1.3,978.2
2026-06-26 02:00:00,80.1,55.9,31.2,73.0,815.0,29.1,75,3.0,979.0
2026-06-26 03:00:00,89.4,52.3,25.3,101.0,951.0,30.4,68,4.5,979.6
2026-06-26 04:00:00,105.9,53.8,18.4,137.0,863.0,31.8,64,4.5,979.6
2026-06-26 05:00:00,114.6,55.4,11.0,178.0,668.0,32.8,60,3.5,979.6
2026-06-26 06:00:00,105.9,53.3,5.7,210.0,507.0,33.6,55,2.2,979.8
2026-06-26 07:00:00,102.0,53.6,3.8,225.0,426.0,34.7,52,4.6,979.3
2026-06-26 08:00:00,98.7,53.6,3.9,231.0,380.0,35.3,49,8.8,978.6
2026-06-26 09:00:00,93.8,52.6,4.6,234.0,373.0,35.2,48,9.7,977.9
2026-06-26 10:00:00,91.3,52.9,3.7,240.0,369.0,35.0,49,7.8,977.2
2026-06-26 11:00:00,86.8,51.9,3.5,242.0,403.0,35.0,49,6.8,976.7
2026-06-26 12:00:00,91.0,60.5,9.3,226.0,589.0,35.8,41,2.1,975.9
2026-06-26 13:00:00,88.2,60.8,38.1,181.0,1099.0,34.5,56,1.3,976.1
2026-06-26 14:00:00,99.2,77.1,77.7,120.0,1759.0,32.9,61,0.4,976.4
2026-06-26 15:00:00,114.3,92.0,105.6,72.0,2165.0,31.7,69,1.2,976.8
2026-06-26 16:00:00,118.5,98.0,111.7,51.0,2082.0,31.3,73,1.1,977.1
2026-06-26 17:00:00,125.3,104.8,106.3,45.0,1743.0,30.9,74,1.9,977.5
2026-06-26 18:00:00,128.1,106.9,97.3,42.0,1447.0,31.7,72,1.0,977.5
2026-06-26 19:00:00,120.6,98.5,84.7,43.0,1293.0,30.8,73,1.2,977.3
2026-06-26 20:00:00,119.0,94.5,68.5,48.0,1180.0,29.8,79,3.6,977.1
2026-06-26 21:00:00,122.0,94.8,57.8,49.0,1108.0,29.7,80,2.8,976.9
2026-06-26 22:00:00,128.5,97.3,58.9,38.0,1086.0,29.5,80,2.2,977.1
2026-06-26 23:00:00,139.2,102.9,65.3,24.0,1103.0,29.0,82,2.5,977.2
2026-06-27 00:00:00,130.9,106.4,59.9,25.0,1127.0,29.2,86,0.5,977.0
2026-06-27 01:00:00,130.4,106.4,50.7,51.0,1176.0,29.1,86,4.2,977.5
2026-06-27 02:00:00,126.7,96.4,37.7,89.0,1232.0,30.6,78,4.6,977.9
2026-06-27 03:00:00,124.3,77.5,26.1,127.0,1205.0,32.4,67,5.3,978.4
2026-06-27 04:00:00,124.3,72.9,17.4,165.0,1013.0,34.1,57,5.9,978.4
2026-06-27 05:00:00,118.7,71.5,10.2,203.0,739.0,35.4,50,5.4,978.4
2026-06-27 06:00:00,109.7,68.2,5.2,230.0,539.0,36.3,47,5.2,978.4
2026-06-27 07:00:00,103.8,65.4,3.3,240.0,489.0,36.8,45,4.7,977.9
2026-06-27 08:00:00,99.0,62.4,3.6,238.0,512.0,37.3,43,4.6,977.2
2026-06-27 09:00:00,94.1,59.5,4.4,234.0,540.0,37.6,42,4.1,976.4
2026-06-27 10:00:00,88.0,57.0,4.0,231.0,527.0,37.7,41,4.6,975.7
2026-06-27 11:00:00,81.3,54.1,4.1,226.0,518.0,37.5,41,3.9,974.7
2026-06-27 12:00:00,85.0,57.0,8.4,213.0,578.0,37.4,41,7.4,973.9
2026-06-27 13:00:00,80.6,57.9,29.5,173.0,754.0,36.1,51,6.8,973.8
2026-06-27 14:00:00,85.0,65.0,59.0,118.0,998.0,34.5,58,4.4,973.8
2026-06-27 15:00:00,99.9,79.9,83.8,72.0,1233.0,33.5,62,3.7,973.7
2026-06-27 16:00:00,110.8,90.1,100.5,45.0,1477.0,33.3,59,4.2,974.1
2026-06-27 17:00:00,121.1,100.8,112.4,27.0,1713.0,32.5,61,4.6,974.4
2026-06-27 18:00:00,116.4,99.0,116.6,17.0,1807.0,33.0,61,6.1,974.2
2026-06-27 19:00:00,111.1,95.2,109.0,16.0,1658.0,32.3,63,5.2,974.2
2026-06-27 20:00:00,107.3,92.0,93.7,23.0,1368.0,31.9,63,5.2,974.2
2026-06-27 21:00:00,103.8,88.7,79.5,30.0,1110.0,31.5,64,5.3,974.1
2026-06-27 22:00:00,99.9,85.2,70.0,31.0,930.0,31.1,64,5.8,974.0
2026-06-27 23:00:00,97.8,82.9,61.7,32.0,782.0,27.5,79,18.2,975.3
2026-06-28 00:00:00,92.0,77.5,47.7,48.0,705.0,31.5,66,6.8,973.3
2026-06-28 01:00:00,88.5,74.5,40.9,71.0,761.0,26.8,80,24.4,975.2
2026-06-28 02:00:00,87.3,72.6,31.4,103.0,887.0,26.8,88,8.0,974.8
2026-06-28 03:00:00,87.3,67.8,22.7,136.0,940.0,29.9,77,7.3,975.6
2026-06-28 04:00:00,85.4,64.7,15.7,169.0,837.0,32.3,67,9.1,975.6
2026-06-28 05:00:00,83.6,61.9,9.5,202.0,660.0,34.3,59,9.5,975.8
2026-06-28 06:00:00,80.3,58.2,5.1,223.0,510.0,35.9,53,8.8,975.7
2026-06-28 07:00:00,75.2,52.4,3.2,225.0,420.0,37.4,45,7.8,975.1
2026-06-28 08:00:00,70.8,47.3,3.0,214.0,357.0,38.4,42,6.6,974.5
2026-06-28 09:00:00,67.8,44.5,3.3,202.0,324.0,38.9,39,6.3,973.5
2026-06-28 10:00:00,63.3,40.7,2.5,192.0,308.0,39.2,37,6.8,972.7
2026-06-28 11:00:00,58.3,36.1,2.0,181.0,321.0,39.1,37,7.3,972.2
2026-06-28 12:00:00,54.6,32.1,5.2,164.0,404.0,38.3,41,7.7,971.8
2026-06-28 13:00:00,53.1,32.4,15.4,137.0,630.0,37.2,48,4.9,971.5
2026-06-28 14:00:00,56.6,37.5,29.1,104.0,926.0,35.9,56,3.1,971.5
2026-06-28 15:00:00,66.6,46.8,39.5,77.0,1111.0,34.9,58,4.5,971.6
2026-06-28 16:00:00,73.1,53.6,43.8,59.0,1079.0,34.2,59,5.1,972.1
2026-06-28 17:00:00,74.3,54.6,44.7,46.0,936.0,33.5,62,5.0,972.2
2026-06-28 18:00:00,74.5,52.6,43.6,38.0,820.0,35.0,50,8.2,972.5
2026-06-28 19:00:00,75.0,48.2,39.5,37.0,793.0,34.2,52,7.0,972.3
2026-06-28 20:00:00,80.1,45.3,33.3,41.0,792.0,33.5,53,7.4,971.9
2026-06-28 21:00:00,82.2,43.4,29.6,43.0,765.0,32.7,56,6.6,971.7
2026-06-28 22:00:00,86.8,44.7,31.5,36.0,661.0,31.7,62,5.1,971.8
2026-06-28 23:00:00,93.6,47.8,35.9,28.0,530.0,31.8,64,0.7,972.2
2026-06-29 00:00:00,49.4,40.3,33.0,37.0,474.0,31.9,69,2.7,971.8
2026-06-29 01:00:00,54.8,46.3,30.0,55.0,580.0,32.0,65,4.3,972.0
2026-06-29 02:00:00,62.2,52.7,25.6,82.0,760.0,33.1,61,1.8,972.2
2026-06-29 03:00:00,67.8,53.3,20.9,111.0,850.0,34.8,53,2.8,972.6
2026-06-29 04:00:00,66.1,50.3,15.6,147.0,752.0,36.2,49,6.3,973.1
2026-06-29 05:00:00,61.7,45.6,9.9,186.0,565.0,37.5,44,7.2,973.3
2026-06-29 06:00:00,59.4,42.1,5.7,212.0,416.0,38.1,40,7.0,973.6
2026-06-29 07:00:00,59.4,39.2,4.0,217.0,356.0,38.7,39,7.2,973.5
2026-06-29 08:00:00,62.2,37.3,3.8,209.0,335.0,39.5,37,8.1,973.0
2026-06-29 09:00:00,63.3,34.6,4.1,197.0,329.0,39.9,36,8.3,972.3
2026-06-29 10:00:00,64.7,32.0,4.0,183.0,329.0,40.1,36,7.8,971.7
2026-06-29 11:00:00,71.2,32.7,4.4,164.0,345.0,39.9,36,6.4,970.9
2026-06-29 12:00:00,77.3,34.2,7.6,154.0,384.0,40.0,34,9.0,970.7
2026-06-29 13:00:00,75.7,35.5,18.9,129.0,461.0,39.4,36,7.6,970.4
2026-06-29 14:00:00,82.2,41.6,34.7,93.0,560.0,38.7,38,7.8,970.3
2026-06-29 15:00:00,86.8,47.7,47.1,64.0,645.0,37.8,42,6.8,970.6
2026-06-29 16:00:00,96.9,51.2,53.0,47.0,701.0,36.6,47,4.4,971.2
2026-06-29 17:00:00,109.2,57.3,55.6,37.0,743.0,35.9,55,2.6,971.6
2026-06-29 18:00:00,117.1,62.9,57.1,29.0,773.0,36.5,46,7.4,971.5
2026-06-29 19:00:00,121.5,65.7,58.2,22.0,802.0,35.3,50,6.0,971.4
2026-06-29 20:00:00,124.3,69.2,58.3,17.0,819.0,34.4,56,3.7,971.3
2026-06-29 21:00:00,123.9,70.8,57.3,15.0,795.0,33.8,56,3.5,971.0
2026-06-29 22:00:00,117.6,70.8,55.1,12.0,678.0,33.0,59,2.0,971.2
2026-06-29 23:00:00,110.6,68.9,51.8,12.0,520.0,32.0,66,6.6,971.3
2026-06-30 00:00:00,128.1,68.9,48.7,16.0,444.0,33.8,56,5.2,971.2
2026-06-30 01:00:00,128.1,68.9,43.4,35.0,551.0,33.5,59,1.7,971.8
2026-06-30 02:00:00,132.2,68.2,35.8,64.0,741.0,32.6,65,8.7,972.3
2026-06-30 03:00:00,133.6,65.2,28.1,97.0,837.0,33.7,62,6.3,972.8
2026-06-30 04:00:00,127.1,63.1,20.4,140.0,734.0,35.6,55,4.3,973.3
2026-06-30 05:00:00,123.4,62.6,12.7,189.0,537.0,37.7,45,3.8,973.4
2026-06-30 06:00:00,121.5,61.5,7.0,220.0,382.0,38.4,41,6.3,974.0
2026-06-30 07:00:00,123.4,61.0,4.5,222.0,323.0,38.6,40,9.0,973.8
2026-06-30 08:00:00,119.0,57.0,4.0,208.0,307.0,39.0,39,9.8,973.5
2026-06-30 09:00:00,118.7,54.9,4.3,192.0,306.0,39.0,37,8.6,972.9
2026-06-30 10:00:00,119.7,53.7,4.9,179.0,311.0,38.6,40,9.0,972.2
2026-06-30 11:00:00,122.5,53.4,6.3,164.0,331.0,38.8,40,7.9,971.5
2026-06-30 12:00:00,135.0,57.6,9.4,141.0,375.0,39.3,36,10.8,971.3
2026-06-30 13:00:00,127.1,58.7,14.3,124.0,465.0,38.3,36,12.6,971.5
2026-06-30 14:00:00,122.0,59.5,21.0,100.0,578.0,37.7,36,11.2,971.5
2026-06-30 15:00:00,111.5,59.8,26.3,81.0,649.0,37.1,39,7.3,972.0
2026-06-30 16:00:00,103.8,60.5,29.2,71.0,641.0,36.4,42,6.8,971.9
2026-06-30 17:00:00,99.0,62.4,30.6,65.0,591.0,34.1,54,11.2,972.7
2026-06-30 18:00:00,92.9,62.9,30.3,64.0,552.0,35.6,46,5.9,972.9
2026-06-30 19:00:00,87.8,61.0,27.2,69.0,543.0,34.2,53,7.2,972.6
2026-06-30 20:00:00,120.1,65.4,22.3,78.0,545.0,33.3,58,7.6,972.4
2026-06-30 21:00:00,207.2,78.2,18.1,86.0,548.0,32.7,60,10.6,972.4
2026-06-30 22:00:00,328.8,98.5,15.3,90.0,542.0,32.3,66,9.6,972.4
2026-06-30 23:00:00,375.3,107.6,13.2,92.0,536.0,31.9,73,7.9,973.1
2026-07-01 00:00:00,395.8,119.2,13.9,87.0,553.0,31.4,76,8.6,972.6
2026-07-01 01:00:00,374.4,111.5,14.5,87.0,622.0,31.2,77,10.1,972.8
2026-07-01 02:00:00,476.8,123.9,15.1,88.0,712.0,30.6,80,11.6,973.4
2026-07-01 03:00:00,499.2,128.5,14.7,96.0,754.0,31.6,74,16.2,974.3
2026-07-01 04:00:00,540.2,140.6,12.1,120.0,698.0,33.6,67,15.0,974.7
2026-07-01 05:00:00,597.9,156.9,8.4,151.0,593.0,34.8,62,15.8,974.9
2026-07-01 06:00:00,653.8,168.1,5.8,173.0,513.0,34.6,60,12.2,975.2
2026-07-01 07:00:00,665.0,172.3,5.2,178.0,486.0,35.8,56,9.0,974.8
2026-07-01 08:00:00,597.9,158.8,5.7,174.0,484.0,36.8,51,7.4,973.9
2026-07-01 09:00:00,558.8,153.2,6.4,171.0,493.0,37.1,48,7.7,973.4
2026-07-01 10:00:00,594.2,163.4,7.0,173.0,505.0,34.4,58,11.4,973.4
2026-07-01 11:00:00,594.2,163.9,7.8,176.0,529.0,34.3,59,10.5,972.7
2026-07-01 12:00:00,467.5,153.2,9.1,164.0,580.0,36.0,51,10.3,971.8
2026-07-01 13:00:00,349.2,132.7,18.7,139.0,694.0,35.8,50,12.1,971.9
2026-07-01 14:00:00,297.1,127.1,31.7,104.0,834.0,34.2,59,13.4,972.5
2026-07-01 15:00:00,321.3,133.2,39.8,78.0,907.0,32.6,66,13.5,973.4
2026-07-01 16:00:00,345.5,137.4,38.2,72.0,857.0,31.8,70,9.0,975.2
2026-07-01 17:00:00,377.2,137.4,31.6,75.0,739.0,29.3,80,12.6,974.8
2026-07-01 18:00:00,451.7,142.0,25.9,76.0,632.0,28.4,77,15.5,976.4
2026-07-01 19:00:00,510.4,148.5,23.2,69.0,558.0,27.5,81,10.5,975.2
2026-07-01 20:00:00,516.0,149.5,21.5,60.0,493.0,27.2,84,13.6,974.5
2026-07-01 21:00:00,486.2,143.0,20.4,53.0,445.0,27.0,86,10.6,974.5
2026-07-01 22:00:00,388.4,122.9,20.2,48.0,404.0,26.9,86,9.5,975.0
2026-07-01 23:00:00,296.2,102.0,20.7,44.0,379.0,26.7,87,8.0,975.6
2026-07-02 00:00:00,366.0,106.6,19.2,57.0,407.0,25.7,91,12.2,974.8
2026-07-02 01:00:00,394.9,111.8,20.2,61.0,546.0,25.7,89,10.7,976.5
2026-07-02 02:00:00,460.1,119.0,21.3,68.0,737.0,25.2,95,12.8,976.0
2026-07-02 03:00:00,471.2,121.1,20.7,83.0,837.0,25.9,93,9.7,976.0
2026-07-02 04:00:00,442.4,117.6,16.7,114.0,753.0,28.0,83,6.4,976.4
2026-07-02 05:00:00,416.3,114.6,10.9,154.0,578.0,29.9,75,7.1,976.2
2026-07-02 06:00:00,413.5,114.8,6.4,183.0,448.0,30.7,70,5.5,977.5
2026-07-02 07:00:00,399.5,113.4,4.5,194.0,418.0,32.0,65,3.6,977.1
2026-07-02 08:00:00,357.6,107.3,4.0,194.0,434.0,33.0,62,3.8,976.4
2026-07-02 09:00:00,317.6,100.8,4.2,193.0,465.0,33.7,60,4.4,975.6
2026-07-02 10:00:00,286.8,95.2,4.0,195.0,481.0,33.9,59,4.5,974.9
2026-07-02 11:00:00,262.6,90.8,4.6,196.0,514.0,33.7,60,5.6,974.2
2026-07-02 12:00:00,205.4,73.6,7.8,168.0,625.0,33.6,59,8.5,974.5
2026-07-02 13:00:00,188.6,74.7,17.4,144.0,914.0,33.1,60,7.3,974.2
2026-07-02 14:00:00,158.8,76.8,30.8,110.0,1283.0,32.5,63,6.1,974.2
2026-07-02 15:00:00,155.5,79.9,41.4,82.0,1496.0,31.9,67,5.4,974.6
2026-07-02 16:00:00,152.3,83.6,47.3,66.0,1424.0,31.4,70,6.0,975.7
2026-07-02 17:00:00,150.4,86.1,50.4,56.0,1196.0,31.0,70,6.8,976.4
2026-07-02 18:00:00,148.1,86.1,50.3,51.0,974.0,31.3,68,9.5,976.7
2026-07-02 19:00:00,140.6,83.1,44.9,53.0,796.0,30.5,74,9.2,976.7
2026-07-02 20:00:00,130.4,78.7,36.2,60.0,623.0,30.1,76,7.9,976.3
2026-07-02 21:00:00,117.6,73.3,29.7,65.0,497.0,29.8,78,7.6,976.3
2026-07-02 22:00:00,102.0,67.1,28.1,61.0,433.0,29.5,80,8.3,976.6
2026-07-02 23:00:00,84.8,60.3,28.5,54.0,416.0,29.3,81,8.3,976.7
2026-07-03 00:00:00,56.3,48.0,21.4,76.0,440.0,29.5,82,5.0,977.2
2026-07-03 01:00:00,53.2,47.6,20.5,89.0,542.0,29.5,82,4.8,977.6
2026-07-03 02:00:00,41.8,38.5,19.0,107.0,685.0,30.8,75,4.7,977.6
2026-07-03 03:00:00,28.1,27.1,16.8,126.0,759.0,32.2,69,10.3,977.3
2026-07-03 04:00:00,23.2,22.8,13.1,147.0,690.0,33.6,60,13.5,976.9
2026-07-03 05:00:00,24.0,21.5,8.6,169.0,551.0,34.7,56,13.1,976.7
2026-07-03 06:00:00,28.1,22.1,5.3,187.0,454.0,35.9,50,5.3,977.8
2026-07-03 07:00:00,32.1,23.3,4.1,198.0,444.0,35.2,52,6.0,977.6
2026-07-03 08:00:00,33.6,23.9,4.1,204.0,476.0,35.6,49,3.5,977.0
2026-07-03 09:00:00,34.3,24.3,4.7,208.0,520.0,36.2,47,2.6,975.7
2026-07-03 10:00:00,35.4,24.7,5.0,211.0,575.0,36.8,45,0.2,974.9
2026-07-03 11:00:00,35.7,25.2,5.9,212.0,642.0,36.8,45,1.8,974.1
2026-07-03 12:00:00,82.4,49.2,9.0,204.0,698.0,37.1,43,7.0,973.3
2026-07-03 13:00:00,82.0,50.8,20.6,175.0,728.0,36.1,46,8.4,973.8
2026-07-03 14:00:00,78.5,57.2,36.2,135.0,747.0,35.4,47,8.2,973.9
2026-07-03 15:00:00,75.7,59.6,46.2,104.0,777.0,35.0,48,7.2,974.3
2026-07-03 16:00:00,72.6,58.6,45.1,91.0,845.0,34.4,51,7.7,975.1
2026-07-03 17:00:00,67.5,55.2,38.3,88.0,923.0,33.3,58,7.9,975.3
2026-07-03 18:00:00,61.0,51.3,31.9,85.0,954.0,33.2,60,7.5,974.8
2026-07-03 19:00:00,53.8,46.9,27.7,81.0,894.0,32.4,64,6.1,974.8
2026-07-03 20:00:00,48.9,43.8,23.9,77.0,786.0,32.1,66,5.1,974.9
2026-07-03 21:00:00,47.1,42.5,21.9,73.0,698.0,31.7,67,5.3,975.2
2026-07-03 22:00:00,47.3,42.4,22.9,64.0,651.0,31.4,68,4.6,975.1
2026-07-03 23:00:00,47.8,43.0,25.6,53.0,624.0,31.1,68,5.6,975.0
2026-07-04 00:00:00,53.8,46.9,25.2,58.0,624.0,29.1,77,11.5,975.7
2026-07-04 01:00:00,52.7,47.0,23.6,71.0,679.0,28.5,82,5.0,975.3
2026-07-04 02:00:00,52.5,46.0,21.2,89.0,762.0,30.8,71,3.8,975.9
2026-07-04 03:00:00,50.4,43.5,18.1,111.0,796.0,33.2,59,4.8,976.0
2026-07-04 04:00:00,48.5,41.7,13.8,140.0,729.0,34.2,57,8.1,975.8
2026-07-04 05:00:00,48.9,41.3,8.9,172.0,614.0,35.2,54,8.0,975.8
2026-07-04 06:00:00,51.3,41.1,5.3,195.0,531.0,35.7,49,8.5,976.2
2026-07-04 07:00:00,49.6,39.0,3.9,203.0,515.0,36.8,46,6.9,975.3
2026-07-04 08:00:00,48.2,37.5,3.8,201.0,532.0,37.0,44,5.7,974.3
2026-07-04 09:00:00,46.1,35.9,4.3,199.0,559.0,37.7,42,5.2,973.6
2026-07-04 10:00:00,45.3,35.3,4.5,201.0,573.0,37.8,41,4.8,972.8
2026-07-04 11:00:00,51.3,38.5,5.4,203.0,597.0,37.7,41,3.9,972.0
2026-07-04 12:00:00,103.6,75.9,9.7,202.0,679.0,37.6,46,4.8,971.7
2026-07-04 13:00:00,102.7,77.3,24.0,170.0,882.0,36.9,47,6.3,971.2
2026-07-04 14:00:00,106.4,83.4,43.5,125.0,1142.0,36.2,48,5.5,971.3
2026-07-04 15:00:00,107.6,89.6,55.9,92.0,1317.0,35.2,53,7.5,971.8
2026-07-04 16:00:00,103.6,87.5,54.9,82.0,1347.0,34.1,59,9.1,972.2
2026-07-04 17:00:00,99.4,84.5,46.8,85.0,1292.0,33.2,65,9.1,972.6
2026-07-04 18:00:00,93.8,80.1,38.8,89.0,1187.0,33.7,65,8.9,972.5
2026-07-04 19:00:00,87.1,74.7,32.6,94.0,1009.0,33.2,64,8.4,972.9
2026-07-04 20:00:00,81.3,70.1,26.4,101.0,781.0,32.8,67,7.9,972.7
2026-07-04 21:00:00,77.3,67.5,22.5,104.0,608.0,32.4,68,8.2,972.4
2026-07-04 22:00:00,75.9,66.6,22.6,95.0,531.0,32.0,70,6.9,972.5
2026-07-04 23:00:00,76.6,67.1,25.0,82.0,508.0,30.0,76,14.8,973.4
2026-07-05 00:00:00,84.8,66.4,21.6,93.0,517.0,30.0,69,12.8,973.7
2026-07-05 01:00:00,87.8,66.1,20.9,100.0,579.0,28.6,86,4.5,973.7
2026-07-05 02:00:00,93.6,66.8,19.9,111.0,674.0,30.3,77,8.3,974.2
2026-07-05 03:00:00,94.3,65.2,17.9,128.0,719.0,31.8,73,4.6,974.5
2026-07-05 04:00:00,90.6,64.7,14.2,157.0,660.0,33.9,64,4.3,974.6
2026-07-05 05:00:00,94.8,66.8,9.6,191.0,551.0,35.6,56,5.1,974.3
2026-07-05 06:00:00,99.2,68.5,6.0,217.0,469.0,35.5,54,5.8,975.0
2026-07-05 07:00:00,102.2,70.1,4.3,226.0,449.0,36.2,51,5.9,974.4
2026-07-05 08:00:00,103.8,71.0,3.8,226.0,457.0,37.1,48,4.9,973.7
2026-07-05 09:00:00,103.1,70.3,3.8,223.0,464.0,37.3,47,4.0,973.0
2026-07-05 10:00:00,100.8,68.5,3.1,224.0,450.0,37.8,46,1.4,972.2
2026-07-05 11:00:00,98.7,67.1,3.0,222.0,435.0,37.9,42,0.9,971.4
2026-07-05 12:00:00,132.7,91.3,7.5,210.0,454.0,37.4,46,1.5,970.9
2026-07-05 13:00:00,131.8,90.8,21.1,179.0,541.0,37.1,45,3.1,970.4
2026-07-05 14:00:00,135.5,98.3,39.6,136.0,662.0,36.6,46,3.3,970.8
2026-07-05 15:00:00,143.9,110.8,51.7,103.0,751.0,35.6,52,6.3,971.3
2026-07-05 16:00:00,138.8,113.2,51.7,88.0,780.0,34.5,58,7.6,972.3
2026-07-05 17:00:00,131.8,111.1,45.3,83.0,778.0,33.7,62,8.0,972.8
2026-07-05 18:00:00,122.5,105.5,38.4,81.0,760.0,34.1,64,8.0,972.7
2026-07-05 19:00:00,113.4,99.2,32.4,83.0,724.0,33.7,64,7.8,972.4
2026-07-05 20:00:00,106.4,94.1,26.0,89.0,674.0,33.2,63,8.3,972.5
2026-07-05 21:00:00,101.7,90.3,20.9,94.0,636.0,32.6,67,7.1,972.4
2026-07-05 22:00:00,97.8,87.5,17.5,95.0,616.0,32.2,71,6.5,972.2
2026-07-05 23:00:00,91.3,82.7,15.4,95.0,607.0,31.7,74,7.6,972.6
2026-07-06 00:00:00,72.4,67.3,14.6,95.0,623.0,30.7,75,10.6,973.2
2026-07-06 01:00:00,62.9,57.4,15.9,98.0,692.0,29.7,80,12.0,974.1
2026-07-06 02:00:00,53.6,49.5,17.6,102.0,784.0,30.0,78,9.6,974.7
2026-07-06 03:00:00,38.5,35.2,17.7,111.0,824.0,31.4,71,9.6,975.1
2026-07-06 04:00:00,34.0,30.0,14.7,129.0,759.0,33.0,63,10.9,975.1
2026-07-06 05:00:00,33.4,29.0,10.1,152.0,641.0,34.4,57,10.6,975.0
2026-07-06 06:00:00,34.1,29.7,6.6,170.0,555.0,33.0,60,9.6,975.5
2026-07-06 07:00:00,35.2,30.2,5.3,179.0,535.0,33.3,60,7.6,974.8
2026-07-06 08:00:00,35.4,30.5,5.1,182.0,545.0,34.6,56,7.6,974.1
2026-07-06 09:00:00,35.7,30.9,5.6,181.0,567.0,35.3,53,6.7,973.2
2026-07-06 10:00:00,35.7,30.9,5.8,177.0,594.0,35.8,52,5.2,972.6
2026-07-06 11:00:00,34.9,30.3,6.8,170.0,632.0,35.9,53,5.0,971.9
2026-07-06 12:00:00,83.8,67.8,10.2,170.0,675.0,36.1,50,4.1,971.6
2026-07-06 13:00:00,84.1,69.2,23.3,141.0,725.0,35.2,53,6.1,971.7
2026-07-06 14:00:00,85.7,75.7,41.2,101.0,780.0,34.2,58,8.2,972.0
2026-07-06 15:00:00,85.7,78.0,53.4,70.0,835.0,33.2,63,8.0,972.6
2026-07-06 16:00:00,82.7,75.7,55.1,58.0,907.0,32.5,67,7.0,973.4
2026-07-06 17:00:00,81.5,74.7,51.2,55.0,979.0,32.0,71,7.4,973.9
2026-07-06 18:00:00,80.8,73.8,45.8,55.0,994.0,32.6,67,1.8,974.4
2026-07-06 19:00:00,79.6,71.0,38.5,60.0,900.0,31.4,76,4.8,973.6
2026-07-06 20:00:00,80.3,68.2,29.8,68.0,749.0,31.0,76,5.2,973.2
2026-07-06 21:00:00,84.1,67.3,24.9,71.0,645.0,30.6,78,8.0,973.2
2026-07-06 22:00:00,94.5,73.1,28.0,60.0,628.0,30.1,82,6.6,973.0
2026-07-06 23:00:00,99.2,78.5,34.9,43.0,657.0,29.9,83,6.8,973.6
2026-07-07 00:00:00,97.3,80.3,38.3,39.0,713.0,29.5,83,6.3,973.6
2026-07-07 01:00:00,94.5,81.0,34.4,56.0,811.0,29.4,83,6.6,973.7
2026-07-07 02:00:00,100.1,73.6,27.0,86.0,936.0,30.0,79,6.0,974.2
2026-07-07 03:00:00,91.3,59.5,20.0,116.0,1022.0,31.4,75,4.5,974.5
2026-07-07 04:00:00,71.9,54.7,14.3,145.0,1041.0,33.1,69,4.2,974.7
2026-07-07 05:00:00,61.9,51.6,8.9,175.0,1021.0,34.6,62,3.6,974.6
2026-07-07 06:00:00,57.4,49.2,5.2,198.0,979.0,35.8,56,2.6,974.4
2026-07-07 07:00:00,58.6,49.8,3.9,212.0,899.0,36.3,53,3.2,973.9
2026-07-07 08:00:00,62.4,52.0,4.2,219.0,797.0,37.1,50,2.2,972.9
2026-07-07 09:00:00,66.8,54.7,5.0,222.0,738.0,37.9,47,3.8,971.8
2026-07-07 10:00:00,69.4,55.9,4.4,223.0,701.0,38.2,46,4.3,971.0
2026-07-07 11:00:00,69.8,55.4,4.4,219.0,708.0,37.9,46,5.0,970.7
2026-07-07 12:00:00,69.2,54.7,9.6,204.0,888.0,37.5,47,5.9,970.4
2026-07-07 13:00:00,68.5,56.5,24.2,168.0,1456.0,36.6,49,5.9,970.1
2026-07-07 14:00:00,71.5,61.9,44.1,120.0,2198.0,35.9,52,5.5,970.6
2026-07-07 15:00:00,80.1,70.3,61.8,79.0,2597.0,35.3,55,4.5,971.3
2026-07-07 16:00:00,88.0,78.0,75.4,53.0,2327.0,34.5,60,5.1,971.8
2026-07-07 17:00:00,93.6,83.8,86.9,34.0,1714.0,33.4,66,6.2,971.9
2026-07-07 18:00:00,98.3,88.9,94.9,21.0,1225.0,32.7,69,7.2,971.9
2026-07-07 19:00:00,99.7,90.8,98.4,14.0,1049.0,32.3,71,6.7,971.7
2026-07-07 20:00:00,102.9,93.4,98.3,13.0,996.0,31.9,73,5.1,971.6
2026-07-07 21:00:00,109.0,99.0,96.2,13.0,970.0,31.5,74,4.3,971.6
2026-07-07 22:00:00,116.9,106.2,93.0,8.0,942.0,31.1,76,5.8,971.7
2026-07-07 23:00:00,119.7,110.6,87.8,3.0,940.0,30.8,77,6.0,971.8
